#pragma once
#include <windows.h>
static const BYTE LNV_SYS_DATA[] = {
    0x4D,0x5A,0x90,0x00,0x03,0x00,0x00,0x00,0x04,0x00,0x00,0x00,0xFF,0xFF,0x00,0x00,
    0xB8,0x00,0x00,0x00,0x00,0x00,0x00,0x00,0x40,0x00,0x00,0x00,0x00,0x00,0x00,0x00,
    0x00,0x00,0x00,0x00,0x00,0x00,0x00,0x00,0x00,0x00,0x00,0x00,0x00,0x00,0x00,0x00,
    0x00,0x00,0x00,0x00,0x00,0x00,0x00,0x00,0x00,0x00,0x00,0x00,0xF0,0x00,0x00,0x00,
    0x0E,0x1F,0xBA,0x0E,0x00,0xB4,0x09,0xCD,0x21,0xB8,0x01,0x4C,0xCD,0x21,0x54,0x68,
    0x69,0x73,0x20,0x70,0x72,0x6F,0x67,0x72,0x61,0x6D,0x20,0x63,0x61,0x6E,0x6E,0x6F,
    0x74,0x20,0x62,0x65,0x20,0x72,0x75,0x6E,0x20,0x69,0x6E,0x20,0x44,0x4F,0x53,0x20,
    0x6D,0x6F,0x64,0x65,0x2E,0x0D,0x0D,0x0A,0x24,0x00,0x00,0x00,0x00,0x00,0x00,0x00,
    0xA5,0xD9,0x46,0xAE,0xE1,0xB8,0x28,0xFD,0xE1,0xB8,0x28,0xFD,0xE1,0xB8,0x28,0xFD,
    0xAA,0xC0,0x2F,0xFC,0xE2,0xB8,0x28,0xFD,0xAA,0xC0,0x2D,0xFC,0xE0,0xB8,0x28,0xFD,
    0xAA,0xC0,0x2B,0xFC,0xE4,0xB8,0x28,0xFD,0xAA,0xC0,0x2C,0xFC,0xE7,0xB8,0x28,0xFD,
    0xAA,0xC0,0x29,0xFC,0xE8,0xB8,0x28,0xFD,0xE1,0xB8,0x29,0xFD,0xC2,0xB8,0x28,0xFD,
    0xA9,0x3D,0x2C,0xFC,0xE0,0xB8,0x28,0xFD,0xA9,0x3D,0xD7,0xFD,0xE0,0xB8,0x28,0xFD,
    0xA9,0x3D,0x2A,0xFC,0xE0,0xB8,0x28,0xFD,0x52,0x69,0x63,0x68,0xE1,0xB8,0x28,0xFD,
    0x00,0x00,0x00,0x00,0x00,0x00,0x00,0x00,0x00,0x00,0x00,0x00,0x00,0x00,0x00,0x00,
    0x50,0x45,0x00,0x00,0x64,0x86,0x07,0x00,0x2D,0xC8,0x3E,0x67,0x00,0x00,0x00,0x00,
    0x00,0x00,0x00,0x00,0xF0,0x00,0x22,0x00,0x0B,0x02,0x0E,0x29,0x00,0x2E,0x00,0x00,
    0x00,0x1A,0x00,0x00,0x00,0x00,0x00,0x00,0x40,0x2C,0x00,0x00,0x00,0x10,0x00,0x00,
    0x00,0x00,0x00,0x40,0x01,0x00,0x00,0x00,0x00,0x10,0x00,0x00,0x00,0x02,0x00,0x00,
    0x0A,0x00,0x00,0x00,0x0A,0x00,0x00,0x00,0x0A,0x00,0x00,0x00,0x00,0x00,0x00,0x00,
    0x00,0xA0,0x00,0x00,0x00,0x04,0x00,0x00,0xC7,0xB2,0x00,0x00,0x01,0x00,0xE0,0x41,
    0x00,0x00,0x10,0x00,0x00,0x00,0x00,0x00,0x00,0x10,0x00,0x00,0x00,0x00,0x00,0x00,
    0x00,0x00,0x10,0x00,0x00,0x00,0x00,0x00,0x00,0x10,0x00,0x00,0x00,0x00,0x00,0x00,
    0x00,0x00,0x00,0x00,0x10,0x00,0x00,0x00,0x00,0x00,0x00,0x00,0x00,0x00,0x00,0x00,
    0x30,0x70,0x00,0x00,0x64,0x00,0x00,0x00,0x00,0x80,0x00,0x00,0x80,0x03,0x00,0x00,
    0x00,0x60,0x00,0x00,0x40,0x02,0x00,0x00,0x00,0x4A,0x00,0x00,0xF0,0x53,0x00,0x00,
    0x00,0x90,0x00,0x00,0x34,0x00,0x00,0x00,0x50,0x46,0x00,0x00,0x54,0x00,0x00,0x00,
    0x00,0x00,0x00,0x00,0x00,0x00,0x00,0x00,0x00,0x00,0x00,0x00,0x00,0x00,0x00,0x00,
    0x00,0x00,0x00,0x00,0x00,0x00,0x00,0x00,0x10,0x45,0x00,0x00,0x40,0x01,0x00,0x00,
    0x00,0x00,0x00,0x00,0x00,0x00,0x00,0x00,0x00,0x40,0x00,0x00,0x38,0x01,0x00,0x00,
    0x00,0x00,0x00,0x00,0x00,0x00,0x00,0x00,0x00,0x00,0x00,0x00,0x00,0x00,0x00,0x00,
    0x00,0x00,0x00,0x00,0x00,0x00,0x00,0x00,0x2E,0x74,0x65,0x78,0x74,0x00,0x00,0x00,
    0x3D,0x27,0x00,0x00,0x00,0x10,0x00,0x00,0x00,0x28,0x00,0x00,0x00,0x04,0x00,0x00,
    0x00,0x00,0x00,0x00,0x00,0x00,0x00,0x00,0x00,0x00,0x00,0x00,0x20,0x00,0x00,0x68,
    0x2E,0x72,0x64,0x61,0x74,0x61,0x00,0x00,0xAC,0x0B,0x00,0x00,0x00,0x40,0x00,0x00,
    0x00,0x0C,0x00,0x00,0x00,0x2C,0x00,0x00,0x00,0x00,0x00,0x00,0x00,0x00,0x00,0x00,
    0x00,0x00,0x00,0x00,0x40,0x00,0x00,0x48,0x2E,0x64,0x61,0x74,0x61,0x00,0x00,0x00,
    0x08,0x03,0x00,0x00,0x00,0x50,0x00,0x00,0x00,0x02,0x00,0x00,0x00,0x38,0x00,0x00,
    0x00,0x00,0x00,0x00,0x00,0x00,0x00,0x00,0x00,0x00,0x00,0x00,0x40,0x00,0x00,0xC8,
    0x2E,0x70,0x64,0x61,0x74,0x61,0x00,0x00,0x40,0x02,0x00,0x00,0x00,0x60,0x00,0x00,
    0x00,0x04,0x00,0x00,0x00,0x3A,0x00,0x00,0x00,0x00,0x00,0x00,0x00,0x00,0x00,0x00,
    0x00,0x00,0x00,0x00,0x40,0x00,0x00,0x48,0x49,0x4E,0x49,0x54,0x00,0x00,0x00,0x00,
    0x22,0x05,0x00,0x00,0x00,0x70,0x00,0x00,0x00,0x06,0x00,0x00,0x00,0x3E,0x00,0x00,
    0x00,0x00,0x00,0x00,0x00,0x00,0x00,0x00,0x00,0x00,0x00,0x00,0x20,0x00,0x00,0x62,
    0x2E,0x72,0x73,0x72,0x63,0x00,0x00,0x00,0x80,0x03,0x00,0x00,0x00,0x80,0x00,0x00,
    0x00,0x04,0x00,0x00,0x00,0x44,0x00,0x00,0x00,0x00,0x00,0x00,0x00,0x00,0x00,0x00,
    0x00,0x00,0x00,0x00,0x40,0x00,0x00,0x42,0x2E,0x72,0x65,0x6C,0x6F,0x63,0x00,0x00,
    0x34,0x00,0x00,0x00,0x00,0x90,0x00,0x00,0x00,0x02,0x00,0x00,0x00,0x48,0x00,0x00,
    0x00,0x00,0x00,0x00,0x00,0x00,0x00,0x00,0x00,0x00,0x00,0x00,0x40,0x00,0x00,0x42,
    0x00,0x00,0x00,0x00,0x00,0x00,0x00,0x00,0x00,0x00,0x00,0x00,0x00,0x00,0x00,0x00,
    0x00,0x00,0x00,0x00,0x00,0x00,0x00,0x00,0x00,0x00,0x00,0x00,0x00,0x00,0x00,0x00,
    0x00,0x00,0x00,0x00,0x00,0x00,0x00,0x00,0x00,0x00,0x00,0x00,0x00,0x00,0x00,0x00,
    0x00,0x00,0x00,0x00,0x00,0x00,0x00,0x00,0x00,0x00,0x00,0x00,0x00,0x00,0x00,0x00,
    0x00,0x00,0x00,0x00,0x00,0x00,0x00,0x00,0x00,0x00,0x00,0x00,0x00,0x00,0x00,0x00,
    0x00,0x00,0x00,0x00,0x00,0x00,0x00,0x00,0x00,0x00,0x00,0x00,0x00,0x00,0x00,0x00,
    0x00,0x00,0x00,0x00,0x00,0x00,0x00,0x00,0x00,0x00,0x00,0x00,0x00,0x00,0x00,0x00,
    0x00,0x00,0x00,0x00,0x00,0x00,0x00,0x00,0x00,0x00,0x00,0x00,0x00,0x00,0x00,0x00,
    0x00,0x00,0x00,0x00,0x00,0x00,0x00,0x00,0x00,0x00,0x00,0x00,0x00,0x00,0x00,0x00,
    0x00,0x00,0x00,0x00,0x00,0x00,0x00,0x00,0x00,0x00,0x00,0x00,0x00,0x00,0x00,0x00,
    0x00,0x00,0x00,0x00,0x00,0x00,0x00,0x00,0x00,0x00,0x00,0x00,0x00,0x00,0x00,0x00,
    0x00,0x00,0x00,0x00,0x00,0x00,0x00,0x00,0x00,0x00,0x00,0x00,0x00,0x00,0x00,0x00,
    0x00,0x00,0x00,0x00,0x00,0x00,0x00,0x00,0x00,0x00,0x00,0x00,0x00,0x00,0x00,0x00,
    0x00,0x00,0x00,0x00,0x00,0x00,0x00,0x00,0x00,0x00,0x00,0x00,0x00,0x00,0x00,0x00,
    0x00,0x00,0x00,0x00,0x00,0x00,0x00,0x00,0x00,0x00,0x00,0x00,0x00,0x00,0x00,0x00,
    0x44,0x89,0x4C,0x24,0x20,0x4C,0x89,0x44,0x24,0x18,0x48,0x89,0x54,0x24,0x10,0x48,
    0x89,0x4C,0x24,0x08,0x48,0x83,0x3D,0x8C,0x40,0x00,0x00,0x00,0x74,0x07,0xB8,0x22,
    0x00,0x00,0xC0,0xEB,0x0E,0x48,0x8B,0x44,0x24,0x08,0x48,0x89,0x05,0x77,0x40,0x00,
    0x00,0x33,0xC0,0xC3,0xCC,0xCC,0xCC,0xCC,0xCC,0xCC,0xCC,0xCC,0xCC,0xCC,0xCC,0xCC,
    0x4C,0x89,0x4C,0x24,0x20,0x44,0x89,0x44,0x24,0x18,0x48,0x89,0x54,0x24,0x10,0x48,
    0x89,0x4C,0x24,0x08,0x57,0x48,0x83,0xEC,0x60,0x41,0xB8,0x10,0x00,0x00,0x00,0x48,
    0x8D,0x15,0xDA,0x31,0x00,0x00,0x48,0x8B,0x4C,0x24,0x70,0xE8,0xC0,0x19,0x00,0x00,
    0x85,0xC0,0x0F,0x85,0xEF,0x00,0x00,0x00,0x8B,0x84,0x24,0x80,0x00,0x00,0x00,0x48,
    0x83,0xF8,0x04,0x0F,0x85,0xDE,0x00,0x00,0x00,0x48,0x83,0x7C,0x24,0x78,0x00,0x0F,
    0x84,0xD2,0x00,0x00,0x00,0x48,0x8B,0x44,0x24,0x78,0x8B,0x00,0x89,0x44,0x24,0x40,
    0xC7,0x44,0x24,0x44,0x00,0x00,0x00,0x00,0x41,0xB8,0x63,0x70,0x73,0x64,0xBA,0x28,
    0x0A,0x00,0x00,0xB9,0x00,0x01,0x00,0x00,0xFF,0x15,0x62,0x30,0x00,0x00,0x48,0x89,
    0x44,0x24,0x48,0x48,0x83,0x7C,0x24,0x48,0x00,0x0F,0x84,0x98,0x00,0x00,0x00,0x48,
    0x8B,0x7C,0x24,0x48,0x33,0xC0,0xB9,0x28,0x0A,0x00,0x00,0xF3,0xAA,0x48,0x8B,0x44,
    0x24,0x48,0xC7,0x00,0x02,0x00,0x00,0x00,0x48,0x8B,0x44,0x24,0x48,0x8B,0x4C,0x24,
    0x40,0x89,0x48,0x08,0x48,0x8D,0x44,0x24,0x50,0x48,0x8B,0xF8,0x33,0xC0,0xB9,0x08,
    0x00,0x00,0x00,0xF3,0xAA,0x48,0xC7,0x44,0x24,0x50,0x80,0x69,0x67,0xFF,0x48,0x83,
    0x3D,0x82,0x3F,0x00,0x00,0x00,0x74,0x3E,0x48,0x8D,0x44,0x24,0x50,0x48,0x89,0x44,
    0x24,0x30,0x48,0xC7,0x44,0x24,0x28,0x00,0x00,0x00,0x00,0x48,0xC7,0x44,0x24,0x20,
    0x00,0x00,0x00,0x00,0x41,0xB9,0x28,0x0A,0x00,0x00,0x4C,0x8B,0x44,0x24,0x48,0x48,
    0x8D,0x15,0x62,0x3F,0x00,0x00,0x48,0x8B,0x0D,0x4B,0x3F,0x00,0x00,0xE8,0x1B,0x18,
    0x00,0x00,0x89,0x44,0x24,0x44,0xBA,0x63,0x70,0x73,0x64,0x48,0x8B,0x4C,0x24,0x48,
    0xFF,0x15,0xB2,0x2F,0x00,0x00,0x90,0x33,0xC0,0x48,0x83,0xC4,0x60,0x5F,0xC3,0xCC,
    0x48,0x89,0x4C,0x24,0x08,0x48,0x83,0xEC,0x28,0x48,0x83,0x3D,0x17,0x3F,0x00,0x00,
    0x00,0x74,0x28,0x48,0x83,0x3D,0x1D,0x3F,0x00,0x00,0x00,0x74,0x1E,0x48,0x8D,0x15,
    0x14,0x3F,0x00,0x00,0x48,0x8B,0x0D,0xFD,0x3E,0x00,0x00,0xE8,0xC7,0x17,0x00,0x00,
    0x48,0xC7,0x05,0xFD,0x3E,0x00,0x00,0x00,0x00,0x00,0x00,0x48,0x83,0xC4,0x28,0xC3,
    0x48,0x89,0x54,0x24,0x10,0x48,0x89,0x4C,0x24,0x08,0x57,0x48,0x83,0xEC,0x70,0x48,
    0xC7,0x44,0x24,0x48,0x00,0x00,0x00,0x00,0x48,0x8B,0x94,0x24,0x88,0x00,0x00,0x00,
    0x48,0x8B,0x8C,0x24,0x80,0x00,0x00,0x00,0xE8,0x93,0x01,0x00,0x00,0x48,0x8D,0x15,
    0x8C,0x24,0x00,0x00,0x48,0x8D,0x4C,0x24,0x50,0xFF,0x15,0xE9,0x2E,0x00,0x00,0x48,
    0x8D,0x44,0x24,0x48,0x48,0x89,0x44,0x24,0x30,0xC6,0x44,0x24,0x28,0x00,0xC7,0x44,
    0x24,0x20,0x00,0x01,0x00,0x00,0x41,0xB9,0x40,0x9C,0x00,0x00,0x4C,0x8D,0x44,0x24,
    0x50,0x33,0xD2,0x48,0x8B,0x8C,0x24,0x80,0x00,0x00,0x00,0xFF,0x15,0x77,0x2E,0x00,
    0x00,0x89,0x44,0x24,0x44,0x83,0x7C,0x24,0x44,0x00,0x7D,0x15,0xC7,0x05,0x7A,0x3E,
    0x00,0x00,0xFF,0xFF,0xFF,0xFF,0x8B,0x44,0x24,0x44,0xE9,0x1E,0x01,0x00,0x00,0xEB,
    0x0A,0xC7,0x05,0x65,0x3E,0x00,0x00,0x00,0x00,0x00,0x00,0xB8,0x08,0x00,0x00,0x00,
    0x48,0x6B,0xC0,0x00,0x48,0x8B,0x8C,0x24,0x80,0x00,0x00,0x00,0x48,0x8D,0x15,0x1D,
    0x03,0x00,0x00,0x48,0x89,0x54,0x01,0x70,0xB8,0x08,0x00,0x00,0x00,0x48,0x6B,0xC0,
    0x02,0x48,0x8B,0x8C,0x24,0x80,0x00,0x00,0x00,0x48,0x8D,0x15,0x00,0x03,0x00,0x00,
    0x48,0x89,0x54,0x01,0x70,0xB8,0x08,0x00,0x00,0x00,0x48,0x6B,0xC0,0x0E,0x48,0x8B,
    0x8C,0x24,0x80,0x00,0x00,0x00,0x48,0x8D,0x15,0xE3,0x02,0x00,0x00,0x48,0x89,0x54,
    0x01,0x70,0x48,0x8B,0x84,0x24,0x80,0x00,0x00,0x00,0x48,0x8D,0x0D,0x4F,0x10,0x00,
    0x00,0x48,0x89,0x48,0x68,0x48,0x8D,0x44,0x24,0x40,0x48,0x8B,0xF8,0x33,0xC0,0xB9,
    0x01,0x00,0x00,0x00,0xF3,0xAA,0xC7,0x44,0x24,0x20,0x01,0x00,0x00,0x00,0x4C,0x8D,
    0x4C,0x24,0x40,0x45,0x33,0xC0,0x33,0xD2,0xB9,0x42,0x00,0x00,0x00,0xFF,0x15,0xE5,
    0x2D,0x00,0x00,0x89,0x44,0x24,0x44,0x83,0x7C,0x24,0x44,0x00,0x7C,0x32,0x0F,0xB6,
    0x44,0x24,0x40,0x85,0xC0,0x74,0x29,0x48,0x8D,0x05,0x92,0x3D,0x00,0x00,0x48,0x89,
    0x44,0x24,0x20,0x45,0x33,0xC9,0x4C,0x8D,0x05,0x33,0xFD,0xFF,0xFF,0x48,0x8D,0x15,
    0x2C,0x2F,0x00,0x00,0x48,0x8B,0x4C,0x24,0x48,0xFF,0x15,0x91,0x2D,0x00,0x00,0x90,
    0x48,0x8D,0x15,0x79,0x23,0x00,0x00,0x48,0x8D,0x4C,0x24,0x60,0xFF,0x15,0xA6,0x2D,
    0x00,0x00,0x48,0x8D,0x54,0x24,0x50,0x48,0x8D,0x4C,0x24,0x60,0xFF,0x15,0xE6,0x2D,
    0x00,0x00,0x89,0x44,0x24,0x44,0x83,0x7C,0x24,0x44,0x00,0x7D,0x0C,0x48,0x8B,0x4C,
    0x24,0x48,0xFF,0x15,0x48,0x2D,0x00,0x00,0x90,0x8B,0x44,0x24,0x44,0x48,0x83,0xC4,
    0x70,0x5F,0xC3,0xCC,0xCC,0xCC,0xCC,0xCC,0xCC,0xCC,0xCC,0xCC,0xCC,0xCC,0xCC,0xCC,
    0x48,0x89,0x54,0x24,0x10,0x48,0x89,0x4C,0x24,0x08,0x57,0x48,0x81,0xEC,0x90,0x00,
    0x00,0x00,0xC7,0x44,0x24,0x40,0x00,0x00,0x00,0x00,0x48,0xC7,0x44,0x24,0x48,0x00,
    0x00,0x00,0x00,0x48,0x8D,0x44,0x24,0x60,0x48,0x8B,0xF8,0x33,0xC0,0xB9,0x30,0x00,
    0x00,0x00,0xF3,0xAA,0x48,0x8D,0x44,0x24,0x50,0x48,0x8B,0xF8,0x33,0xC0,0xB9,0x10,
    0x00,0x00,0x00,0xF3,0xAA,0x4C,0x8D,0x05,0xDC,0x3C,0x00,0x00,0x48,0x8D,0x15,0x0D,
    0x2E,0x00,0x00,0x48,0x8B,0x8C,0x24,0xA0,0x00,0x00,0x00,0xE8,0x79,0x15,0x00,0x00,
    0x89,0x44,0x24,0x40,0x83,0x7C,0x24,0x40,0x00,0x7D,0x05,0xE9,0x02,0x01,0x00,0x00,
    0xBA,0x01,0x00,0x1F,0x00,0x48,0x8D,0x4C,0x24,0x48,0xE8,0x84,0x15,0x00,0x00,0x89,
    0x44,0x24,0x40,0x83,0x7C,0x24,0x40,0x00,0x7D,0x05,0xE9,0xE3,0x00,0x00,0x00,0x48,
    0x8D,0x15,0xCA,0x22,0x00,0x00,0x48,0x8D,0x4C,0x24,0x50,0xFF,0x15,0xC7,0x2C,0x00,
    0x00,0x90,0xC7,0x44,0x24,0x60,0x30,0x00,0x00,0x00,0x48,0xC7,0x44,0x24,0x68,0x00,
    0x00,0x00,0x00,0xC7,0x44,0x24,0x78,0x40,0x02,0x00,0x00,0x48,0x8D,0x44,0x24,0x50,
    0x48,0x89,0x44,0x24,0x70,0x48,0x8B,0x44,0x24,0x48,0x48,0x89,0x84,0x24,0x80,0x00,
    0x00,0x00,0x48,0xC7,0x84,0x24,0x88,0x00,0x00,0x00,0x00,0x00,0x00,0x00,0xC7,0x44,
    0x24,0x38,0x01,0x00,0x00,0x00,0x48,0x8D,0x05,0x03,0x06,0x00,0x00,0x48,0x89,0x44,
    0x24,0x30,0x48,0x8D,0x05,0x07,0xFD,0xFF,0xFF,0x48,0x89,0x44,0x24,0x28,0x48,0x8D,
    0x05,0x8B,0xFB,0xFF,0xFF,0x48,0x89,0x44,0x24,0x20,0x45,0x33,0xC9,0x4C,0x8D,0x44,
    0x24,0x60,0x48,0x8D,0x15,0x17,0x3C,0x00,0x00,0x48,0x8B,0x0D,0x08,0x3C,0x00,0x00,
    0xE8,0xC6,0x14,0x00,0x00,0x89,0x44,0x24,0x40,0x48,0x8B,0x4C,0x24,0x48,0xE8,0xD6,
    0x14,0x00,0x00,0x83,0x7C,0x24,0x40,0x00,0x7D,0x02,0xEB,0x36,0x48,0x8B,0x0D,0xE5,
    0x3B,0x00,0x00,0xE8,0x9D,0x14,0x00,0x00,0x89,0x44,0x24,0x40,0x83,0x7C,0x24,0x40,
    0x00,0x7D,0x02,0xEB,0x1D,0x33,0xD2,0x48,0x8D,0x0D,0x52,0x06,0x00,0x00,0xFF,0x15,
    0xEC,0x2B,0x00,0x00,0x89,0x44,0x24,0x40,0x33,0xC0,0x85,0xC0,0x0F,0x85,0xD3,0xFE,
    0xFF,0xFF,0x83,0x7C,0x24,0x40,0x00,0x7D,0x08,0x33,0xC9,0xE8,0x10,0x00,0x00,0x00,
    0x90,0x8B,0x44,0x24,0x40,0x48,0x81,0xC4,0x90,0x00,0x00,0x00,0x5F,0xC3,0xCC,0xCC,
    0x89,0x4C,0x24,0x08,0x48,0x83,0xEC,0x28,0xB2,0x01,0x48,0x8D,0x0D,0x0F,0x06,0x00,
    0x00,0xFF,0x15,0xA9,0x2B,0x00,0x00,0x48,0x83,0x3D,0x81,0x3B,0x00,0x00,0x00,0x74,
    0x17,0x48,0x8B,0x0D,0x78,0x3B,0x00,0x00,0xE8,0x34,0x14,0x00,0x00,0x48,0xC7,0x05,
    0x68,0x3B,0x00,0x00,0x00,0x00,0x00,0x00,0x48,0x83,0x3D,0x58,0x3B,0x00,0x00,0x00,
    0x74,0x17,0x48,0x8B,0x0D,0x4F,0x3B,0x00,0x00,0xE8,0x01,0x14,0x00,0x00,0x48,0xC7,
    0x05,0x3F,0x3B,0x00,0x00,0x00,0x00,0x00,0x00,0x33,0xC0,0x48,0x83,0xC4,0x28,0xC3,
    0x48,0x89,0x4C,0x24,0x08,0x48,0x8B,0x44,0x24,0x08,0x48,0x8B,0x80,0xB8,0x00,0x00,
    0x00,0xC3,0xCC,0xCC,0xCC,0xCC,0xCC,0xCC,0xCC,0xCC,0xCC,0xCC,0xCC,0xCC,0xCC,0xCC,
    0x48,0x89,0x54,0x24,0x10,0x48,0x89,0x4C,0x24,0x08,0x48,0x83,0xEC,0x58,0x48,0x8B,
    0x44,0x24,0x68,0x48,0xC7,0x40,0x38,0x00,0x00,0x00,0x00,0x48,0x8B,0x4C,0x24,0x68,
    0xE8,0xBB,0xFF,0xFF,0xFF,0x48,0x89,0x44,0x24,0x40,0xC7,0x44,0x24,0x34,0x02,0x00,
    0x00,0xC0,0x48,0x8B,0x44,0x24,0x40,0x0F,0xB6,0x00,0x88,0x44,0x24,0x38,0x80,0x7C,
    0x24,0x38,0x00,0x74,0x13,0x80,0x7C,0x24,0x38,0x02,0x74,0x30,0x80,0x7C,0x24,0x38,
    0x0E,0x74,0x4D,0xE9,0x5E,0x04,0x00,0x00,0x83,0x3D,0xD1,0x3A,0x00,0x00,0xFF,0x74,
    0x0E,0x8B,0x05,0xC9,0x3A,0x00,0x00,0xFF,0xC0,0x89,0x05,0xC1,0x3A,0x00,0x00,0xC7,
    0x44,0x24,0x34,0x00,0x00,0x00,0x00,0xE9,0x3A,0x04,0x00,0x00,0x83,0x3D,0xAD,0x3A,
    0x00,0x00,0xFF,0x74,0x0E,0x8B,0x05,0xA5,0x3A,0x00,0x00,0xFF,0xC8,0x89,0x05,0x9D,
    0x3A,0x00,0x00,0xC7,0x44,0x24,0x34,0x00,0x00,0x00,0x00,0xE9,0x16,0x04,0x00,0x00,
    0x48,0x8B,0x44,0x24,0x40,0x8B,0x40,0x18,0x89,0x44,0x24,0x30,0x81,0x7C,0x24,0x30,
    0xD4,0x60,0x40,0x9C,0x0F,0x87,0xA0,0x00,0x00,0x00,0x81,0x7C,0x24,0x30,0xD4,0x60,
    0x40,0x9C,0x0F,0x84,0x67,0x02,0x00,0x00,0x81,0x7C,0x24,0x30,0x8C,0x20,0x40,0x9C,
    0x77,0x4B,0x81,0x7C,0x24,0x30,0x8C,0x20,0x40,0x9C,0x0F,0x84,0x02,0x02,0x00,0x00,
    0x81,0x7C,0x24,0x30,0x00,0x20,0x40,0x9C,0x0F,0x84,0xF0,0x00,0x00,0x00,0x81,0x7C,
    0x24,0x30,0x04,0x20,0x40,0x9C,0x0F,0x84,0x24,0x01,0x00,0x00,0x81,0x7C,0x24,0x30,
    0x84,0x20,0x40,0x9C,0x0F,0x84,0x5A,0x01,0x00,0x00,0x81,0x7C,0x24,0x30,0x88,0x20,
    0x40,0x9C,0x0F,0x84,0x8B,0x01,0x00,0x00,0xE9,0x99,0x03,0x00,0x00,0x81,0x7C,0x24,
    0x30,0x90,0x20,0x40,0x9C,0x0F,0x84,0xF6,0x01,0x00,0x00,0x81,0x7C,0x24,0x30,0xC4,
    0x60,0x40,0x9C,0x0F,0x84,0xF6,0x01,0x00,0x00,0x81,0x7C,0x24,0x30,0xCC,0x60,0x40,
    0x9C,0x0F,0x84,0xE8,0x01,0x00,0x00,0x81,0x7C,0x24,0x30,0xD0,0x60,0x40,0x9C,0x0F,
    0x84,0xDA,0x01,0x00,0x00,0xE9,0x5C,0x03,0x00,0x00,0x81,0x7C,0x24,0x30,0xDC,0xA0,
    0x40,0x9C,0x77,0x4B,0x81,0x7C,0x24,0x30,0xDC,0xA0,0x40,0x9C,0x0F,0x84,0x08,0x02,
    0x00,0x00,0x81,0x7C,0x24,0x30,0x04,0x61,0x40,0x9C,0x0F,0x84,0xC0,0x02,0x00,0x00,
    0x81,0x7C,0x24,0x30,0x44,0x61,0x40,0x9C,0x0F,0x84,0x37,0x02,0x00,0x00,0x81,0x7C,
    0x24,0x30,0xC8,0xA0,0x40,0x9C,0x0F,0x84,0xDE,0x01,0x00,0x00,0x81,0x7C,0x24,0x30,
    0xD8,0xA0,0x40,0x9C,0x0F,0x84,0xD0,0x01,0x00,0x00,0xE9,0x07,0x03,0x00,0x00,0x81,
    0x7C,0x24,0x30,0xE0,0xA0,0x40,0x9C,0x0F,0x84,0xBD,0x01,0x00,0x00,0x81,0x7C,0x24,
    0x30,0x08,0xA1,0x40,0x9C,0x0F,0x84,0xB1,0x02,0x00,0x00,0x81,0x7C,0x24,0x30,0x48,
    0xA1,0x40,0x9C,0x0F,0x84,0x2B,0x02,0x00,0x00,0xE9,0xD8,0x02,0x00,0x00,0x48,0x8B,
    0x44,0x24,0x68,0x48,0x83,0x78,0x18,0x00,0x75,0x0D,0xC7,0x44,0x24,0x34,0x0D,0x00,
    0x00,0xC0,0xE9,0xBF,0x02,0x00,0x00,0x48,0x8B,0x44,0x24,0x68,0x48,0x8B,0x40,0x18,
    0xC7,0x00,0x00,0x00,0x00,0x01,0x48,0x8B,0x44,0x24,0x68,0x48,0xC7,0x40,0x38,0x04,
    0x00,0x00,0x00,0xC7,0x44,0x24,0x34,0x00,0x00,0x00,0x00,0xE9,0x96,0x02,0x00,0x00,
    0x48,0x8B,0x44,0x24,0x68,0x48,0x83,0x78,0x18,0x00,0x75,0x0D,0xC7,0x44,0x24,0x34,
    0x0D,0x00,0x00,0xC0,0xE9,0x7D,0x02,0x00,0x00,0x48,0x8B,0x44,0x24,0x68,0x48,0x8B,
    0x40,0x18,0x8B,0x0D,0xE8,0x38,0x00,0x00,0x89,0x08,0x48,0x8B,0x44,0x24,0x68,0x48,
    0xC7,0x40,0x38,0x04,0x00,0x00,0x00,0xC7,0x44,0x24,0x34,0x00,0x00,0x00,0x00,0xE9,
    0x52,0x02,0x00,0x00,0x48,0x8B,0x44,0x24,0x68,0x48,0x83,0xC0,0x38,0x48,0x89,0x44,
    0x24,0x20,0x48,0x8B,0x44,0x24,0x40,0x44,0x8B,0x48,0x08,0x48,0x8B,0x44,0x24,0x68,
    0x4C,0x8B,0x40,0x18,0x48,0x8B,0x44,0x24,0x40,0x8B,0x50,0x10,0x48,0x8B,0x44,0x24,
    0x68,0x48,0x8B,0x48,0x18,0xE8,0x26,0x09,0x00,0x00,0x89,0x44,0x24,0x34,0xE9,0x13,
    0x02,0x00,0x00,0x48,0x8B,0x44,0x24,0x68,0x48,0x83,0xC0,0x38,0x48,0x89,0x44,0x24,
    0x20,0x48,0x8B,0x44,0x24,0x40,0x44,0x8B,0x48,0x08,0x48,0x8B,0x44,0x24,0x68,0x4C,
    0x8B,0x40,0x18,0x48,0x8B,0x44,0x24,0x40,0x8B,0x50,0x10,0x48,0x8B,0x44,0x24,0x68,
    0x48,0x8B,0x48,0x18,0xE8,0x27,0x0E,0x00,0x00,0x89,0x44,0x24,0x34,0xE9,0xD4,0x01,
    0x00,0x00,0x48,0x8B,0x44,0x24,0x68,0x48,0x83,0xC0,0x38,0x48,0x89,0x44,0x24,0x20,
    0x48,0x8B,0x44,0x24,0x40,0x44,0x8B,0x48,0x08,0x48,0x8B,0x44,0x24,0x68,0x4C,0x8B,
    0x40,0x18,0x48,0x8B,0x44,0x24,0x40,0x8B,0x50,0x10,0x48,0x8B,0x44,0x24,0x68,0x48,
    0x8B,0x48,0x18,0xE8,0xD8,0x09,0x00,0x00,0x89,0x44,0x24,0x34,0xE9,0x95,0x01,0x00,
    0x00,0xF4,0xC7,0x44,0x24,0x34,0x00,0x00,0x00,0x00,0xE9,0x87,0x01,0x00,0x00,0x48,
    0x8B,0x44,0x24,0x68,0x48,0x83,0xC0,0x38,0x48,0x89,0x44,0x24,0x28,0x48,0x8B,0x44,
    0x24,0x40,0x8B,0x40,0x08,0x89,0x44,0x24,0x20,0x48,0x8B,0x44,0x24,0x68,0x4C,0x8B,
    0x48,0x18,0x48,0x8B,0x44,0x24,0x40,0x44,0x8B,0x40,0x10,0x48,0x8B,0x44,0x24,0x68,
    0x48,0x8B,0x50,0x18,0x48,0x8B,0x44,0x24,0x40,0x8B,0x48,0x18,0xE8,0x1F,0x06,0x00,
    0x00,0x89,0x44,0x24,0x34,0xE9,0x3C,0x01,0x00,0x00,0x48,0x8B,0x44,0x24,0x68,0x48,
    0x83,0xC0,0x38,0x48,0x89,0x44,0x24,0x28,0x48,0x8B,0x44,0x24,0x40,0x8B,0x40,0x08,
    0x89,0x44,0x24,0x20,0x48,0x8B,0x44,0x24,0x68,0x4C,0x8B,0x48,0x18,0x48,0x8B,0x44,
    0x24,0x40,0x44,0x8B,0x40,0x10,0x48,0x8B,0x44,0x24,0x68,0x48,0x8B,0x50,0x18,0x48,
    0x8B,0x44,0x24,0x40,0x8B,0x48,0x18,0xE8,0x04,0x0B,0x00,0x00,0x89,0x44,0x24,0x34,
    0xE9,0xF1,0x00,0x00,0x00,0x48,0x8B,0x44,0x24,0x68,0x48,0x83,0xC0,0x38,0x48,0x89,
    0x44,0x24,0x20,0x48,0x8B,0x44,0x24,0x40,0x44,0x8B,0x48,0x08,0x48,0x8B,0x44,0x24,
    0x68,0x4C,0x8B,0x40,0x18,0x48,0x8B,0x44,0x24,0x40,0x8B,0x50,0x10,0x48,0x8B,0x44,
    0x24,0x68,0x48,0x8B,0x48,0x18,0xE8,0x55,0x08,0x00,0x00,0x89,0x44,0x24,0x34,0xE9,
    0xB2,0x00,0x00,0x00,0x48,0x8B,0x44,0x24,0x68,0x48,0x83,0xC0,0x38,0x48,0x89,0x44,
    0x24,0x20,0x48,0x8B,0x44,0x24,0x40,0x44,0x8B,0x48,0x08,0x48,0x8B,0x44,0x24,0x68,
    0x4C,0x8B,0x40,0x18,0x48,0x8B,0x44,0x24,0x40,0x8B,0x50,0x10,0x48,0x8B,0x44,0x24,
    0x68,0x48,0x8B,0x48,0x18,0xE8,0x46,0x0D,0x00,0x00,0x89,0x44,0x24,0x34,0xEB,0x76,
    0x48,0x8B,0x44,0x24,0x68,0x48,0x83,0xC0,0x38,0x48,0x89,0x44,0x24,0x20,0x48,0x8B,
    0x44,0x24,0x40,0x44,0x8B,0x48,0x08,0x48,0x8B,0x44,0x24,0x68,0x4C,0x8B,0x40,0x18,
    0x48,0x8B,0x44,0x24,0x40,0x8B,0x50,0x10,0x48,0x8B,0x44,0x24,0x68,0x48,0x8B,0x48,
    0x18,0xE8,0xEA,0x05,0x00,0x00,0x89,0x44,0x24,0x34,0xEB,0x3A,0x48,0x8B,0x44,0x24,
    0x68,0x48,0x83,0xC0,0x38,0x48,0x89,0x44,0x24,0x20,0x48,0x8B,0x44,0x24,0x40,0x44,
    0x8B,0x48,0x08,0x48,0x8B,0x44,0x24,0x68,0x4C,0x8B,0x40,0x18,0x48,0x8B,0x44,0x24,
    0x40,0x8B,0x50,0x10,0x48,0x8B,0x44,0x24,0x68,0x48,0x8B,0x48,0x18,0xE8,0xCE,0x0A,
    0x00,0x00,0x89,0x44,0x24,0x34,0x48,0x8B,0x44,0x24,0x68,0x8B,0x4C,0x24,0x34,0x89,
    0x48,0x30,0x33,0xD2,0x48,0x8B,0x4C,0x24,0x68,0xFF,0x15,0x91,0x26,0x00,0x00,0x8B,
    0x44,0x24,0x34,0x48,0x83,0xC4,0x58,0xC3,0xCC,0xCC,0xCC,0xCC,0xCC,0xCC,0xCC,0xCC,
    0x4C,0x89,0x4C,0x24,0x20,0x44,0x89,0x44,0x24,0x18,0x48,0x89,0x54,0x24,0x10,0x48,
    0x89,0x4C,0x24,0x08,0x48,0x83,0xEC,0x38,0x48,0x83,0x7C,0x24,0x48,0x00,0x75,0x0A,
    0xB8,0x0D,0x00,0x00,0xC0,0xE9,0x83,0x00,0x00,0x00,0x8B,0x44,0x24,0x50,0x41,0xB8,
    0x01,0x00,0x00,0x00,0x8B,0xD0,0x48,0x8B,0x4C,0x24,0x48,0xFF,0x15,0x6F,0x26,0x00,
    0x00,0x48,0x83,0x7C,0x24,0x58,0x00,0x74,0x18,0x8B,0x44,0x24,0x60,0x41,0xB8,0x01,
    0x00,0x00,0x00,0x8B,0xD0,0x48,0x8B,0x4C,0x24,0x58,0xFF,0x15,0x48,0x26,0x00,0x00,
    0x90,0x8B,0x44,0x24,0x50,0x48,0x83,0xF8,0x04,0x73,0x07,0xB8,0x0D,0x00,0x00,0xC0,
    0xEB,0x3B,0x48,0x8B,0x44,0x24,0x48,0x48,0x89,0x44,0x24,0x28,0x48,0x8B,0x44,0x24,
    0x28,0x8B,0x00,0x89,0x44,0x24,0x20,0x83,0x7C,0x24,0x20,0x00,0x74,0x09,0x83,0x7C,
    0x24,0x20,0x01,0x74,0x04,0xEB,0x04,0xEB,0x09,0xEB,0x07,0xB8,0x0D,0x00,0x00,0xC0,
    0xEB,0x0B,0xEB,0x07,0xB8,0x01,0x00,0x00,0xC0,0xEB,0x02,0x33,0xC0,0x48,0x83,0xC4,
    0x38,0xC3,0xCC,0xCC,0xCC,0xCC,0xCC,0xCC,0xCC,0xCC,0xCC,0xCC,0xCC,0xCC,0xCC,0xCC,
    0x4C,0x89,0x44,0x24,0x18,0x48,0x89,0x54,0x24,0x10,0x48,0x89,0x4C,0x24,0x08,0x56,
    0x57,0x48,0x83,0xEC,0x78,0x48,0x83,0xBC,0x24,0xA0,0x00,0x00,0x00,0x00,0x0F,0x84,
    0xFD,0x01,0x00,0x00,0x48,0x83,0x3D,0x4C,0x35,0x00,0x00,0x00,0x0F,0x84,0xEA,0x01,
    0x00,0x00,0x48,0x83,0x3D,0x4E,0x35,0x00,0x00,0x00,0x0F,0x84,0xDC,0x01,0x00,0x00,
    0x41,0xB8,0x63,0x70,0x73,0x64,0xBA,0x28,0x0A,0x00,0x00,0xB9,0x00,0x01,0x00,0x00,
    0xFF,0x15,0xAA,0x25,0x00,0x00,0x48,0x89,0x44,0x24,0x48,0x48,0x83,0x7C,0x24,0x48,
    0x00,0x0F,0x84,0xB5,0x01,0x00,0x00,0x48,0x8B,0x7C,0x24,0x48,0x33,0xC0,0xB9,0x28,
    0x0A,0x00,0x00,0xF3,0xAA,0x48,0x8B,0x44,0x24,0x48,0xC7,0x00,0x00,0x00,0x00,0x00,
    0x48,0x8B,0x44,0x24,0x48,0x8B,0x8C,0x24,0x98,0x00,0x00,0x00,0x89,0x48,0x08,0x48,
    0x8B,0x44,0x24,0x48,0xC6,0x40,0x0C,0x01,0x48,0x8B,0x44,0x24,0x48,0x48,0x8B,0x8C,
    0x24,0xA0,0x00,0x00,0x00,0x8B,0x49,0x10,0x89,0x48,0x10,0x48,0xB8,0x14,0x00,0x00,
    0x00,0x80,0xF7,0xFF,0xFF,0x48,0x8B,0x00,0x48,0x89,0x44,0x24,0x68,0x48,0x8B,0x44,
    0x24,0x48,0x48,0x8B,0x4C,0x24,0x68,0x48,0x89,0x88,0x20,0x0A,0x00,0x00,0x48,0x8B,
    0x84,0x24,0xA0,0x00,0x00,0x00,0x48,0x83,0x78,0x30,0x00,0x74,0x59,0x48,0x8B,0x84,
    0x24,0xA0,0x00,0x00,0x00,0x48,0x8B,0x40,0x30,0x48,0x83,0x78,0x08,0x00,0x74,0x46,
    0x48,0x8B,0x84,0x24,0xA0,0x00,0x00,0x00,0x48,0x8B,0x40,0x30,0x0F,0xB7,0x00,0x48,
    0x3D,0x08,0x02,0x00,0x00,0x73,0x2F,0x48,0x8B,0x84,0x24,0xA0,0x00,0x00,0x00,0x48,
    0x8B,0x40,0x30,0x0F,0xB7,0x00,0x48,0x8B,0x8C,0x24,0xA0,0x00,0x00,0x00,0x48,0x8B,
    0x49,0x30,0x48,0x8B,0x54,0x24,0x48,0x48,0x83,0xC2,0x14,0x48,0x8B,0xFA,0x48,0x8B,
    0x71,0x08,0x8B,0xC8,0xF3,0xA4,0x48,0x8B,0x84,0x24,0xA0,0x00,0x00,0x00,0x48,0x83,
    0x78,0x38,0x00,0x74,0x5C,0x48,0x8B,0x84,0x24,0xA0,0x00,0x00,0x00,0x48,0x8B,0x40,
    0x38,0x48,0x83,0x78,0x08,0x00,0x74,0x49,0x48,0x8B,0x84,0x24,0xA0,0x00,0x00,0x00,
    0x48,0x8B,0x40,0x38,0x0F,0xB7,0x00,0x48,0x3D,0x00,0x08,0x00,0x00,0x73,0x32,0x48,
    0x8B,0x84,0x24,0xA0,0x00,0x00,0x00,0x48,0x8B,0x40,0x38,0x0F,0xB7,0x00,0x48,0x8B,
    0x8C,0x24,0xA0,0x00,0x00,0x00,0x48,0x8B,0x49,0x38,0x48,0x8B,0x54,0x24,0x48,0x48,
    0x81,0xC2,0x1C,0x02,0x00,0x00,0x48,0x8B,0xFA,0x48,0x8B,0x71,0x08,0x8B,0xC8,0xF3,
    0xA4,0x48,0x8D,0x44,0x24,0x58,0x48,0x8B,0xF8,0x33,0xC0,0xB9,0x08,0x00,0x00,0x00,
    0xF3,0xAA,0x48,0xC7,0x44,0x24,0x58,0x80,0x69,0x67,0xFF,0xC7,0x44,0x24,0x40,0x00,
    0x00,0x00,0x00,0x48,0x83,0x3D,0xAD,0x33,0x00,0x00,0x00,0x74,0x3E,0x48,0x8D,0x44,
    0x24,0x58,0x48,0x89,0x44,0x24,0x30,0x48,0xC7,0x44,0x24,0x28,0x00,0x00,0x00,0x00,
    0x48,0xC7,0x44,0x24,0x20,0x00,0x00,0x00,0x00,0x41,0xB9,0x28,0x0A,0x00,0x00,0x4C,
    0x8B,0x44,0x24,0x48,0x48,0x8D,0x15,0x8D,0x33,0x00,0x00,0x48,0x8B,0x0D,0x76,0x33,
    0x00,0x00,0xE8,0x46,0x0C,0x00,0x00,0x89,0x44,0x24,0x40,0xBA,0x63,0x70,0x73,0x64,
    0x48,0x8B,0x4C,0x24,0x48,0xFF,0x15,0xDD,0x23,0x00,0x00,0x90,0xE9,0xCA,0x00,0x00,
    0x00,0x41,0xB8,0x63,0x70,0x73,0x64,0xBA,0x28,0x0A,0x00,0x00,0xB9,0x00,0x01,0x00,
    0x00,0xFF,0x15,0xC9,0x23,0x00,0x00,0x48,0x89,0x44,0x24,0x50,0x48,0x83,0x7C,0x24,
    0x50,0x00,0x0F,0x84,0xA3,0x00,0x00,0x00,0x48,0x8B,0x7C,0x24,0x50,0x33,0xC0,0xB9,
    0x28,0x0A,0x00,0x00,0xF3,0xAA,0x48,0x8B,0x44,0x24,0x50,0xC7,0x00,0x01,0x00,0x00,
    0x00,0x48,0x8B,0x44,0x24,0x50,0x8B,0x8C,0x24,0x98,0x00,0x00,0x00,0x89,0x48,0x08,
    0x48,0x8D,0x44,0x24,0x60,0x48,0x8B,0xF8,0x33,0xC0,0xB9,0x08,0x00,0x00,0x00,0xF3,
    0xAA,0x48,0xC7,0x44,0x24,0x60,0x80,0x69,0x67,0xFF,0xC7,0x44,0x24,0x44,0x00,0x00,
    0x00,0x00,0x48,0x83,0x3D,0xDE,0x32,0x00,0x00,0x00,0x74,0x3E,0x48,0x8D,0x44,0x24,
    0x60,0x48,0x89,0x44,0x24,0x30,0x48,0xC7,0x44,0x24,0x28,0x00,0x00,0x00,0x00,0x48,
    0xC7,0x44,0x24,0x20,0x00,0x00,0x00,0x00,0x41,0xB9,0x28,0x0A,0x00,0x00,0x4C,0x8B,
    0x44,0x24,0x50,0x48,0x8D,0x15,0xBE,0x32,0x00,0x00,0x48,0x8B,0x0D,0xA7,0x32,0x00,
    0x00,0xE8,0x77,0x0B,0x00,0x00,0x89,0x44,0x24,0x44,0xBA,0x63,0x70,0x73,0x64,0x48,
    0x8B,0x4C,0x24,0x50,0xFF,0x15,0x0E,0x23,0x00,0x00,0x90,0x48,0x83,0xC4,0x78,0x5F,
    0x5E,0xC3,0xCC,0xCC,0xCC,0xCC,0xCC,0xCC,0xCC,0xCC,0xCC,0xCC,0xCC,0xCC,0xCC,0xCC,
    0x48,0x89,0x4C,0x24,0x08,0x48,0x83,0xEC,0x18,0x0F,0xB7,0x54,0x24,0x20,0xEC,0x88,
    0x04,0x24,0x0F,0xB6,0x04,0x24,0x48,0x83,0xC4,0x18,0xC3,0xCC,0xCC,0xCC,0xCC,0xCC,
    0x48,0x89,0x4C,0x24,0x08,0x48,0x83,0xEC,0x18,0x0F,0xB7,0x54,0x24,0x20,0xED,0x89,
    0x04,0x24,0x8B,0x04,0x24,0x48,0x83,0xC4,0x18,0xC3,0xCC,0xCC,0xCC,0xCC,0xCC,0xCC,
    0x48,0x89,0x4C,0x24,0x08,0x48,0x83,0xEC,0x18,0x0F,0xB7,0x54,0x24,0x20,0x66,0xED,
    0x66,0x89,0x04,0x24,0x0F,0xB7,0x04,0x24,0x48,0x83,0xC4,0x18,0xC3,0xCC,0xCC,0xCC,
    0x44,0x89,0x44,0x24,0x18,0x48,0x89,0x54,0x24,0x10,0x48,0x89,0x4C,0x24,0x08,0x56,
    0x57,0x8B,0x44,0x24,0x28,0x48,0x8B,0x7C,0x24,0x20,0x48,0x8B,0x74,0x24,0x18,0x8B,
    0xC8,0xF3,0xA4,0x5F,0x5E,0xC3,0xCC,0xCC,0xCC,0xCC,0xCC,0xCC,0xCC,0xCC,0xCC,0xCC,
    0x44,0x89,0x44,0x24,0x18,0x48,0x89,0x54,0x24,0x10,0x48,0x89,0x4C,0x24,0x08,0x56,
    0x57,0x8B,0x44,0x24,0x28,0x48,0x8B,0x7C,0x24,0x20,0x48,0x8B,0x74,0x24,0x18,0x8B,
    0xC8,0xF3,0xA5,0x5F,0x5E,0xC3,0xCC,0xCC,0xCC,0xCC,0xCC,0xCC,0xCC,0xCC,0xCC,0xCC,
    0x44,0x89,0x44,0x24,0x18,0x48,0x89,0x54,0x24,0x10,0x48,0x89,0x4C,0x24,0x08,0x56,
    0x57,0x8B,0x44,0x24,0x28,0x48,0x8B,0x7C,0x24,0x20,0x48,0x8B,0x74,0x24,0x18,0x8B,
    0xC8,0x66,0xF3,0xA5,0x5F,0x5E,0xC3,0xCC,0xCC,0xCC,0xCC,0xCC,0xCC,0xCC,0xCC,0xCC,
    0x4C,0x89,0x4C,0x24,0x20,0x44,0x89,0x44,0x24,0x18,0x48,0x89,0x54,0x24,0x10,0x89,
    0x4C,0x24,0x08,0x48,0x83,0xEC,0x38,0x48,0x83,0x7C,0x24,0x48,0x00,0x74,0x08,0x48,
    0x83,0x7C,0x24,0x68,0x00,0x75,0x0A,0xB8,0x0D,0x00,0x00,0xC0,0xE9,0x8F,0x00,0x00,
    0x00,0x48,0x8B,0x44,0x24,0x48,0x8B,0x00,0x89,0x44,0x24,0x24,0x8B,0x44,0x24,0x40,
    0x89,0x44,0x24,0x20,0x81,0x7C,0x24,0x20,0xCC,0x60,0x40,0x9C,0x74,0x16,0x81,0x7C,
    0x24,0x20,0xD0,0x60,0x40,0x9C,0x74,0x20,0x81,0x7C,0x24,0x20,0xD4,0x60,0x40,0x9C,
    0x74,0x2B,0xEB,0x3D,0x8B,0x44,0x24,0x24,0x8B,0xC8,0xE8,0xA1,0xFE,0xFF,0xFF,0x48,
    0x8B,0x4C,0x24,0x58,0x88,0x01,0xEB,0x3B,0x8B,0x44,0x24,0x24,0x8B,0xC8,0xE8,0xCD,
    0xFE,0xFF,0xFF,0x48,0x8B,0x4C,0x24,0x58,0x66,0x89,0x01,0xEB,0x26,0x8B,0x44,0x24,
    0x24,0x8B,0xC8,0xE8,0x98,0xFE,0xFF,0xFF,0x48,0x8B,0x4C,0x24,0x58,0x89,0x01,0xEB,
    0x12,0x48,0x8B,0x44,0x24,0x68,0xC7,0x00,0x00,0x00,0x00,0x00,0xB8,0x0D,0x00,0x00,
    0xC0,0xEB,0x0D,0x48,0x8B,0x44,0x24,0x68,0x8B,0x4C,0x24,0x50,0x89,0x08,0x33,0xC0,
    0x48,0x83,0xC4,0x38,0xC3,0xCC,0xCC,0xCC,0xCC,0xCC,0xCC,0xCC,0xCC,0xCC,0xCC,0xCC,
    0x44,0x89,0x4C,0x24,0x20,0x4C,0x89,0x44,0x24,0x18,0x89,0x54,0x24,0x10,0x48,0x89,
    0x4C,0x24,0x08,0x48,0x83,0xEC,0x58,0x48,0x83,0x7C,0x24,0x60,0x00,0x74,0x0B,0x48,
    0x83,0xBC,0x24,0x80,0x00,0x00,0x00,0x00,0x75,0x0A,0xB8,0x0D,0x00,0x00,0xC0,0xE9,
    0x1C,0x01,0x00,0x00,0x8B,0x44,0x24,0x68,0x48,0x83,0xF8,0x10,0x74,0x0A,0xB8,0x0D,
    0x00,0x00,0xC0,0xE9,0x08,0x01,0x00,0x00,0x48,0x8B,0x44,0x24,0x60,0x48,0x89,0x44,
    0x24,0x30,0x48,0x8B,0x44,0x24,0x30,0x48,0x8B,0x4C,0x24,0x30,0x8B,0x40,0x08,0x0F,
    0xAF,0x41,0x0C,0x89,0x44,0x24,0x28,0x8B,0x44,0x24,0x28,0x39,0x44,0x24,0x78,0x73,
    0x0A,0xB8,0x0D,0x00,0x00,0xC0,0xE9,0xD5,0x00,0x00,0x00,0x48,0x8B,0x44,0x24,0x30,
    0x48,0x8B,0x00,0x48,0x89,0x44,0x24,0x40,0x8B,0x44,0x24,0x28,0x45,0x33,0xC0,0x8B,
    0xD0,0x48,0x8B,0x4C,0x24,0x40,0xFF,0x15,0x74,0x20,0x00,0x00,0x48,0x89,0x44,0x24,
    0x38,0xC6,0x44,0x24,0x20,0x00,0x48,0x8B,0x44,0x24,0x30,0x8B,0x40,0x08,0x89,0x44,
    0x24,0x24,0x83,0x7C,0x24,0x24,0x01,0x74,0x10,0x83,0x7C,0x24,0x24,0x02,0x74,0x24,
    0x83,0x7C,0x24,0x24,0x08,0x74,0x38,0xEB,0x51,0x48,0x8B,0x44,0x24,0x30,0x44,0x8B,
    0x40,0x0C,0x48,0x8B,0x54,0x24,0x70,0x48,0x8B,0x4C,0x24,0x38,0xE8,0xBF,0xFD,0xFF,
    0xFF,0x90,0xEB,0x3B,0x48,0x8B,0x44,0x24,0x30,0x44,0x8B,0x40,0x0C,0x48,0x8B,0x54,
    0x24,0x70,0x48,0x8B,0x4C,0x24,0x38,0xE8,0x04,0xFE,0xFF,0xFF,0x90,0xEB,0x20,0x48,
    0x8B,0x44,0x24,0x30,0x44,0x8B,0x40,0x0C,0x48,0x8B,0x54,0x24,0x70,0x48,0x8B,0x4C,
    0x24,0x38,0xE8,0xB9,0xFD,0xFF,0xFF,0x90,0xEB,0x05,0xC6,0x44,0x24,0x20,0x01,0x8B,
    0x44,0x24,0x28,0x8B,0xD0,0x48,0x8B,0x4C,0x24,0x38,0xFF,0x15,0xD8,0x1F,0x00,0x00,
    0x0F,0xB6,0x44,0x24,0x20,0x85,0xC0,0x74,0x07,0xB8,0x0D,0x00,0x00,0xC0,0xEB,0x10,
    0x48,0x8B,0x84,0x24,0x80,0x00,0x00,0x00,0x8B,0x4C,0x24,0x78,0x89,0x08,0x33,0xC0,
    0x48,0x83,0xC4,0x58,0xC3,0xCC,0xCC,0xCC,0xCC,0xCC,0xCC,0xCC,0xCC,0xCC,0xCC,0xCC,
    0x44,0x89,0x4C,0x24,0x20,0x4C,0x89,0x44,0x24,0x18,0x89,0x54,0x24,0x10,0x48,0x89,
    0x4C,0x24,0x08,0x48,0x83,0xEC,0x38,0x48,0x83,0x7C,0x24,0x40,0x00,0x74,0x08,0x48,
    0x83,0x7C,0x24,0x60,0x00,0x75,0x07,0xB8,0x0D,0x00,0x00,0xC0,0xEB,0x50,0x48,0x8B,
    0x44,0x24,0x40,0x8B,0x08,0x0F,0x32,0x48,0xC1,0xE2,0x20,0x48,0x0B,0xC2,0x48,0x89,
    0x44,0x24,0x20,0x41,0xB9,0x08,0x00,0x00,0x00,0x4C,0x8D,0x44,0x24,0x20,0xBA,0x08,
    0x00,0x00,0x00,0x48,0x8B,0x4C,0x24,0x50,0xE8,0xE3,0x07,0x00,0x00,0x48,0x8B,0x44,
    0x24,0x60,0xC7,0x00,0x08,0x00,0x00,0x00,0x33,0xC0,0xEB,0x12,0x48,0x8B,0x44,0x24,
    0x60,0xC7,0x00,0x00,0x00,0x00,0x00,0xB8,0x01,0x00,0x00,0xC0,0xEB,0x00,0x48,0x83,
    0xC4,0x38,0xC3,0xCC,0xCC,0xCC,0xCC,0xCC,0xCC,0xCC,0xCC,0xCC,0xCC,0xCC,0xCC,0xCC,
    0x44,0x89,0x4C,0x24,0x20,0x4C,0x89,0x44,0x24,0x18,0x89,0x54,0x24,0x10,0x48,0x89,
    0x4C,0x24,0x08,0x48,0x83,0xEC,0x38,0xC7,0x44,0x24,0x20,0x00,0x00,0x00,0x00,0x48,
    0x83,0x7C,0x24,0x40,0x00,0x74,0x08,0x48,0x83,0x7C,0x24,0x60,0x00,0x75,0x07,0xB8,
    0x0D,0x00,0x00,0xC0,0xEB,0x60,0x8B,0x44,0x24,0x48,0x48,0x83,0xF8,0x08,0x74,0x07,
    0xB8,0x0D,0x00,0x00,0xC0,0xEB,0x4F,0x48,0x8B,0x44,0x24,0x40,0x48,0x89,0x44,0x24,
    0x28,0x44,0x8B,0x4C,0x24,0x58,0x4C,0x8B,0x44,0x24,0x50,0x48,0x8B,0x44,0x24,0x28,
    0x8B,0x50,0x04,0x48,0x8B,0x44,0x24,0x28,0x8B,0x08,0xE8,0x51,0x05,0x00,0x00,0x89,
    0x44,0x24,0x20,0x83,0x7C,0x24,0x20,0x00,0x75,0x0D,0x48,0x8B,0x44,0x24,0x60,0x8B,
    0x4C,0x24,0x58,0x89,0x08,0xEB,0x0B,0x48,0x8B,0x44,0x24,0x60,0xC7,0x00,0x00,0x00,
    0x00,0x00,0x8B,0x44,0x24,0x20,0x48,0x83,0xC4,0x38,0xC3,0xCC,0xCC,0xCC,0xCC,0xCC,
    0x44,0x89,0x4C,0x24,0x20,0x4C,0x89,0x44,0x24,0x18,0x89,0x54,0x24,0x10,0x48,0x89,
    0x4C,0x24,0x08,0x48,0x83,0xEC,0x38,0x48,0x83,0x7C,0x24,0x40,0x00,0x74,0x08,0x48,
    0x83,0x7C,0x24,0x60,0x00,0x75,0x07,0xB8,0x0D,0x00,0x00,0xC0,0xEB,0x50,0x48,0x8B,
    0x44,0x24,0x40,0x8B,0x08,0x0F,0x33,0x48,0xC1,0xE2,0x20,0x48,0x0B,0xC2,0x48,0x89,
    0x44,0x24,0x20,0x41,0xB9,0x08,0x00,0x00,0x00,0x4C,0x8D,0x44,0x24,0x20,0xBA,0x08,
    0x00,0x00,0x00,0x48,0x8B,0x4C,0x24,0x50,0xE8,0xB3,0x06,0x00,0x00,0x48,0x8B,0x44,
    0x24,0x60,0xC7,0x00,0x08,0x00,0x00,0x00,0x33,0xC0,0xEB,0x12,0x48,0x8B,0x44,0x24,
    0x60,0xC7,0x00,0x00,0x00,0x00,0x00,0xB8,0x01,0x00,0x00,0xC0,0xEB,0x00,0x48,0x83,
    0xC4,0x38,0xC3,0xCC,0xCC,0xCC,0xCC,0xCC,0xCC,0xCC,0xCC,0xCC,0xCC,0xCC,0xCC,0xCC,
    0x48,0x89,0x4C,0x24,0x08,0x48,0x83,0xEC,0x48,0x48,0x83,0x3D,0x7F,0x2D,0x00,0x00,
    0x00,0x74,0x1C,0x48,0x8B,0x0D,0x76,0x2D,0x00,0x00,0xFF,0x15,0x98,0x1D,0x00,0x00,
    0x89,0x44,0x24,0x20,0x48,0xC7,0x05,0x61,0x2D,0x00,0x00,0x00,0x00,0x00,0x00,0x33,
    0xC9,0xE8,0xCA,0xF1,0xFF,0xFF,0x48,0x8B,0x44,0x24,0x50,0x48,0x8B,0x40,0x08,0x48,
    0x89,0x44,0x24,0x28,0x48,0x8D,0x15,0x55,0x13,0x00,0x00,0x48,0x8D,0x4C,0x24,0x30,
    0xFF,0x15,0x82,0x1D,0x00,0x00,0x48,0x8D,0x4C,0x24,0x30,0xFF,0x15,0x47,0x1D,0x00,
    0x00,0x48,0x83,0x7C,0x24,0x28,0x00,0x74,0x0C,0x48,0x8B,0x4C,0x24,0x28,0xFF,0x15,
    0x2C,0x1D,0x00,0x00,0x90,0x48,0x83,0xC4,0x48,0xC3,0xCC,0xCC,0xCC,0xCC,0xCC,0xCC,
    0x88,0x54,0x24,0x10,0x48,0x89,0x4C,0x24,0x08,0x0F,0xB7,0x54,0x24,0x08,0x0F,0xB6,
    0x44,0x24,0x10,0xEE,0xC3,0xCC,0xCC,0xCC,0xCC,0xCC,0xCC,0xCC,0xCC,0xCC,0xCC,0xCC,
    0x89,0x54,0x24,0x10,0x48,0x89,0x4C,0x24,0x08,0x0F,0xB7,0x54,0x24,0x08,0x8B,0x44,
    0x24,0x10,0xEF,0xC3,0xCC,0xCC,0xCC,0xCC,0xCC,0xCC,0xCC,0xCC,0xCC,0xCC,0xCC,0xCC,
    0x66,0x89,0x54,0x24,0x10,0x48,0x89,0x4C,0x24,0x08,0x0F,0xB7,0x54,0x24,0x08,0x0F,
    0xB7,0x44,0x24,0x10,0x66,0xEF,0xC3,0xCC,0xCC,0xCC,0xCC,0xCC,0xCC,0xCC,0xCC,0xCC,
    0x44,0x89,0x44,0x24,0x18,0x48,0x89,0x54,0x24,0x10,0x48,0x89,0x4C,0x24,0x08,0x56,
    0x57,0x8B,0x44,0x24,0x28,0x48,0x8B,0x7C,0x24,0x18,0x48,0x8B,0x74,0x24,0x20,0x8B,
    0xC8,0xF3,0xA4,0xF0,0x83,0x0C,0x24,0x00,0x5F,0x5E,0xC3,0xCC,0xCC,0xCC,0xCC,0xCC,
    0x44,0x89,0x44,0x24,0x18,0x48,0x89,0x54,0x24,0x10,0x48,0x89,0x4C,0x24,0x08,0x56,
    0x57,0x8B,0x44,0x24,0x28,0x48,0x8B,0x7C,0x24,0x18,0x48,0x8B,0x74,0x24,0x20,0x8B,
    0xC8,0x66,0xF3,0xA5,0xF0,0x83,0x0C,0x24,0x00,0x5F,0x5E,0xC3,0xCC,0xCC,0xCC,0xCC,
    0x4C,0x89,0x4C,0x24,0x20,0x44,0x89,0x44,0x24,0x18,0x48,0x89,0x54,0x24,0x10,0x89,
    0x4C,0x24,0x08,0x48,0x83,0xEC,0x38,0x48,0x83,0x7C,0x24,0x48,0x00,0x75,0x0A,0xB8,
    0x0D,0x00,0x00,0xC0,0xE9,0x8A,0x00,0x00,0x00,0x48,0x8B,0x44,0x24,0x48,0x48,0x89,
    0x44,0x24,0x28,0x48,0x8B,0x44,0x24,0x28,0x8B,0x00,0x89,0x44,0x24,0x24,0x8B,0x44,
    0x24,0x40,0x89,0x44,0x24,0x20,0x81,0x7C,0x24,0x20,0xD8,0xA0,0x40,0x9C,0x74,0x16,
    0x81,0x7C,0x24,0x20,0xDC,0xA0,0x40,0x9C,0x74,0x23,0x81,0x7C,0x24,0x20,0xE0,0xA0,
    0x40,0x9C,0x74,0x30,0xEB,0x44,0x8B,0x44,0x24,0x24,0x48,0x8B,0x4C,0x24,0x28,0x0F,
    0xB6,0x51,0x04,0x8B,0xC8,0xE8,0xC6,0xFE,0xFF,0xFF,0x90,0xEB,0x34,0x8B,0x44,0x24,
    0x24,0x48,0x8B,0x4C,0x24,0x28,0x0F,0xB7,0x51,0x04,0x8B,0xC8,0xE8,0xEF,0xFE,0xFF,
    0xFF,0x90,0xEB,0x1D,0x8B,0x44,0x24,0x24,0x48,0x8B,0x4C,0x24,0x28,0x8B,0x51,0x04,
    0x8B,0xC8,0xE8,0xB9,0xFE,0xFF,0xFF,0x90,0xEB,0x07,0xB8,0x0D,0x00,0x00,0xC0,0xEB,
    0x02,0x33,0xC0,0x48,0x83,0xC4,0x38,0xC3,0xCC,0xCC,0xCC,0xCC,0xCC,0xCC,0xCC,0xCC,
    0x44,0x89,0x4C,0x24,0x20,0x4C,0x89,0x44,0x24,0x18,0x89,0x54,0x24,0x10,0x48,0x89,
    0x4C,0x24,0x08,0x48,0x83,0xEC,0x58,0x48,0x83,0x7C,0x24,0x60,0x00,0x74,0x0B,0x48,
    0x83,0xBC,0x24,0x80,0x00,0x00,0x00,0x00,0x75,0x0A,0xB8,0x0D,0x00,0x00,0xC0,0xE9,
    0x38,0x01,0x00,0x00,0x8B,0x44,0x24,0x68,0x48,0x83,0xF8,0x10,0x73,0x0A,0xB8,0x0D,
    0x00,0x00,0xC0,0xE9,0x24,0x01,0x00,0x00,0x48,0x8B,0x44,0x24,0x60,0x48,0x89,0x44,
    0x24,0x30,0x48,0x8B,0x44,0x24,0x30,0x48,0x8B,0x4C,0x24,0x30,0x8B,0x40,0x08,0x0F,
    0xAF,0x41,0x0C,0x89,0x44,0x24,0x28,0x8B,0x44,0x24,0x68,0x8B,0x4C,0x24,0x28,0x48,
    0x83,0xC1,0x10,0x48,0x3B,0xC1,0x73,0x0A,0xB8,0x0D,0x00,0x00,0xC0,0xE9,0xEA,0x00,
    0x00,0x00,0x48,0x8B,0x44,0x24,0x30,0x48,0x8B,0x00,0x48,0x89,0x44,0x24,0x40,0x8B,
    0x44,0x24,0x28,0x45,0x33,0xC0,0x8B,0xD0,0x48,0x8B,0x4C,0x24,0x40,0xFF,0x15,0x4D,
    0x1B,0x00,0x00,0x48,0x89,0x44,0x24,0x38,0xC6,0x44,0x24,0x20,0x00,0x48,0x8B,0x44,
    0x24,0x30,0x8B,0x40,0x08,0x89,0x44,0x24,0x24,0x83,0x7C,0x24,0x24,0x01,0x74,0x10,
    0x83,0x7C,0x24,0x24,0x02,0x74,0x2B,0x83,0x7C,0x24,0x24,0x08,0x74,0x46,0xEB,0x66,
    0x48,0x8B,0x44,0x24,0x30,0x48,0x83,0xC0,0x10,0x48,0x8B,0x4C,0x24,0x30,0x44,0x8B,
    0x41,0x0C,0x48,0x8B,0xD0,0x48,0x8B,0x4C,0x24,0x38,0xE8,0xF1,0xFD,0xFF,0xFF,0x90,
    0xEB,0x49,0x48,0x8B,0x44,0x24,0x30,0x48,0x83,0xC0,0x10,0x48,0x8B,0x4C,0x24,0x30,
    0x44,0x8B,0x41,0x0C,0x48,0x8B,0xD0,0x48,0x8B,0x4C,0x24,0x38,0xE8,0xFF,0xFD,0xFF,
    0xFF,0x90,0xEB,0x27,0x48,0x8B,0x44,0x24,0x30,0x48,0x83,0xC0,0x10,0x48,0x8B,0x4C,
    0x24,0x30,0x44,0x8B,0x41,0x0C,0x48,0x8B,0xD0,0x48,0x8B,0x4C,0x24,0x38,0xE8,0x7D,
    0xF8,0xFF,0xFF,0x90,0xEB,0x05,0xC6,0x44,0x24,0x20,0x01,0x8B,0x44,0x24,0x28,0x8B,
    0xD0,0x48,0x8B,0x4C,0x24,0x38,0xFF,0x15,0x9C,0x1A,0x00,0x00,0x0F,0xB6,0x44,0x24,
    0x20,0x85,0xC0,0x74,0x07,0xB8,0x0D,0x00,0x00,0xC0,0xEB,0x10,0x48,0x8B,0x84,0x24,
    0x80,0x00,0x00,0x00,0xC7,0x00,0x00,0x00,0x00,0x00,0x33,0xC0,0x48,0x83,0xC4,0x58,
    0xC3,0xCC,0xCC,0xCC,0xCC,0xCC,0xCC,0xCC,0xCC,0xCC,0xCC,0xCC,0xCC,0xCC,0xCC,0xCC,
    0x44,0x89,0x4C,0x24,0x20,0x4C,0x89,0x44,0x24,0x18,0x89,0x54,0x24,0x10,0x48,0x89,
    0x4C,0x24,0x08,0x48,0x83,0xEC,0x18,0x48,0x83,0x7C,0x24,0x20,0x00,0x74,0x08,0x48,
    0x83,0x7C,0x24,0x40,0x00,0x75,0x07,0xB8,0x0D,0x00,0x00,0xC0,0xEB,0x41,0x48,0x8B,
    0x44,0x24,0x20,0x48,0x89,0x04,0x24,0x48,0x8B,0x04,0x24,0x48,0x8B,0x50,0x04,0x48,
    0x8B,0xC2,0x48,0xC1,0xEA,0x20,0x48,0x8B,0x0C,0x24,0x8B,0x09,0x0F,0x30,0x48,0x8B,
    0x44,0x24,0x40,0xC7,0x00,0x00,0x00,0x00,0x00,0x33,0xC0,0xEB,0x12,0x48,0x8B,0x44,
    0x24,0x40,0xC7,0x00,0x00,0x00,0x00,0x00,0xB8,0x01,0x00,0x00,0xC0,0xEB,0x00,0x48,
    0x83,0xC4,0x18,0xC3,0xCC,0xCC,0xCC,0xCC,0xCC,0xCC,0xCC,0xCC,0xCC,0xCC,0xCC,0xCC,
    0x44,0x89,0x4C,0x24,0x20,0x4C,0x89,0x44,0x24,0x18,0x89,0x54,0x24,0x10,0x48,0x89,
    0x4C,0x24,0x08,0x48,0x83,0xEC,0x38,0x48,0x83,0x7C,0x24,0x40,0x00,0x74,0x08,0x48,
    0x83,0x7C,0x24,0x60,0x00,0x75,0x07,0xB8,0x0D,0x00,0x00,0xC0,0xEB,0x57,0x8B,0x44,
    0x24,0x48,0x48,0x83,0xF8,0x08,0x73,0x07,0xB8,0x0D,0x00,0x00,0xC0,0xEB,0x46,0x48,
    0x8B,0x44,0x24,0x40,0x48,0x89,0x44,0x24,0x28,0x8B,0x44,0x24,0x48,0x48,0x83,0xE8,
    0x08,0x89,0x44,0x24,0x20,0x48,0x8B,0x44,0x24,0x60,0xC7,0x00,0x00,0x00,0x00,0x00,
    0x48,0x8B,0x44,0x24,0x28,0x48,0x83,0xC0,0x08,0x44,0x8B,0x4C,0x24,0x20,0x4C,0x8B,
    0xC0,0x48,0x8B,0x44,0x24,0x28,0x8B,0x50,0x04,0x48,0x8B,0x44,0x24,0x28,0x8B,0x08,
    0xE8,0xFB,0x00,0x00,0x00,0x48,0x83,0xC4,0x38,0xC3,0xCC,0xCC,0xCC,0xCC,0xCC,0xCC,
    0x44,0x89,0x4C,0x24,0x20,0x4C,0x89,0x44,0x24,0x18,0x89,0x54,0x24,0x10,0x89,0x4C,
    0x24,0x08,0x48,0x83,0xEC,0x48,0x8B,0x44,0x24,0x50,0x48,0x85,0xC0,0x74,0x08,0x48,
    0x83,0x7C,0x24,0x60,0x00,0x75,0x0A,0xB8,0x0D,0x00,0x00,0xC0,0xE9,0xBA,0x00,0x00,
    0x00,0x8B,0x44,0x24,0x50,0xC1,0xE8,0x08,0x25,0xFF,0x00,0x00,0x00,0x89,0x44,0x24,
    0x38,0xC7,0x44,0x24,0x30,0x00,0x00,0x00,0x00,0x8B,0x44,0x24,0x50,0xC1,0xE8,0x03,
    0x83,0xE0,0x1F,0x83,0xE0,0x1F,0x8B,0x4C,0x24,0x30,0x83,0xE1,0xE0,0x0B,0xC8,0x8B,
    0xC1,0x89,0x44,0x24,0x30,0x8B,0x44,0x24,0x50,0x83,0xE0,0x07,0x83,0xE0,0x07,0xC1,
    0xE0,0x05,0x8B,0x4C,0x24,0x30,0x81,0xE1,0x1F,0xFF,0xFF,0xFF,0x0B,0xC8,0x8B,0xC1,
    0x89,0x44,0x24,0x30,0x8B,0x44,0x24,0x68,0x89,0x44,0x24,0x28,0x8B,0x44,0x24,0x58,
    0x89,0x44,0x24,0x20,0x4C,0x8B,0x4C,0x24,0x60,0x44,0x8B,0x44,0x24,0x30,0x8B,0x54,
    0x24,0x38,0xB9,0x04,0x00,0x00,0x00,0xFF,0x15,0x13,0x18,0x00,0x00,0x89,0x44,0x24,
    0x34,0x83,0x7C,0x24,0x34,0x00,0x75,0x09,0xB8,0x01,0x00,0x00,0xF0,0xEB,0x2C,0xEB,
    0x28,0x83,0x7C,0x24,0x68,0x02,0x74,0x10,0x83,0x7C,0x24,0x34,0x02,0x75,0x09,0xB8,
    0x02,0x00,0x00,0xF0,0xEB,0x15,0xEB,0x11,0x8B,0x44,0x24,0x34,0x39,0x44,0x24,0x68,
    0x74,0x07,0xB8,0x04,0x00,0x00,0xF0,0xEB,0x02,0x33,0xC0,0x48,0x83,0xC4,0x48,0xC3,
    0x44,0x89,0x4C,0x24,0x20,0x4C,0x89,0x44,0x24,0x18,0x89,0x54,0x24,0x10,0x89,0x4C,
    0x24,0x08,0x48,0x83,0xEC,0x48,0x8B,0x44,0x24,0x50,0x48,0x85,0xC0,0x74,0x08,0x48,
    0x83,0x7C,0x24,0x60,0x00,0x75,0x0A,0xB8,0x0D,0x00,0x00,0xC0,0xE9,0x93,0x00,0x00,
    0x00,0x8B,0x44,0x24,0x50,0xC1,0xE8,0x08,0x25,0xFF,0x00,0x00,0x00,0x89,0x44,0x24,
    0x34,0xC7,0x44,0x24,0x30,0x00,0x00,0x00,0x00,0x8B,0x44,0x24,0x50,0xC1,0xE8,0x03,
    0x83,0xE0,0x1F,0x83,0xE0,0x1F,0x8B,0x4C,0x24,0x30,0x83,0xE1,0xE0,0x0B,0xC8,0x8B,
    0xC1,0x89,0x44,0x24,0x30,0x8B,0x44,0x24,0x50,0x83,0xE0,0x07,0x83,0xE0,0x07,0xC1,
    0xE0,0x05,0x8B,0x4C,0x24,0x30,0x81,0xE1,0x1F,0xFF,0xFF,0xFF,0x0B,0xC8,0x8B,0xC1,
    0x89,0x44,0x24,0x30,0x8B,0x44,0x24,0x68,0x89,0x44,0x24,0x28,0x8B,0x44,0x24,0x58,
    0x89,0x44,0x24,0x20,0x4C,0x8B,0x4C,0x24,0x60,0x44,0x8B,0x44,0x24,0x30,0x8B,0x54,
    0x24,0x34,0xB9,0x04,0x00,0x00,0x00,0xFF,0x15,0x2B,0x17,0x00,0x00,0x89,0x44,0x24,
    0x38,0x8B,0x44,0x24,0x68,0x39,0x44,0x24,0x38,0x74,0x07,0xB8,0x03,0x00,0x00,0xF0,
    0xEB,0x02,0x33,0xC0,0x48,0x83,0xC4,0x48,0xC3,0xFF,0x25,0xB1,0x16,0x00,0x00,0xFF,
    0x25,0xB3,0x16,0x00,0x00,0xFF,0x25,0xB5,0x16,0x00,0x00,0xFF,0x25,0xB7,0x16,0x00,
    0x00,0xFF,0x25,0xB9,0x16,0x00,0x00,0xFF,0x25,0xBB,0x16,0x00,0x00,0xFF,0x25,0xBD,
    0x16,0x00,0x00,0xFF,0x25,0xBF,0x16,0x00,0x00,0xFF,0x25,0xC1,0x16,0x00,0x00,0xCC,
    0x48,0x89,0x5C,0x24,0x08,0x48,0x89,0x74,0x24,0x10,0x57,0x48,0x83,0xEC,0x30,0x49,
    0x8B,0xD9,0x49,0x8B,0xF0,0x48,0x8B,0xFA,0x4D,0x85,0xC9,0x75,0x04,0x33,0xC0,0xEB,
    0x5A,0x48,0x85,0xC9,0x74,0x39,0x48,0x85,0xF6,0x74,0x12,0x48,0x3B,0xFB,0x72,0x0D,
    0x4C,0x8B,0xC3,0x48,0x8B,0xD6,0xE8,0x05,0x08,0x00,0x00,0xEB,0xE0,0x4C,0x8B,0xC7,
    0x33,0xD2,0xE8,0xB9,0x0A,0x00,0x00,0x48,0x85,0xF6,0x74,0x13,0x48,0x3B,0xFB,0x73,
    0x07,0xBB,0x22,0x00,0x00,0x00,0xEB,0x0C,0xB8,0x16,0x00,0x00,0x00,0xEB,0x1C,0xBB,
    0x16,0x00,0x00,0x00,0x48,0x83,0x64,0x24,0x20,0x00,0x45,0x33,0xC9,0x45,0x33,0xC0,
    0x33,0xD2,0x33,0xC9,0xE8,0x07,0x01,0x00,0x00,0x8B,0xC3,0x48,0x8B,0x5C,0x24,0x40,
    0x48,0x8B,0x74,0x24,0x48,0x48,0x83,0xC4,0x30,0x5F,0xC3,0xCC,0xFF,0x25,0xBE,0x16,
    0x00,0x00,0xCC,0xCC,0xCC,0xCC,0xCC,0xCC,0xCC,0xCC,0xCC,0xCC,0xCC,0xCC,0xCC,0xCC,
    0xCC,0xCC,0xCC,0xCC,0xCC,0xCC,0x66,0x66,0x0F,0x1F,0x84,0x00,0x00,0x00,0x00,0x00,
    0x48,0x2B,0xD1,0x49,0x83,0xF8,0x08,0x72,0x22,0xF6,0xC1,0x07,0x74,0x14,0x66,0x90,
    0x8A,0x01,0x3A,0x04,0x11,0x75,0x2C,0x48,0xFF,0xC1,0x49,0xFF,0xC8,0xF6,0xC1,0x07,
    0x75,0xEE,0x4D,0x8B,0xC8,0x49,0xC1,0xE9,0x03,0x75,0x1F,0x4D,0x85,0xC0,0x74,0x0F,
    0x8A,0x01,0x3A,0x04,0x11,0x75,0x0C,0x48,0xFF,0xC1,0x49,0xFF,0xC8,0x75,0xF1,0x48,
    0x33,0xC0,0xC3,0x1B,0xC0,0x83,0xD8,0xFF,0xC3,0x90,0x49,0xC1,0xE9,0x02,0x74,0x37,
    0x48,0x8B,0x01,0x48,0x3B,0x04,0x11,0x75,0x5B,0x48,0x8B,0x41,0x08,0x48,0x3B,0x44,
    0x11,0x08,0x75,0x4C,0x48,0x8B,0x41,0x10,0x48,0x3B,0x44,0x11,0x10,0x75,0x3D,0x48,
    0x8B,0x41,0x18,0x48,0x3B,0x44,0x11,0x18,0x75,0x2E,0x48,0x83,0xC1,0x20,0x49,0xFF,
    0xC9,0x75,0xCD,0x49,0x83,0xE0,0x1F,0x4D,0x8B,0xC8,0x49,0xC1,0xE9,0x03,0x74,0x9B,
    0x48,0x8B,0x01,0x48,0x3B,0x04,0x11,0x75,0x1B,0x48,0x83,0xC1,0x08,0x49,0xFF,0xC9,
    0x75,0xEE,0x49,0x83,0xE0,0x07,0xEB,0x83,0x48,0x83,0xC1,0x08,0x48,0x83,0xC1,0x08,
    0x48,0x83,0xC1,0x08,0x48,0x8B,0x0C,0x0A,0x48,0x0F,0xC8,0x48,0x0F,0xC9,0x48,0x3B,
    0xC1,0x1B,0xC0,0x83,0xD8,0xFF,0xC3,0xCC,0xCC,0xCC,0xCC,0xCC,0xCC,0xCC,0xCC,0xCC,
    0xC2,0x00,0x00,0xCC,0xCC,0xCC,0xCC,0xCC,0xCC,0xCC,0xCC,0xCC,0xCC,0xCC,0xCC,0xCC,
    0x40,0x53,0x48,0x83,0xEC,0x10,0x33,0xC0,0x33,0xC9,0x0F,0xA2,0x44,0x8B,0xC0,0x33,
    0xC9,0xB8,0x01,0x00,0x00,0x00,0x45,0x32,0xC9,0x0F,0xA2,0x89,0x04,0x24,0x44,0x8B,
    0xD1,0xB8,0x07,0x00,0x00,0x00,0x89,0x5C,0x24,0x04,0x89,0x4C,0x24,0x08,0x89,0x54,
    0x24,0x0C,0x44,0x3B,0xC0,0x7C,0x24,0x33,0xC9,0x45,0x0F,0xB6,0xC9,0x0F,0xA2,0x89,
    0x04,0x24,0x0F,0xBA,0xE3,0x09,0xB8,0x02,0x00,0x00,0x00,0x89,0x5C,0x24,0x04,0x44,
    0x0F,0x42,0xC8,0x89,0x4C,0x24,0x08,0x89,0x54,0x24,0x0C,0x41,0x0F,0xBA,0xE2,0x14,
    0x73,0x26,0x41,0x0F,0xBA,0xE2,0x1B,0x73,0x1F,0x41,0x0F,0xBA,0xE2,0x1C,0x73,0x18,
    0x33,0xC9,0x0F,0x01,0xD0,0x48,0xC1,0xE2,0x20,0x48,0x0B,0xD0,0x80,0xE2,0x06,0x80,
    0xFA,0x06,0x75,0x04,0x41,0x80,0xC9,0x04,0x41,0x80,0xC9,0x01,0x44,0x88,0x0D,0x5D,
    0x24,0x00,0x00,0x33,0xC0,0x48,0x83,0xC4,0x10,0x5B,0xC3,0xCC,0x48,0x83,0xEC,0x48,
    0xE8,0x9F,0x04,0x00,0x00,0x84,0xC0,0x74,0x46,0x48,0x83,0x64,0x24,0x2C,0x00,0x48,
    0x8D,0x05,0xCA,0x16,0x00,0x00,0x83,0x64,0x24,0x34,0x00,0x48,0x8D,0x4C,0x24,0x20,
    0x48,0x89,0x44,0x24,0x20,0xC7,0x44,0x24,0x28,0x18,0x00,0x00,0x00,0xE8,0x64,0x05,
    0x00,0x00,0x85,0xC0,0x78,0x19,0x48,0x8B,0x15,0x03,0x27,0x00,0x00,0x48,0x8D,0x0D,
    0x14,0x24,0x00,0x00,0x48,0x8B,0x44,0x24,0x30,0xFF,0x15,0x41,0x15,0x00,0x00,0x48,
    0x83,0xC4,0x48,0xC3,0xCC,0xCC,0xCC,0xCC,0x48,0x83,0xEC,0x28,0x48,0x8D,0x0D,0xF5,
    0x23,0x00,0x00,0xE8,0x50,0x04,0x00,0x00,0x4C,0x8B,0x05,0xD1,0x26,0x00,0x00,0x48,
    0x8D,0x15,0xE2,0x23,0x00,0x00,0x48,0x8D,0x0D,0xAB,0x26,0x00,0x00,0xE8,0x1A,0x05,
    0x00,0x00,0x48,0x83,0xC4,0x28,0xC3,0xCC,0xCC,0xCC,0xCC,0xCC,0xCC,0xCC,0xCC,0xCC,
    0x48,0x89,0x5C,0x24,0x08,0x57,0x48,0x83,0xEC,0x20,0x48,0x8B,0xDA,0x48,0x8B,0xF9,
    0xE8,0xAB,0x43,0x00,0x00,0x48,0x8B,0xD3,0x48,0x8B,0xCF,0xE8,0x0C,0x00,0x00,0x00,
    0x48,0x8B,0x5C,0x24,0x30,0x48,0x83,0xC4,0x20,0x5F,0xC3,0xCC,0x48,0x8B,0xC4,0x48,
    0x89,0x58,0x08,0x48,0x89,0x68,0x10,0x48,0x89,0x70,0x18,0x48,0x89,0x78,0x20,0x41,
    0x56,0x48,0x83,0xEC,0x30,0x33,0xED,0x48,0x8B,0xF2,0x48,0x8B,0xF9,0x48,0x85,0xC9,
    0x75,0x0A,0xE8,0x19,0xE5,0xFF,0xFF,0xE9,0xC1,0x00,0x00,0x00,0x48,0x8D,0x05,0x1D,
    0x24,0x00,0x00,0x48,0x89,0x3D,0x4E,0x26,0x00,0x00,0x4C,0x8D,0x35,0x27,0x26,0x00,
    0x00,0xC7,0x05,0x1D,0x26,0x00,0x00,0x00,0x00,0x08,0x02,0x49,0x8B,0xCE,0x48,0x89,
    0x05,0x1B,0x26,0x00,0x00,0x48,0xFF,0x15,0x2C,0x14,0x00,0x00,0x0F,0x1F,0x44,0x00,
    0x00,0x4C,0x8D,0x0D,0x18,0x26,0x00,0x00,0x49,0x8B,0xD6,0x4C,0x8D,0x05,0x26,0x23,
    0x00,0x00,0x48,0x8B,0xCF,0xE8,0x56,0x04,0x00,0x00,0x85,0xC0,0x78,0x6F,0x48,0x8B,
    0x05,0xF3,0x25,0x00,0x00,0x48,0x8D,0x0D,0x0C,0x23,0x00,0x00,0x48,0x8B,0x90,0x48,
    0x06,0x00,0x00,0x48,0x89,0x15,0xBE,0x25,0x00,0x00,0xE8,0xC5,0x01,0x00,0x00,0x8B,
    0xD8,0x85,0xC0,0x78,0x41,0xE8,0xF6,0x00,0x00,0x00,0x8B,0xD8,0x85,0xC0,0x78,0x36,
    0x48,0x8B,0xD6,0x48,0x8B,0xCF,0xE8,0x85,0xE4,0xFF,0xFF,0x8B,0xD8,0x85,0xC0,0x79,
    0x48,0x33,0xD2,0x4C,0x89,0x74,0x24,0x20,0x44,0x8B,0xC8,0x4C,0x8D,0x05,0x26,0x15,
    0x00,0x00,0x8D,0x4A,0x4D,0x48,0xFF,0x15,0xB4,0x13,0x00,0x00,0x0F,0x1F,0x44,0x00,
    0x00,0xE8,0x56,0xFE,0xFF,0xFF,0xE8,0xAD,0xFE,0xFF,0xFF,0x8B,0xC3,0x48,0x8B,0x5C,
    0x24,0x40,0x48,0x8B,0x6C,0x24,0x48,0x48,0x8B,0x74,0x24,0x50,0x48,0x8B,0x7C,0x24,
    0x58,0x48,0x83,0xC4,0x30,0x41,0x5E,0xC3,0xCC,0x48,0x8B,0x05,0x70,0x25,0x00,0x00,
    0x40,0x38,0x68,0x30,0x74,0x26,0x48,0x8B,0x4F,0x68,0x48,0x8B,0x05,0x6F,0x25,0x00,
    0x00,0x48,0x85,0xC9,0x48,0x0F,0x45,0xC1,0x48,0x89,0x05,0x61,0x25,0x00,0x00,0x48,
    0x8D,0x05,0x3A,0x00,0x00,0x00,0x48,0x89,0x47,0x68,0xEB,0x15,0x8B,0x40,0x08,0xA8,
    0x02,0x74,0x0E,0x48,0x8D,0x05,0x16,0x00,0x00,0x00,0x48,0x89,0x05,0x07,0x25,0x00,
    0x00,0x33,0xC0,0xEB,0x98,0xCC,0xCC,0xCC,0xCC,0xCC,0xCC,0xCC,0xCC,0xCC,0xCC,0xCC,
    0x48,0x83,0xEC,0x28,0xE8,0x2F,0xFE,0xFF,0xFF,0x48,0x83,0xC4,0x28,0xC3,0xCC,0xCC,
    0x48,0x83,0xEC,0x28,0x48,0x8B,0x05,0x15,0x25,0x00,0x00,0x48,0x85,0xC0,0x74,0x12,
    0x48,0x8D,0x15,0xE9,0xFF,0xFF,0xFF,0x48,0x3B,0xC2,0x74,0x06,0xFF,0x15,0x3E,0x13,
    0x00,0x00,0xE8,0x01,0xFE,0xFF,0xFF,0x48,0x83,0xC4,0x28,0xC3,0xCC,0xCC,0xCC,0xCC,
    0x48,0x89,0x5C,0x24,0x08,0x57,0x48,0x83,0xEC,0x30,0x4C,0x8D,0x0D,0x4F,0x22,0x00,
    0x00,0x48,0x8D,0x3D,0x58,0x22,0x00,0x00,0x4C,0x3B,0xCF,0x76,0x2C,0x33,0xD2,0xC7,
    0x44,0x24,0x28,0x7B,0x00,0x00,0xC0,0x4C,0x8D,0x05,0x62,0x14,0x00,0x00,0x48,0x89,
    0x7C,0x24,0x20,0x8D,0x4A,0x4D,0x48,0xFF,0x15,0xB3,0x12,0x00,0x00,0x0F,0x1F,0x44,
    0x00,0x00,0xB8,0x7B,0x00,0x00,0xC0,0xEB,0x6D,0x48,0x8D,0x0D,0x20,0x22,0x00,0x00,
    0xEB,0x0A,0x48,0x83,0x39,0x00,0x75,0x0D,0x48,0x83,0xC1,0x08,0x48,0x8D,0x41,0x08,
    0x48,0x3B,0xC7,0x76,0xED,0x48,0x3B,0xCF,0x73,0x4A,0x48,0x8D,0x41,0x28,0x48,0x3B,
    0xC7,0x77,0x27,0x83,0x39,0x28,0x75,0x22,0x48,0x8B,0xD9,0x48,0x85,0xC9,0x74,0x1A,
    0x48,0x8B,0x41,0x20,0x48,0x85,0xC0,0x74,0x0A,0xFF,0x15,0xA1,0x12,0x00,0x00,0x48,
    0x89,0x43,0x18,0x8B,0x0B,0x48,0x03,0xCB,0xEB,0xC2,0x33,0xD2,0x4C,0x8D,0x05,0x95,
    0x14,0x00,0x00,0x8D,0x4A,0x4D,0x48,0xFF,0x15,0x43,0x12,0x00,0x00,0x0F,0x1F,0x44,
    0x00,0x00,0xEB,0x8E,0x33,0xC0,0x48,0x8B,0x5C,0x24,0x40,0x48,0x83,0xC4,0x30,0x5F,
    0xC3,0xCC,0xCC,0xCC,0x48,0x8B,0xC4,0x48,0x89,0x58,0x08,0x48,0x89,0x68,0x10,0x48,
    0x89,0x70,0x18,0x57,0x48,0x83,0xEC,0x40,0x33,0xFF,0x4C,0x8D,0x0D,0x5F,0x21,0x00,
    0x00,0x48,0x8D,0x2D,0x68,0x21,0x00,0x00,0x48,0x8B,0xF1,0x4C,0x3B,0xCD,0x76,0x2D,
    0xC7,0x40,0xE0,0x7B,0x00,0x00,0xC0,0x4C,0x8D,0x05,0x62,0x14,0x00,0x00,0x33,0xD2,
    0x48,0x89,0x68,0xD8,0x8D,0x4F,0x4D,0x48,0xFF,0x15,0xE2,0x11,0x00,0x00,0x0F,0x1F,
    0x44,0x00,0x00,0xB8,0x7B,0x00,0x00,0xC0,0xE9,0xA7,0x00,0x00,0x00,0x48,0x8D,0x0D,
    0x2C,0x21,0x00,0x00,0xEB,0x0A,0x48,0x83,0x39,0x00,0x75,0x0D,0x48,0x83,0xC1,0x08,
    0x48,0x8D,0x41,0x08,0x48,0x3B,0xC5,0x76,0xED,0x48,0x3B,0xCD,0x0F,0x83,0x80,0x00,
    0x00,0x00,0x48,0x8D,0x41,0x50,0x48,0x3B,0xC5,0x0F,0x87,0xD7,0x00,0x00,0x00,0x83,
    0x39,0x50,0x0F,0x85,0xCE,0x00,0x00,0x00,0x48,0x8B,0xD9,0x48,0x85,0xC9,0x0F,0x84,
    0xC2,0x00,0x00,0x00,0x48,0x8B,0x41,0x38,0x48,0x89,0x0D,0xE9,0x20,0x00,0x00,0x48,
    0x85,0xC0,0x74,0x66,0x4C,0x8B,0x05,0x65,0x23,0x00,0x00,0x4C,0x8B,0xC9,0x48,0x8D,
    0x0D,0xCB,0x01,0x00,0x00,0x48,0x8B,0xD6,0xFF,0x15,0xA2,0x11,0x00,0x00,0x8B,0xF8,
    0x85,0xC0,0x79,0x5E,0x4C,0x8B,0x4B,0x38,0x4C,0x8D,0x05,0x91,0x14,0x00,0x00,0x89,
    0x44,0x24,0x30,0x33,0xD2,0x48,0x8B,0x43,0x08,0x48,0x89,0x44,0x24,0x28,0x48,0x89,
    0x5C,0x24,0x20,0x8D,0x4A,0x4D,0x48,0xFF,0x15,0x33,0x11,0x00,0x00,0x0F,0x1F,0x44,
    0x00,0x00,0x8B,0xC7,0x48,0x8B,0x5C,0x24,0x50,0x48,0x8B,0x6C,0x24,0x58,0x48,0x8B,
    0x74,0x24,0x60,0x48,0x83,0xC4,0x40,0x5F,0xC3,0xCC,0x48,0x8B,0x15,0xFF,0x22,0x00,
    0x00,0x4C,0x8B,0xC3,0x48,0x8B,0xCE,0xE8,0x64,0x01,0x00,0x00,0x8B,0xF8,0x85,0xC0,
    0x78,0x0A,0x8B,0x0B,0x48,0x03,0xCB,0xE9,0x34,0xFF,0xFF,0xFF,0x48,0x8B,0x43,0x08,
    0x4C,0x8D,0x05,0x99,0x14,0x00,0x00,0x33,0xD2,0x89,0x7C,0x24,0x28,0x4C,0x8B,0xCB,
    0x48,0x89,0x44,0x24,0x20,0x8D,0x4A,0x4D,0x48,0xFF,0x15,0xD1,0x10,0x00,0x00,0x0F,
    0x1F,0x44,0x00,0x00,0xEB,0x9C,0x33,0xD2,0x4C,0x8D,0x05,0xE1,0x13,0x00,0x00,0x8D,
    0x4A,0x4D,0x48,0xFF,0x15,0xB7,0x10,0x00,0x00,0x0F,0x1F,0x44,0x00,0x00,0xE9,0xD0,
    0xFE,0xFF,0xFF,0xCC,0x48,0x8D,0x05,0xF5,0x1F,0x00,0x00,0x48,0x39,0x05,0x06,0x20,
    0x00,0x00,0x0F,0x95,0xC0,0xC3,0xCC,0xCC,0x48,0x89,0x5C,0x24,0x08,0x48,0x89,0x74,
    0x24,0x10,0x57,0x48,0x83,0xEC,0x30,0x48,0x8B,0x3D,0xEA,0x1F,0x00,0x00,0x48,0x8D,
    0x05,0xCB,0x1F,0x00,0x00,0x48,0x8D,0x1D,0xD4,0x1F,0x00,0x00,0x48,0x8B,0xF1,0x48,
    0x3B,0xF8,0x0F,0x84,0x91,0x00,0x00,0x00,0x48,0x83,0xC7,0x50,0xEB,0x0A,0x48,0x83,
    0x3B,0x00,0x75,0x0D,0x48,0x83,0xC3,0x08,0x48,0x8D,0x43,0x08,0x48,0x3B,0xC7,0x76,
    0xED,0x48,0x3B,0xDF,0x72,0x05,0x48,0x8B,0xDF,0xEB,0x0E,0x48,0x8D,0x43,0x50,0x48,
    0x3B,0xC7,0x77,0x4D,0x83,0x3B,0x50,0x75,0x48,0x48,0x85,0xDB,0x74,0x43,0x48,0x3B,
    0xDF,0x73,0x56,0x48,0x8B,0x43,0x40,0x48,0x85,0xC0,0x74,0x1C,0x4C,0x8B,0x05,0x0D,
    0x22,0x00,0x00,0x48,0x8D,0x0D,0x86,0x00,0x00,0x00,0x4C,0x8B,0xCB,0x48,0x8B,0xD6,
    0xFF,0x15,0x4A,0x10,0x00,0x00,0xEB,0x12,0x48,0x8B,0x15,0xF1,0x21,0x00,0x00,0x4C,
    0x8B,0xC3,0x48,0x8B,0xCE,0xE8,0x66,0x00,0x00,0x00,0x8B,0x03,0x48,0x03,0xD8,0xEB,
    0x97,0x33,0xD2,0x4C,0x8D,0x05,0x06,0x13,0x00,0x00,0x8D,0x4A,0x4D,0x48,0xFF,0x15,
    0xDC,0x0F,0x00,0x00,0x0F,0x1F,0x44,0x00,0x00,0x48,0x8B,0x5C,0x24,0x40,0x48,0x8B,
    0x74,0x24,0x48,0x48,0x83,0xC4,0x30,0x5F,0xC3,0xCC,0xCC,0xCC,0xCC,0xCC,0xCC,0xCC,
    0xFF,0x25,0x22,0x0F,0x00,0x00,0xFF,0x25,0x24,0x0F,0x00,0x00,0xFF,0x25,0x26,0x0F,
    0x00,0x00,0xCC,0xCC,0xCC,0xCC,0xCC,0xCC,0xCC,0xCC,0xCC,0xCC,0xCC,0xCC,0xCC,0xCC,
    0xFF,0x25,0x1A,0x0F,0x00,0x00,0xCC,0xCC,0xCC,0xCC,0xCC,0xCC,0xCC,0xCC,0xCC,0xCC,
    0xFF,0x25,0x12,0x0F,0x00,0x00,0xCC,0xCC,0xCC,0xCC,0xCC,0xCC,0xCC,0xCC,0xCC,0xCC,
    0xCC,0xCC,0xCC,0xCC,0xCC,0xCC,0x66,0x66,0x0F,0x1F,0x84,0x00,0x00,0x00,0x00,0x00,
    0xFF,0xE0,0xCC,0xCC,0xCC,0xCC,0xCC,0xCC,0xCC,0xCC,0xCC,0xCC,0xCC,0xCC,0xCC,0xCC,
    0xCC,0xCC,0xCC,0xCC,0xCC,0xCC,0x66,0x66,0x0F,0x1F,0x84,0x00,0x00,0x00,0x00,0x00,
    0xFF,0x25,0x8A,0x0F,0x00,0x00,0xCC,0xCC,0xCC,0xCC,0xCC,0xCC,0xCC,0xCC,0xCC,0xCC,
    0x48,0x8B,0xC1,0x49,0x83,0xF8,0x08,0x72,0x37,0x49,0x83,0xF8,0x10,0x77,0x11,0x4C,
    0x8B,0x1A,0x4A,0x8B,0x54,0x02,0xF8,0x4C,0x89,0x19,0x4A,0x89,0x54,0x01,0xF8,0xC3,
    0x49,0x83,0xF8,0x20,0x77,0x5A,0x0F,0x10,0x02,0x42,0x0F,0x10,0x4C,0x02,0xF0,0x0F,
    0x11,0x01,0x42,0x0F,0x11,0x4C,0x01,0xF0,0xC3,0x0F,0x1F,0x80,0x00,0x00,0x00,0x00,
    0x4D,0x85,0xC0,0x74,0x15,0x48,0x2B,0xD1,0x72,0x16,0x44,0x8A,0x1C,0x11,0x48,0xFF,
    0xC1,0x49,0xFF,0xC8,0x44,0x88,0x59,0xFF,0x75,0xF0,0xC3,0x0F,0x1F,0x44,0x00,0x00,
    0x49,0x03,0xC8,0x44,0x8A,0x5C,0x11,0xFF,0x48,0xFF,0xC9,0x49,0xFF,0xC8,0x44,0x88,
    0x19,0x75,0xF0,0xC3,0x66,0x66,0x66,0x66,0x0F,0x1F,0x84,0x00,0x00,0x00,0x00,0x00,
    0x4E,0x8D,0x1C,0x02,0x48,0x2B,0xD1,0x73,0x09,0x4C,0x3B,0xD9,0x0F,0x87,0x6E,0x01,
    0x00,0x00,0x0F,0x10,0x04,0x11,0x48,0x83,0xC1,0x10,0xF6,0xC1,0x0F,0x74,0x12,0x48,
    0x83,0xE1,0xF0,0x0F,0x10,0x0C,0x11,0x0F,0x11,0x00,0x0F,0x28,0xC1,0x48,0x83,0xC1,
    0x10,0x4C,0x03,0xC0,0x4C,0x2B,0xC1,0x4D,0x8B,0xC8,0x49,0xC1,0xE9,0x06,0x74,0x6F,
    0x49,0x81,0xF9,0x00,0x10,0x00,0x00,0x0F,0x87,0xB3,0x00,0x00,0x00,0x49,0x83,0xE0,
    0x3F,0xEB,0x2D,0x66,0x66,0x66,0x66,0x66,0x66,0x66,0x0F,0x1F,0x84,0x00,0x00,0x00,
    0x00,0x00,0x66,0x66,0x66,0x66,0x66,0x66,0x66,0x0F,0x1F,0x84,0x00,0x00,0x00,0x00,
    0x00,0x66,0x66,0x66,0x66,0x66,0x66,0x66,0x0F,0x1F,0x84,0x00,0x00,0x00,0x00,0x00,
    0x0F,0x10,0x0C,0x11,0x0F,0x10,0x54,0x11,0x10,0x0F,0x10,0x5C,0x11,0x20,0x0F,0x10,
    0x64,0x11,0x30,0x0F,0x29,0x41,0xF0,0x48,0x83,0xC1,0x40,0x49,0xFF,0xC9,0x0F,0x29,
    0x49,0xC0,0x0F,0x29,0x51,0xD0,0x0F,0x29,0x59,0xE0,0x0F,0x28,0xC4,0x75,0xD1,0x4D,
    0x8B,0xC8,0x49,0xC1,0xE9,0x04,0x74,0x19,0x0F,0x1F,0x84,0x00,0x00,0x00,0x00,0x00,
    0x0F,0x29,0x41,0xF0,0x0F,0x10,0x04,0x11,0x48,0x83,0xC1,0x10,0x49,0xFF,0xC9,0x75,
    0xEF,0x49,0x83,0xE0,0x0F,0x74,0x0E,0x4E,0x8D,0x5C,0x01,0xF0,0x41,0x0F,0x10,0x0C,
    0x13,0x41,0x0F,0x11,0x0B,0x0F,0x29,0x41,0xF0,0xC3,0x66,0x66,0x66,0x66,0x66,0x66,
    0x66,0x0F,0x1F,0x84,0x00,0x00,0x00,0x00,0x00,0x0F,0x1F,0x80,0x00,0x00,0x00,0x00,
    0x4D,0x8B,0xC8,0x49,0xC1,0xE9,0x06,0x49,0x83,0xE0,0x3F,0x0F,0x18,0x44,0x11,0x40,
    0xEB,0x2E,0x66,0x66,0x66,0x66,0x66,0x66,0x66,0x0F,0x1F,0x84,0x00,0x00,0x00,0x00,
    0x00,0x66,0x66,0x66,0x66,0x66,0x66,0x66,0x0F,0x1F,0x84,0x00,0x00,0x00,0x00,0x00,
    0x66,0x66,0x66,0x66,0x66,0x66,0x66,0x0F,0x1F,0x84,0x00,0x00,0x00,0x00,0x00,0x90,
    0x0F,0x10,0x0C,0x11,0x0F,0x10,0x54,0x11,0x10,0x0F,0x10,0x5C,0x11,0x20,0x0F,0x10,
    0x64,0x11,0x30,0x0F,0x2B,0x41,0xF0,0x48,0x83,0xC1,0x40,0x0F,0x18,0x44,0x11,0x40,
    0x49,0xFF,0xC9,0x0F,0x2B,0x49,0xC0,0x0F,0x2B,0x51,0xD0,0x0F,0x2B,0x59,0xE0,0x0F,
    0x28,0xC4,0x75,0xCC,0x0F,0xAE,0xF8,0xE9,0x33,0xFF,0xFF,0xFF,0x0F,0x1F,0x40,0x00,
    0x49,0x03,0xC8,0x0F,0x10,0x44,0x11,0xF0,0x48,0x83,0xE9,0x10,0x49,0x83,0xE8,0x10,
    0xF6,0xC1,0x0F,0x74,0x18,0x4C,0x8B,0xD9,0x48,0x83,0xE1,0xF0,0x0F,0x10,0x0C,0x11,
    0x41,0x0F,0x11,0x03,0x0F,0x28,0xC1,0x4C,0x8B,0xC1,0x4C,0x2B,0xC0,0x4D,0x8B,0xC8,
    0x49,0xC1,0xE9,0x06,0x74,0x39,0x49,0x83,0xE0,0x3F,0xEB,0x04,0x0F,0x1F,0x40,0x00,
    0x0F,0x10,0x4C,0x11,0xF0,0x0F,0x10,0x54,0x11,0xE0,0x0F,0x10,0x5C,0x11,0xD0,0x0F,
    0x10,0x64,0x11,0xC0,0x0F,0x29,0x01,0x48,0x83,0xE9,0x40,0x49,0xFF,0xC9,0x0F,0x29,
    0x49,0x30,0x0F,0x29,0x51,0x20,0x0F,0x29,0x59,0x10,0x0F,0x28,0xC4,0x75,0xD1,0x4D,
    0x8B,0xC8,0x49,0xC1,0xE9,0x04,0x74,0x19,0x0F,0x1F,0x84,0x00,0x00,0x00,0x00,0x00,
    0x0F,0x29,0x01,0x0F,0x10,0x44,0x11,0xF0,0x48,0x83,0xE9,0x10,0x49,0xFF,0xC9,0x75,
    0xEF,0x49,0x83,0xE0,0x0F,0x74,0x0F,0x4C,0x8B,0xD9,0x4D,0x2B,0xD8,0x41,0x0F,0x10,
    0x0C,0x13,0x41,0x0F,0x11,0x0B,0x0F,0x29,0x01,0xC3,0xCC,0xCC,0xCC,0xCC,0xCC,0xCC,
    0xCC,0xCC,0xCC,0xCC,0xCC,0xCC,0xCC,0xCC,0xCC,0xCC,0xCC,0xCC,0xCC,0xCC,0xCC,0xCC,
    0x48,0x8B,0xC1,0x0F,0xB6,0xD2,0x49,0xB9,0x01,0x01,0x01,0x01,0x01,0x01,0x01,0x01,
    0x49,0x0F,0xAF,0xD1,0x66,0x48,0x0F,0x6E,0xC2,0x0F,0x16,0xC0,0x49,0x83,0xF8,0x40,
    0x72,0x6E,0xF6,0x05,0x57,0x1B,0x00,0x00,0x02,0x74,0x0D,0x49,0x81,0xF8,0x20,0x03,
    0x00,0x00,0x0F,0x83,0x08,0x01,0x00,0x00,0x0F,0x11,0x01,0x4C,0x03,0xC1,0x48,0x83,
    0xC1,0x10,0x48,0x83,0xE1,0xF0,0x4C,0x2B,0xC1,0x49,0x83,0xF8,0x40,0x72,0x47,0x4A,
    0x8D,0x54,0x01,0xF0,0x4E,0x8D,0x4C,0x01,0xD0,0x49,0x83,0xE1,0xF0,0x49,0xC1,0xE8,
    0x06,0x0F,0x29,0x01,0x0F,0x29,0x41,0x10,0x48,0x83,0xC1,0x40,0x49,0xFF,0xC8,0x0F,
    0x29,0x41,0xE0,0x0F,0x29,0x41,0xF0,0x75,0xE8,0x41,0x0F,0x29,0x01,0x41,0x0F,0x29,
    0x41,0x10,0x41,0x0F,0x29,0x41,0x20,0x0F,0x11,0x02,0xC3,0x0F,0x1F,0x44,0x00,0x00,
    0x49,0x83,0xF8,0x10,0x72,0x2A,0x4D,0x8D,0x4C,0x08,0xF0,0x49,0x83,0xE0,0x20,0x0F,
    0x11,0x01,0x49,0xD1,0xE8,0x41,0x0F,0x11,0x01,0x42,0x0F,0x11,0x04,0x01,0x49,0xF7,
    0xD8,0x43,0x0F,0x11,0x04,0x01,0xC3,0x66,0x0F,0x1F,0x84,0x00,0x00,0x00,0x00,0x00,
    0x49,0x83,0xF8,0x04,0x72,0x2A,0x4D,0x8D,0x4C,0x08,0xFC,0x49,0x83,0xE0,0x08,0x89,
    0x11,0x49,0xD1,0xE8,0x41,0x89,0x11,0x42,0x89,0x14,0x01,0x49,0xF7,0xD8,0x43,0x89,
    0x14,0x01,0xC3,0x66,0x66,0x66,0x66,0x66,0x0F,0x1F,0x84,0x00,0x00,0x00,0x00,0x00,
    0x4D,0x85,0xC0,0x74,0x11,0x88,0x11,0x4E,0x8D,0x4C,0x01,0xFE,0x49,0x83,0xF8,0x01,
    0x74,0x04,0x66,0x41,0x89,0x11,0xC3,0xCC,0xCC,0xCC,0xCC,0xCC,0xCC,0xCC,0xCC,0xCC,
    0xCC,0xCC,0xCC,0xCC,0xCC,0xCC,0xCC,0xCC,0xCC,0xCC,0xCC,0xCC,0xCC,0xCC,0xCC,0xCC,
    0xCC,0xCC,0xCC,0xCC,0xCC,0xCC,0xCC,0xCC,0xCC,0xCC,0xCC,0xCC,0xCC,0xCC,0xCC,0xCC,
    0xCC,0xCC,0xCC,0xCC,0xCC,0xCC,0xCC,0xCC,0xCC,0xCC,0xCC,0xCC,0xCC,0xCC,0xCC,0xCC,
    0x57,0xF6,0x05,0x38,0x1A,0x00,0x00,0x01,0x74,0x32,0x48,0x8B,0xF9,0x4C,0x03,0xC1,
    0x0F,0x11,0x01,0x48,0x83,0xC7,0x40,0x0F,0x11,0x41,0x10,0x48,0x83,0xE7,0xC0,0x0F,
    0x11,0x41,0x20,0x4C,0x2B,0xC7,0x0F,0x11,0x41,0x30,0x49,0x8B,0xC8,0x4C,0x8B,0xC8,
    0x66,0x48,0x0F,0x7E,0xC0,0xF3,0xAA,0x49,0x8B,0xC1,0x5F,0xC3,0xE8,0x3F,0x00,0x00,
    0x00,0xEB,0xC7,0xCC,0xCC,0xCC,0xCC,0xCC,0xCC,0xCC,0xCC,0xCC,0xCC,0xCC,0xCC,0xCC,
    0xCC,0xCC,0xCC,0xCC,0xCC,0xCC,0xCC,0xCC,0xCC,0xCC,0xCC,0xCC,0xCC,0xCC,0xCC,0xCC,
    0xCC,0xCC,0xCC,0xCC,0xCC,0xCC,0xCC,0xCC,0xCC,0xCC,0xCC,0xCC,0xCC,0xCC,0xCC,0xCC,
    0xCC,0xCC,0xCC,0xCC,0xCC,0xCC,0xCC,0xCC,0xCC,0xCC,0xCC,0xCC,0xCC,0xCC,0xCC,0xCC,
    0x41,0x51,0x41,0x50,0x52,0x51,0x50,0x48,0x83,0xEC,0x30,0x0F,0x29,0x44,0x24,0x20,
    0xE8,0xBB,0xF4,0xFF,0xFF,0x0F,0x28,0x44,0x24,0x20,0x48,0x83,0xC4,0x30,0x58,0x59,
    0x5A,0x41,0x58,0x41,0x59,0xC3,0xCC,0xCC,0xCC,0xCC,0xCC,0xCC,0xCC,0xCC,0xCC,0xCC,
    0x5C,0x00,0x44,0x00,0x65,0x00,0x76,0x00,0x69,0x00,0x63,0x00,0x65,0x00,0x5C,0x00,
    0x57,0x00,0x69,0x00,0x6E,0x00,0x4D,0x00,0x73,0x00,0x72,0x00,0x44,0x00,0x65,0x00,
    0x76,0x00,0x00,0x00,0xCC,0xCC,0xCC,0xCC,0xCC,0xCC,0xCC,0xCC,0xCC,0xCC,0xCC,0xCC,
    0x5C,0x00,0x44,0x00,0x6F,0x00,0x73,0x00,0x44,0x00,0x65,0x00,0x76,0x00,0x69,0x00,
    0x63,0x00,0x65,0x00,0x73,0x00,0x5C,0x00,0x57,0x00,0x69,0x00,0x6E,0x00,0x4D,0x00,
    0x73,0x00,0x72,0x00,0x44,0x00,0x65,0x00,0x76,0x00,0x00,0x00,0xCC,0xCC,0xCC,0xCC,
    0x5C,0x00,0x4C,0x00,0x6E,0x00,0x76,0x00,0x4D,0x00,0x69,0x00,0x6E,0x00,0x69,0x00,
    0x46,0x00,0x69,0x00,0x6C,0x00,0x74,0x00,0x65,0x00,0x72,0x00,0x44,0x00,0x72,0x00,
    0x69,0x00,0x76,0x00,0x65,0x00,0x72,0x00,0x50,0x00,0x6F,0x00,0x72,0x00,0x74,0x00,
    0x00,0x00,0xCC,0xCC,0xCC,0xCC,0xCC,0xCC,0xCC,0xCC,0xCC,0xCC,0xCC,0xCC,0xCC,0xCC,
    0x40,0x55,0x48,0x83,0xEC,0x20,0x48,0x8B,0xEA,0xB8,0x01,0x00,0x00,0x00,0x48,0x83,
    0xC4,0x20,0x5D,0xC3,0xCC,0xCC,0xCC,0xCC,0xCC,0xCC,0xCC,0xCC,0xCC,0xCC,0xCC,0xCC,
    0x40,0x55,0x48,0x8B,0xEA,0xB8,0x01,0x00,0x00,0x00,0x5D,0xC3,0xCC,0x00,0x00,0x00,
    0x00,0x00,0x00,0x00,0x00,0x00,0x00,0x00,0x00,0x00,0x00,0x00,0x00,0x00,0x00,0x00,
    0x00,0x00,0x00,0x00,0x00,0x00,0x00,0x00,0x00,0x00,0x00,0x00,0x00,0x00,0x00,0x00,
    0x00,0x00,0x00,0x00,0x00,0x00,0x00,0x00,0x00,0x00,0x00,0x00,0x00,0x00,0x00,0x00,
    0x00,0x00,0x00,0x00,0x00,0x00,0x00,0x00,0x00,0x00,0x00,0x00,0x00,0x00,0x00,0x00,
    0x00,0x00,0x00,0x00,0x00,0x00,0x00,0x00,0x00,0x00,0x00,0x00,0x00,0x00,0x00,0x00,
    0x00,0x00,0x00,0x00,0x00,0x00,0x00,0x00,0x00,0x00,0x00,0x00,0x00,0x00,0x00,0x00,
    0x00,0x00,0x00,0x00,0x00,0x00,0x00,0x00,0x00,0x00,0x00,0x00,0x00,0x00,0x00,0x00,
    0x00,0x00,0x00,0x00,0x00,0x00,0x00,0x00,0x00,0x00,0x00,0x00,0x00,0x00,0x00,0x00,
    0x00,0x00,0x00,0x00,0x00,0x00,0x00,0x00,0x00,0x00,0x00,0x00,0x00,0x00,0x00,0x00,
    0x00,0x00,0x00,0x00,0x00,0x00,0x00,0x00,0x00,0x00,0x00,0x00,0x00,0x00,0x00,0x00,
    0x00,0x00,0x00,0x00,0x00,0x00,0x00,0x00,0x00,0x00,0x00,0x00,0x00,0x00,0x00,0x00,
    0x00,0x00,0x00,0x00,0x00,0x00,0x00,0x00,0x00,0x00,0x00,0x00,0x00,0x00,0x00,0x00,
    0xD0,0x71,0x00,0x00,0x00,0x00,0x00,0x00,0xE4,0x71,0x00,0x00,0x00,0x00,0x00,0x00,
    0xFA,0x71,0x00,0x00,0x00,0x00,0x00,0x00,0x0E,0x72,0x00,0x00,0x00,0x00,0x00,0x00,
    0x2C,0x72,0x00,0x00,0x00,0x00,0x00,0x00,0x48,0x72,0x00,0x00,0x00,0x00,0x00,0x00,
    0x5E,0x72,0x00,0x00,0x00,0x00,0x00,0x00,0x70,0x72,0x00,0x00,0x00,0x00,0x00,0x00,
    0x94,0x72,0x00,0x00,0x00,0x00,0x00,0x00,0x00,0x00,0x00,0x00,0x00,0x00,0x00,0x00,
    0x64,0x74,0x00,0x00,0x00,0x00,0x00,0x00,0x4C,0x74,0x00,0x00,0x00,0x00,0x00,0x00,
    0x00,0x00,0x00,0x00,0x00,0x00,0x00,0x00,0xAA,0x74,0x00,0x00,0x00,0x00,0x00,0x00,
    0xBC,0x74,0x00,0x00,0x00,0x00,0x00,0x00,0xD4,0x74,0x00,0x00,0x00,0x00,0x00,0x00,
    0xE8,0x74,0x00,0x00,0x00,0x00,0x00,0x00,0xFE,0x74,0x00,0x00,0x00,0x00,0x00,0x00,
    0x00,0x00,0x00,0x00,0x00,0x00,0x00,0x00,0x52,0x73,0x00,0x00,0x00,0x00,0x00,0x00,
    0x7C,0x73,0x00,0x00,0x00,0x00,0x00,0x00,0x8E,0x73,0x00,0x00,0x00,0x00,0x00,0x00,
    0xA6,0x73,0x00,0x00,0x00,0x00,0x00,0x00,0xC8,0x73,0x00,0x00,0x00,0x00,0x00,0x00,
    0xEC,0x73,0x00,0x00,0x00,0x00,0x00,0x00,0x10,0x74,0x00,0x00,0x00,0x00,0x00,0x00,
    0x26,0x74,0x00,0x00,0x00,0x00,0x00,0x00,0xBC,0x72,0x00,0x00,0x00,0x00,0x00,0x00,
    0x3C,0x73,0x00,0x00,0x00,0x00,0x00,0x00,0x2A,0x73,0x00,0x00,0x00,0x00,0x00,0x00,
    0x1A,0x73,0x00,0x00,0x00,0x00,0x00,0x00,0x84,0x74,0x00,0x00,0x00,0x00,0x00,0x00,
    0x9C,0x74,0x00,0x00,0x00,0x00,0x00,0x00,0x0A,0x73,0x00,0x00,0x00,0x00,0x00,0x00,
    0xFA,0x72,0x00,0x00,0x00,0x00,0x00,0x00,0xE6,0x72,0x00,0x00,0x00,0x00,0x00,0x00,
    0xD4,0x72,0x00,0x00,0x00,0x00,0x00,0x00,0x64,0x73,0x00,0x00,0x00,0x00,0x00,0x00,
    0x00,0x00,0x00,0x00,0x00,0x00,0x00,0x00,0x00,0x2B,0x00,0x40,0x01,0x00,0x00,0x00,
    0x90,0x31,0x00,0x40,0x01,0x00,0x00,0x00,0x00,0x2B,0x00,0x40,0x01,0x00,0x00,0x00,
    0xB0,0x31,0x00,0x40,0x01,0x00,0x00,0x00,0xB0,0x31,0x00,0x40,0x01,0x00,0x00,0x00,
    0x00,0x00,0x00,0x00,0x00,0x00,0x00,0x00,0x00,0x10,0x00,0x00,0x40,0x10,0x00,0x00,
    0x70,0x11,0x00,0x00,0x80,0x15,0x00,0x00,0x60,0x1A,0x00,0x00,0x20,0x1B,0x00,0x00,
    0x00,0x23,0x00,0x00,0x00,0x2B,0x00,0x00,0x10,0x2B,0x00,0x00,0x40,0x2C,0x00,0x00,
    0xD0,0x2D,0x00,0x00,0xE0,0x2D,0x00,0x00,0x60,0x31,0x00,0x00,0x70,0x31,0x00,0x00,
    0x90,0x31,0x00,0x00,0xB0,0x31,0x00,0x00,0xC0,0x35,0x00,0x00,0x40,0x36,0x00,0x00,
    0x80,0x00,0x00,0x00,0x00,0x00,0x00,0x00,0x00,0x00,0x00,0x00,0x00,0x00,0x00,0x00,
    0x00,0x00,0x00,0x00,0x00,0x00,0x00,0x00,0x00,0x00,0x00,0x00,0x00,0x00,0x00,0x00,
    0x70,0x00,0x03,0x02,0x00,0x00,0x00,0x00,0x00,0x00,0x00,0x00,0x00,0x00,0x00,0x00,
    0x00,0x00,0x00,0x00,0x00,0x00,0x00,0x00,0x00,0x00,0x00,0x00,0x00,0x00,0x00,0x00,
    0x00,0x00,0x00,0x00,0x00,0x00,0x00,0x00,0x00,0x00,0x00,0x00,0x00,0x00,0x00,0x00,
    0x00,0x00,0x00,0x00,0x00,0x00,0x00,0x00,0x00,0x00,0x00,0x00,0x00,0x00,0x00,0x00,
    0x00,0x00,0x00,0x00,0x00,0x00,0x00,0x00,0x00,0x00,0x00,0x00,0x00,0x00,0x00,0x00,
    0x00,0x00,0x00,0x00,0x00,0x00,0x00,0x00,0x00,0x00,0x00,0x00,0x00,0x00,0x00,0x00,
    0x00,0x00,0x00,0x00,0x00,0x00,0x00,0x00,0x00,0x00,0x00,0x00,0x00,0x00,0x00,0x00,
    0x56,0x95,0xE6,0x6F,0x4A,0x70,0xA0,0x47,0x8F,0x24,0xC2,0x8D,0x93,0x6F,0xDA,0x47,
    0x4B,0x00,0x6D,0x00,0x64,0x00,0x66,0x00,0x4C,0x00,0x69,0x00,0x62,0x00,0x72,0x00,
    0x61,0x00,0x72,0x00,0x79,0x00,0x00,0x00,0x44,0x72,0x69,0x76,0x65,0x72,0x45,0x6E,
    0x74,0x72,0x79,0x20,0x66,0x61,0x69,0x6C,0x65,0x64,0x20,0x30,0x78,0x25,0x78,0x20,
    0x66,0x6F,0x72,0x20,0x64,0x72,0x69,0x76,0x65,0x72,0x20,0x25,0x77,0x5A,0x0A,0x00,
    0xC5,0x3F,0xD8,0x91,0x6F,0x3D,0x6D,0x4E,0xB6,0x9E,0x0E,0xA2,0x6C,0xD3,0x82,0xE7,
    0x46,0x78,0x53,0x74,0x75,0x62,0x49,0x6E,0x69,0x74,0x54,0x79,0x70,0x65,0x73,0x3A,
    0x20,0x69,0x6E,0x76,0x61,0x6C,0x69,0x64,0x20,0x64,0x72,0x69,0x76,0x65,0x72,0x20,
    0x69,0x6D,0x61,0x67,0x65,0x2C,0x20,0x74,0x68,0x65,0x20,0x61,0x64,0x64,0x72,0x65,
    0x73,0x73,0x20,0x6F,0x66,0x20,0x73,0x79,0x6D,0x62,0x6F,0x6C,0x20,0x5F,0x5F,0x4B,
    0x4D,0x44,0x46,0x5F,0x54,0x59,0x50,0x45,0x5F,0x49,0x4E,0x49,0x54,0x5F,0x53,0x54,
    0x41,0x52,0x54,0x20,0x30,0x78,0x25,0x70,0x20,0x69,0x73,0x20,0x67,0x72,0x65,0x61,
    0x74,0x65,0x72,0x20,0x74,0x68,0x61,0x6E,0x20,0x74,0x68,0x65,0x20,0x61,0x64,0x64,
    0x72,0x65,0x73,0x73,0x20,0x6F,0x66,0x20,0x73,0x79,0x6D,0x62,0x6F,0x6C,0x20,0x5F,
    0x5F,0x4B,0x4D,0x44,0x46,0x5F,0x54,0x59,0x50,0x45,0x5F,0x49,0x4E,0x49,0x54,0x5F,
    0x45,0x4E,0x44,0x20,0x30,0x78,0x25,0x70,0x2C,0x20,0x73,0x74,0x61,0x74,0x75,0x73,
    0x20,0x30,0x78,0x25,0x78,0x0A,0x00,0x00,0x46,0x78,0x47,0x65,0x74,0x4E,0x65,0x78,
    0x74,0x4F,0x62,0x6A,0x65,0x63,0x74,0x43,0x6F,0x6E,0x74,0x65,0x78,0x74,0x54,0x79,
    0x70,0x65,0x49,0x6E,0x66,0x6F,0x20,0x66,0x61,0x69,0x6C,0x65,0x64,0x0A,0x00,0x00,
    0x46,0x78,0x53,0x74,0x75,0x62,0x42,0x69,0x6E,0x64,0x43,0x6C,0x61,0x73,0x73,0x65,
    0x73,0x3A,0x20,0x69,0x6E,0x76,0x61,0x6C,0x69,0x64,0x20,0x64,0x72,0x69,0x76,0x65,
    0x72,0x20,0x69,0x6D,0x61,0x67,0x65,0x2C,0x20,0x74,0x68,0x65,0x20,0x61,0x64,0x64,
    0x72,0x65,0x73,0x73,0x20,0x6F,0x66,0x20,0x73,0x79,0x6D,0x62,0x6F,0x6C,0x20,0x5F,
    0x5F,0x4B,0x4D,0x44,0x46,0x5F,0x43,0x4C,0x41,0x53,0x53,0x5F,0x42,0x49,0x4E,0x44,
    0x5F,0x53,0x54,0x41,0x52,0x54,0x20,0x30,0x78,0x25,0x70,0x20,0x69,0x73,0x20,0x67,
    0x72,0x65,0x61,0x74,0x65,0x72,0x20,0x74,0x68,0x61,0x6E,0x20,0x74,0x68,0x65,0x20,
    0x61,0x64,0x64,0x72,0x65,0x73,0x73,0x20,0x6F,0x66,0x20,0x73,0x79,0x6D,0x62,0x6F,
    0x6C,0x20,0x5F,0x5F,0x4B,0x4D,0x44,0x46,0x5F,0x43,0x4C,0x41,0x53,0x53,0x5F,0x42,
    0x49,0x4E,0x44,0x5F,0x45,0x4E,0x44,0x20,0x30,0x78,0x25,0x70,0x2C,0x20,0x73,0x74,
    0x61,0x74,0x75,0x73,0x20,0x30,0x78,0x25,0x78,0x0A,0x00,0x00,0x00,0x00,0x00,0x00,
    0x46,0x78,0x47,0x65,0x74,0x4E,0x65,0x78,0x74,0x43,0x6C,0x61,0x73,0x73,0x42,0x69,
    0x6E,0x64,0x49,0x6E,0x66,0x6F,0x20,0x66,0x61,0x69,0x6C,0x65,0x64,0x0A,0x00,0x00,
    0x46,0x78,0x53,0x74,0x75,0x62,0x42,0x69,0x6E,0x64,0x43,0x6C,0x61,0x73,0x73,0x65,
    0x73,0x3A,0x20,0x43,0x6C,0x69,0x65,0x6E,0x74,0x42,0x69,0x6E,0x64,0x43,0x6C,0x61,
    0x73,0x73,0x20,0x25,0x70,0x2C,0x20,0x57,0x44,0x46,0x5F,0x43,0x4C,0x41,0x53,0x53,
    0x5F,0x42,0x49,0x4E,0x44,0x5F,0x49,0x4E,0x46,0x4F,0x20,0x30,0x78,0x25,0x70,0x2C,
    0x20,0x63,0x6C,0x61,0x73,0x73,0x20,0x25,0x53,0x2C,0x20,0x72,0x65,0x74,0x75,0x72,
    0x6E,0x65,0x64,0x20,0x73,0x74,0x61,0x74,0x75,0x73,0x20,0x30,0x78,0x25,0x78,0x0A,
    0x00,0x00,0x00,0x00,0x00,0x00,0x00,0x00,0x00,0x00,0x00,0x00,0x00,0x00,0x00,0x00,
    0x46,0x78,0x53,0x74,0x75,0x62,0x42,0x69,0x6E,0x64,0x43,0x6C,0x61,0x73,0x73,0x65,
    0x73,0x3A,0x20,0x56,0x65,0x72,0x73,0x69,0x6F,0x6E,0x42,0x69,0x6E,0x64,0x43,0x6C,
    0x61,0x73,0x73,0x20,0x57,0x44,0x46,0x5F,0x43,0x4C,0x41,0x53,0x53,0x5F,0x42,0x49,
    0x4E,0x44,0x5F,0x49,0x4E,0x46,0x4F,0x20,0x30,0x78,0x25,0x70,0x2C,0x20,0x63,0x6C,
    0x61,0x73,0x73,0x20,0x25,0x53,0x2C,0x20,0x72,0x65,0x74,0x75,0x72,0x6E,0x65,0x64,
    0x20,0x73,0x74,0x61,0x74,0x75,0x73,0x20,0x30,0x78,0x25,0x78,0x0A,0x00,0x00,0x00,
    0x40,0x01,0x00,0x00,0x00,0x00,0x00,0x00,0x00,0x00,0x00,0x00,0x00,0x00,0x00,0x00,
    0x00,0x00,0x00,0x00,0x00,0x00,0x00,0x00,0x00,0x00,0x00,0x00,0x00,0x00,0x00,0x00,
    0x00,0x00,0x00,0x00,0x00,0x00,0x00,0x00,0x00,0x00,0x00,0x00,0x00,0x00,0x00,0x00,
    0x00,0x00,0x00,0x00,0x00,0x00,0x00,0x00,0x00,0x00,0x00,0x00,0x00,0x00,0x00,0x00,
    0x00,0x00,0x00,0x00,0x00,0x00,0x00,0x00,0x00,0x00,0x00,0x00,0x00,0x00,0x00,0x00,
    0x00,0x00,0x00,0x00,0x00,0x00,0x00,0x00,0x38,0x50,0x00,0x40,0x01,0x00,0x00,0x00,
    0x00,0x00,0x00,0x00,0x00,0x00,0x00,0x00,0x00,0x00,0x00,0x00,0x00,0x00,0x00,0x00,
    0x38,0x41,0x00,0x40,0x01,0x00,0x00,0x00,0x40,0x41,0x00,0x40,0x01,0x00,0x00,0x00,
    0x68,0x41,0x00,0x40,0x01,0x00,0x00,0x00,0x12,0x00,0x00,0x00,0x00,0x00,0x00,0x00,
    0x00,0x45,0x01,0x00,0x00,0x00,0x00,0x00,0x00,0x00,0x00,0x00,0x00,0x00,0x00,0x00,
    0x00,0x00,0x00,0x00,0x00,0x00,0x00,0x00,0x00,0x00,0x00,0x00,0x00,0x00,0x00,0x00,
    0x00,0x00,0x00,0x00,0x00,0x00,0x00,0x00,0x00,0x00,0x00,0x00,0x00,0x00,0x00,0x00,
    0x00,0x00,0x00,0x00,0x00,0x00,0x00,0x00,0x00,0x00,0x00,0x00,0x00,0x00,0x00,0x00,
    0x00,0x00,0x00,0x00,0x00,0x00,0x00,0x00,0x00,0x00,0x00,0x00,0x00,0x00,0x00,0x00,
    0x00,0x00,0x00,0x00,0x00,0x00,0x00,0x00,0x00,0x00,0x00,0x00,0x00,0x00,0x00,0x00,
    0x00,0x00,0x00,0x00,0x00,0x00,0x00,0x00,0x00,0x00,0x00,0x00,0x00,0x00,0x00,0x00,
    0x00,0x00,0x00,0x00,0x00,0x00,0x00,0x00,0x00,0x00,0x00,0x00,0x00,0x00,0x00,0x00,
    0x00,0x00,0x00,0x00,0x00,0x00,0x00,0x00,0x48,0x41,0x00,0x40,0x01,0x00,0x00,0x00,
    0x50,0x41,0x00,0x40,0x01,0x00,0x00,0x00,0x58,0x41,0x00,0x40,0x01,0x00,0x00,0x00,
    0x60,0x41,0x00,0x40,0x01,0x00,0x00,0x00,0x00,0x00,0x00,0x00,0x00,0x00,0x00,0x00,
    0x00,0x00,0x00,0x00,0x2D,0xC8,0x3E,0x67,0x00,0x00,0x00,0x00,0x02,0x00,0x00,0x00,
    0x61,0x00,0x00,0x00,0x00,0x47,0x00,0x00,0x00,0x33,0x00,0x00,0x00,0x00,0x00,0x00,
    0x2D,0xC8,0x3E,0x67,0x00,0x00,0x00,0x00,0x0D,0x00,0x00,0x00,0x08,0x02,0x00,0x00,
    0x64,0x47,0x00,0x00,0x64,0x33,0x00,0x00,0x00,0x00,0x00,0x00,0x2D,0xC8,0x3E,0x67,
    0x00,0x00,0x00,0x00,0x0E,0x00,0x00,0x00,0x00,0x00,0x00,0x00,0x00,0x00,0x00,0x00,
    0x00,0x00,0x00,0x00,0x00,0x00,0x00,0x00,0x00,0x00,0x00,0x00,0x00,0x00,0x00,0x00,
    0x00,0x00,0x00,0x00,0x00,0x00,0x00,0x00,0x00,0x00,0x00,0x00,0x00,0x00,0x00,0x00,
    0x00,0x00,0x00,0x00,0x00,0x00,0x00,0x00,0x00,0x00,0x00,0x00,0x00,0x00,0x00,0x00,
    0x00,0x00,0x00,0x00,0x00,0x00,0x00,0x00,0x00,0x00,0x00,0x00,0x00,0x00,0x00,0x00,
    0x00,0x00,0x00,0x00,0x00,0x00,0x00,0x00,0x00,0x00,0x00,0x00,0x00,0x00,0x00,0x00,
    0x00,0x00,0x00,0x00,0x00,0x00,0x00,0x00,0x00,0x00,0x00,0x00,0x00,0x00,0x00,0x00,
    0x52,0x53,0x44,0x53,0x1A,0x77,0xFA,0x54,0x00,0x9F,0x34,0x4D,0x87,0xB5,0x14,0x4B,
    0xF3,0xCF,0xC4,0x60,0x05,0x00,0x00,0x00,0x44,0x3A,0x5C,0x57,0x6F,0x72,0x6B,0x5C,
    0x30,0x31,0x2E,0x44,0x69,0x73,0x70,0x61,0x74,0x63,0x68,0x65,0x72,0x5C,0x47,0x69,
    0x74,0x4C,0x61,0x62,0x5C,0x70,0x72,0x6F,0x63,0x65,0x73,0x73,0x5F,0x6D,0x61,0x6E,
    0x61,0x67,0x65,0x6D,0x65,0x6E,0x74,0x5C,0x78,0x36,0x34,0x5C,0x52,0x65,0x6C,0x65,
    0x61,0x73,0x65,0x5C,0x4C,0x6E,0x76,0x4D,0x53,0x52,0x49,0x4F,0x2E,0x70,0x64,0x62,
    0x00,0x00,0x00,0x00,0x47,0x43,0x54,0x4C,0x00,0x10,0x00,0x00,0x80,0x21,0x00,0x00,
    0x2E,0x74,0x65,0x78,0x74,0x24,0x6D,0x6E,0x00,0x00,0x00,0x00,0x80,0x31,0x00,0x00,
    0x40,0x00,0x00,0x00,0x2E,0x74,0x65,0x78,0x74,0x24,0x6D,0x6E,0x24,0x30,0x30,0x00,
    0xC0,0x31,0x00,0x00,0xB0,0x04,0x00,0x00,0x2E,0x74,0x65,0x78,0x74,0x24,0x6D,0x6E,
    0x24,0x32,0x31,0x00,0x70,0x36,0x00,0x00,0xA0,0x00,0x00,0x00,0x2E,0x74,0x65,0x78,
    0x74,0x24,0x73,0x00,0x10,0x37,0x00,0x00,0x2D,0x00,0x00,0x00,0x2E,0x74,0x65,0x78,
    0x74,0x24,0x78,0x00,0x00,0x40,0x00,0x00,0x38,0x01,0x00,0x00,0x2E,0x69,0x64,0x61,
    0x74,0x61,0x24,0x35,0x00,0x00,0x00,0x00,0x38,0x41,0x00,0x00,0x30,0x00,0x00,0x00,
    0x2E,0x30,0x30,0x63,0x66,0x67,0x00,0x00,0x68,0x41,0x00,0x00,0x48,0x00,0x00,0x00,
    0x2E,0x67,0x66,0x69,0x64,0x73,0x00,0x00,0xB0,0x41,0x00,0x00,0x50,0x05,0x00,0x00,
    0x2E,0x72,0x64,0x61,0x74,0x61,0x00,0x00,0x00,0x47,0x00,0x00,0x98,0x02,0x00,0x00,
    0x2E,0x72,0x64,0x61,0x74,0x61,0x24,0x7A,0x7A,0x7A,0x64,0x62,0x67,0x00,0x00,0x00,
    0x98,0x49,0x00,0x00,0x14,0x02,0x00,0x00,0x2E,0x78,0x64,0x61,0x74,0x61,0x00,0x00,
    0x00,0x50,0x00,0x00,0x50,0x00,0x00,0x00,0x2E,0x64,0x61,0x74,0x61,0x00,0x00,0x00,
    0x50,0x50,0x00,0x00,0x10,0x00,0x00,0x00,0x2E,0x6B,0x6D,0x64,0x66,0x63,0x6C,0x61,
    0x73,0x73,0x62,0x69,0x6E,0x64,0x24,0x61,0x00,0x00,0x00,0x00,0x60,0x50,0x00,0x00,
    0x08,0x00,0x00,0x00,0x2E,0x6B,0x6D,0x64,0x66,0x63,0x6C,0x61,0x73,0x73,0x62,0x69,
    0x6E,0x64,0x24,0x63,0x00,0x00,0x00,0x00,0x68,0x50,0x00,0x00,0x08,0x00,0x00,0x00,
    0x2E,0x6B,0x6D,0x64,0x66,0x63,0x6C,0x61,0x73,0x73,0x62,0x69,0x6E,0x64,0x24,0x64,
    0x00,0x00,0x00,0x00,0x70,0x50,0x00,0x00,0x10,0x00,0x00,0x00,0x2E,0x6B,0x6D,0x64,
    0x66,0x74,0x79,0x70,0x65,0x69,0x6E,0x69,0x74,0x24,0x61,0x00,0x80,0x50,0x00,0x00,
    0x10,0x00,0x00,0x00,0x2E,0x6B,0x6D,0x64,0x66,0x74,0x79,0x70,0x65,0x69,0x6E,0x69,
    0x74,0x24,0x63,0x00,0x90,0x50,0x00,0x00,0x78,0x02,0x00,0x00,0x2E,0x62,0x73,0x73,
    0x00,0x00,0x00,0x00,0x00,0x60,0x00,0x00,0x40,0x02,0x00,0x00,0x2E,0x70,0x64,0x61,
    0x74,0x61,0x00,0x00,0x00,0x70,0x00,0x00,0x30,0x00,0x00,0x00,0x49,0x4E,0x49,0x54,
    0x00,0x00,0x00,0x00,0x30,0x70,0x00,0x00,0x50,0x00,0x00,0x00,0x2E,0x69,0x64,0x61,
    0x74,0x61,0x24,0x32,0x00,0x00,0x00,0x00,0x80,0x70,0x00,0x00,0x18,0x00,0x00,0x00,
    0x2E,0x69,0x64,0x61,0x74,0x61,0x24,0x33,0x00,0x00,0x00,0x00,0x98,0x70,0x00,0x00,
    0x38,0x01,0x00,0x00,0x2E,0x69,0x64,0x61,0x74,0x61,0x24,0x34,0x00,0x00,0x00,0x00,
    0xD0,0x71,0x00,0x00,0x52,0x03,0x00,0x00,0x2E,0x69,0x64,0x61,0x74,0x61,0x24,0x36,
    0x00,0x00,0x00,0x00,0x00,0x80,0x00,0x00,0x60,0x00,0x00,0x00,0x2E,0x72,0x73,0x72,
    0x63,0x24,0x30,0x31,0x00,0x00,0x00,0x00,0x60,0x80,0x00,0x00,0x20,0x03,0x00,0x00,
    0x2E,0x72,0x73,0x72,0x63,0x24,0x30,0x32,0x00,0x00,0x00,0x00,0x00,0x00,0x00,0x00,
    0x00,0x00,0x00,0x00,0x00,0x00,0x00,0x00,0x00,0x00,0x00,0x00,0x00,0x00,0x00,0x00,
    0x00,0x00,0x00,0x00,0x00,0x00,0x00,0x00,0x00,0x00,0x00,0x00,0x00,0x00,0x00,0x00,
    0x00,0x00,0x00,0x00,0x00,0x00,0x00,0x00,0x02,0x11,0x04,0x00,0x03,0x16,0x00,0x06,
    0x11,0x70,0x10,0x60,0x02,0x09,0x03,0x00,0x01,0x16,0x00,0x06,0x09,0x22,0x00,0x00,
    0x02,0x0F,0x04,0x00,0x02,0x16,0x00,0x06,0x0F,0xD2,0x0B,0x70,0x02,0x0E,0x03,0x00,
    0x01,0x16,0x00,0x06,0x0E,0xA2,0x00,0x00,0x02,0x09,0x03,0x00,0x01,0x16,0x00,0x06,
    0x09,0x82,0x00,0x00,0x0A,0x17,0x03,0x00,0x01,0x16,0x00,0x06,0x17,0x62,0x00,0x00,
    0x0C,0x2A,0x00,0x00,0x01,0x00,0x00,0x00,0x6E,0x21,0x00,0x00,0xAC,0x21,0x00,0x00,
    0x10,0x37,0x00,0x00,0xAC,0x21,0x00,0x00,0x02,0x06,0x04,0x00,0x02,0x06,0x03,0x06,
    0x06,0x32,0x02,0x50,0x0A,0x17,0x03,0x00,0x01,0x16,0x00,0x06,0x17,0x22,0x00,0x00,
    0x0C,0x2A,0x00,0x00,0x01,0x00,0x00,0x00,0xAE,0x26,0x00,0x00,0xDD,0x26,0x00,0x00,
    0x30,0x37,0x00,0x00,0xDD,0x26,0x00,0x00,0x02,0x02,0x03,0x00,0x02,0x06,0x03,0x06,
    0x02,0x50,0x00,0x00,0x0A,0x17,0x03,0x00,0x01,0x16,0x00,0x06,0x17,0x62,0x00,0x00,
    0x0C,0x2A,0x00,0x00,0x01,0x00,0x00,0x00,0x9E,0x22,0x00,0x00,0xDC,0x22,0x00,0x00,
    0x10,0x37,0x00,0x00,0xDC,0x22,0x00,0x00,0x02,0x17,0x03,0x00,0x01,0x16,0x00,0x06,
    0x17,0x62,0x00,0x00,0x02,0x17,0x03,0x00,0x01,0x16,0x00,0x06,0x17,0xA2,0x00,0x00,
    0x02,0x16,0x03,0x00,0x01,0x16,0x00,0x06,0x16,0x82,0x00,0x00,0x02,0x12,0x05,0x00,
    0x02,0x16,0x00,0x06,0x12,0x01,0x12,0x00,0x0B,0x70,0x00,0x00,0x02,0x19,0x04,0x00,
    0x02,0x16,0x00,0x06,0x19,0xB2,0x15,0x70,0x02,0x08,0x03,0x00,0x01,0x16,0x00,0x06,
    0x08,0x42,0x00,0x00,0x02,0x15,0x05,0x00,0x03,0x16,0x00,0x06,0x15,0xE2,0x11,0x70,
    0x10,0x60,0x00,0x00,0x02,0x09,0x03,0x00,0x01,0x16,0x00,0x06,0x09,0x42,0x00,0x00,
    0x0A,0x18,0x03,0x00,0x01,0x16,0x00,0x06,0x18,0x62,0x00,0x00,0x0C,0x2A,0x00,0x00,
    0x01,0x00,0x00,0x00,0x8A,0x1A,0x00,0x00,0x04,0x1B,0x00,0x00,0x10,0x37,0x00,0x00,
    0x04,0x1B,0x00,0x00,0x02,0x0F,0x08,0x00,0x02,0x06,0x03,0x06,0x0F,0x64,0x09,0x00,
    0x0F,0x34,0x08,0x00,0x0F,0x52,0x0B,0x70,0x01,0x00,0x00,0x00,0x00,0x00,0x00,0x00,
    0x02,0x01,0x03,0x00,0x02,0x06,0x09,0x06,0x01,0x70,0x00,0x00,0x00,0x00,0x00,0x00,
    0x02,0x0B,0x08,0x00,0x08,0x16,0x00,0x06,0x0B,0x52,0x07,0x00,0x06,0x10,0x05,0x20,
    0x04,0x80,0x02,0x90,0x02,0x06,0x04,0x00,0x02,0x06,0x03,0x06,0x06,0x12,0x02,0x30,
    0x02,0x04,0x03,0x00,0x01,0x06,0x02,0x06,0x04,0x82,0x00,0x00,0x02,0x19,0x0C,0x00,
    0x03,0x06,0x50,0x06,0x19,0x74,0x0B,0x00,0x19,0x64,0x0A,0x00,0x19,0x54,0x09,0x00,
    0x19,0x34,0x08,0x00,0x19,0x52,0x15,0xE0,0x02,0x0A,0x06,0x00,0x02,0x06,0x03,0x06,
    0x0A,0x34,0x06,0x00,0x0A,0x32,0x06,0x70,0x02,0x04,0x03,0x00,0x01,0x06,0x02,0x06,
    0x04,0x42,0x00,0x00,0x02,0x0A,0x06,0x00,0x02,0x06,0x03,0x06,0x0A,0x34,0x08,0x00,
    0x0A,0x52,0x06,0x70,0x02,0x14,0x0A,0x00,0x02,0x06,0x6C,0x06,0x14,0x64,0x0C,0x00,
    0x14,0x54,0x0B,0x00,0x14,0x34,0x0A,0x00,0x14,0x72,0x10,0x70,0x00,0x00,0x00,0x00,
    0x01,0x00,0x00,0x00,0x00,0x00,0x00,0x00,0x01,0x00,0x00,0x00,0x00,0x00,0x00,0x00,
    0x00,0x00,0x00,0x00,0x00,0x00,0x00,0x00,0x00,0x00,0x00,0x00,0x00,0x00,0x00,0x00,
    0x00,0x00,0x00,0x00,0x00,0x00,0x00,0x00,0x00,0x00,0x00,0x00,0x00,0x00,0x00,0x00,
    0x00,0x00,0x00,0x00,0x00,0x00,0x00,0x00,0x00,0x00,0x00,0x00,0x00,0x00,0x00,0x00,
    0x00,0x00,0x00,0x00,0x00,0x00,0x00,0x00,0x00,0x00,0x00,0x00,0x00,0x00,0x00,0x00,
    0x00,0x00,0x00,0x00,0x00,0x00,0x00,0x00,0x00,0x00,0x00,0x00,0x00,0x00,0x00,0x00,
    0x02,0x00,0x00,0x00,0x00,0x00,0x00,0x00,0x30,0x00,0x00,0x00,0x00,0x00,0x00,0x00,
    0x50,0x42,0x00,0x40,0x01,0x00,0x00,0x00,0x01,0x00,0x00,0x00,0x0F,0x00,0x00,0x00,
    0x00,0x00,0x00,0x00,0xBC,0x01,0x00,0x00,0xE8,0x52,0x00,0x40,0x01,0x00,0x00,0x00,
    0x00,0x00,0x00,0x00,0x00,0x00,0x00,0x00,0x32,0xA2,0xDF,0x2D,0x99,0x2B,0x00,0x00,
    0xCD,0x5D,0x20,0xD2,0x66,0xD4,0xFF,0xFF,0x00,0x00,0x00,0x00,0x00,0x00,0x00,0x00,
    0x00,0x00,0x00,0x00,0x00,0x00,0x00,0x00,0x00,0x00,0x00,0x00,0x00,0x00,0x00,0x00,
    0x00,0x00,0x00,0x00,0x00,0x00,0x00,0x00,0x50,0x50,0x00,0x40,0x01,0x00,0x00,0x00,
    0x00,0x00,0x00,0x00,0x00,0x00,0x00,0x00,0x00,0x00,0x00,0x00,0x00,0x00,0x00,0x00,
    0x00,0x00,0x00,0x00,0x00,0x00,0x00,0x00,0x00,0x00,0x00,0x00,0x00,0x00,0x00,0x00,
    0x00,0x00,0x00,0x00,0x00,0x00,0x00,0x00,0x00,0x00,0x00,0x00,0x00,0x00,0x00,0x00,
    0x00,0x00,0x00,0x00,0x00,0x00,0x00,0x00,0x00,0x00,0x00,0x00,0x00,0x00,0x00,0x00,
    0x00,0x00,0x00,0x00,0x00,0x00,0x00,0x00,0x00,0x00,0x00,0x00,0x00,0x00,0x00,0x00,
    0x00,0x00,0x00,0x00,0x00,0x00,0x00,0x00,0x00,0x00,0x00,0x00,0x00,0x00,0x00,0x00,
    0x00,0x00,0x00,0x00,0x00,0x00,0x00,0x00,0x00,0x00,0x00,0x00,0x00,0x00,0x00,0x00,
    0x00,0x00,0x00,0x00,0x00,0x00,0x00,0x00,0x00,0x00,0x00,0x00,0x00,0x00,0x00,0x00,
    0x00,0x00,0x00,0x00,0x00,0x00,0x00,0x00,0x00,0x00,0x00,0x00,0x00,0x00,0x00,0x00,
    0x00,0x00,0x00,0x00,0x00,0x00,0x00,0x00,0x00,0x00,0x00,0x00,0x00,0x00,0x00,0x00,
    0x00,0x00,0x00,0x00,0x00,0x00,0x00,0x00,0x00,0x00,0x00,0x00,0x00,0x00,0x00,0x00,
    0x00,0x00,0x00,0x00,0x00,0x00,0x00,0x00,0x00,0x00,0x00,0x00,0x00,0x00,0x00,0x00,
    0x00,0x00,0x00,0x00,0x00,0x00,0x00,0x00,0x00,0x00,0x00,0x00,0x00,0x00,0x00,0x00,
    0x00,0x00,0x00,0x00,0x00,0x00,0x00,0x00,0x00,0x00,0x00,0x00,0x00,0x00,0x00,0x00,
    0x00,0x00,0x00,0x00,0x00,0x00,0x00,0x00,0x00,0x00,0x00,0x00,0x00,0x00,0x00,0x00,
    0x00,0x00,0x00,0x00,0x00,0x00,0x00,0x00,0x00,0x00,0x00,0x00,0x00,0x00,0x00,0x00,
    0x00,0x00,0x00,0x00,0x00,0x00,0x00,0x00,0x00,0x00,0x00,0x00,0x00,0x00,0x00,0x00,
    0x00,0x00,0x00,0x00,0x00,0x00,0x00,0x00,0x00,0x00,0x00,0x00,0x00,0x00,0x00,0x00,
    0x00,0x00,0x00,0x00,0x00,0x00,0x00,0x00,0x00,0x00,0x00,0x00,0x00,0x00,0x00,0x00,
    0x00,0x00,0x00,0x00,0x00,0x00,0x00,0x00,0x00,0x00,0x00,0x00,0x00,0x00,0x00,0x00,
    0x00,0x00,0x00,0x00,0x00,0x00,0x00,0x00,0x00,0x00,0x00,0x00,0x00,0x00,0x00,0x00,
    0x00,0x00,0x00,0x00,0x00,0x00,0x00,0x00,0x00,0x00,0x00,0x00,0x00,0x00,0x00,0x00,
    0x00,0x00,0x00,0x00,0x00,0x00,0x00,0x00,0x00,0x00,0x00,0x00,0x00,0x00,0x00,0x00,
    0x00,0x00,0x00,0x00,0x00,0x00,0x00,0x00,0x00,0x00,0x00,0x00,0x00,0x00,0x00,0x00,
    0x00,0x00,0x00,0x00,0x00,0x00,0x00,0x00,0x00,0x00,0x00,0x00,0x00,0x00,0x00,0x00,
    0x40,0x10,0x00,0x00,0x6F,0x11,0x00,0x00,0x8C,0x4A,0x00,0x00,0x70,0x11,0x00,0x00,
    0xB0,0x11,0x00,0x00,0xB4,0x4A,0x00,0x00,0xB0,0x11,0x00,0x00,0x63,0x13,0x00,0x00,
    0xB0,0x49,0x00,0x00,0x70,0x13,0x00,0x00,0xFE,0x14,0x00,0x00,0x7C,0x4A,0x00,0x00,
    0x00,0x15,0x00,0x00,0x60,0x15,0x00,0x00,0x98,0x4A,0x00,0x00,0x80,0x15,0x00,0x00,
    0x58,0x1A,0x00,0x00,0xBC,0x49,0x00,0x00,0x60,0x1A,0x00,0x00,0x12,0x1B,0x00,0x00,
    0xC0,0x4A,0x00,0x00,0x20,0x1B,0x00,0x00,0x12,0x1E,0x00,0x00,0xA4,0x4A,0x00,0x00,
    0x20,0x1E,0x00,0x00,0x3B,0x1E,0x00,0x00,0xA4,0x49,0x00,0x00,0x40,0x1E,0x00,0x00,
    0x5A,0x1E,0x00,0x00,0xA4,0x49,0x00,0x00,0x60,0x1E,0x00,0x00,0x7D,0x1E,0x00,0x00,
    0xA4,0x49,0x00,0x00,0x80,0x1E,0x00,0x00,0xA6,0x1E,0x00,0x00,0x98,0x49,0x00,0x00,
    0xB0,0x1E,0x00,0x00,0xD6,0x1E,0x00,0x00,0x98,0x49,0x00,0x00,0xE0,0x1E,0x00,0x00,
    0x07,0x1F,0x00,0x00,0x98,0x49,0x00,0x00,0x10,0x1F,0x00,0x00,0xD5,0x1F,0x00,0x00,
    0x58,0x4A,0x00,0x00,0xE0,0x1F,0x00,0x00,0x35,0x21,0x00,0x00,0x64,0x4A,0x00,0x00,
    0x40,0x21,0x00,0x00,0xC3,0x21,0x00,0x00,0xD4,0x49,0x00,0x00,0xD0,0x21,0x00,0x00,
    0x6B,0x22,0x00,0x00,0x58,0x4A,0x00,0x00,0x70,0x22,0x00,0x00,0xF3,0x22,0x00,0x00,
    0x34,0x4A,0x00,0x00,0x00,0x23,0x00,0x00,0x7A,0x23,0x00,0x00,0xC8,0x49,0x00,0x00,
    0xE0,0x23,0x00,0x00,0x0B,0x24,0x00,0x00,0x98,0x49,0x00,0x00,0x10,0x24,0x00,0x00,
    0x3C,0x24,0x00,0x00,0x98,0x49,0x00,0x00,0x40,0x24,0x00,0x00,0xF8,0x24,0x00,0x00,
    0x58,0x4A,0x00,0x00,0x00,0x25,0x00,0x00,0x71,0x26,0x00,0x00,0x64,0x4A,0x00,0x00,
    0x80,0x26,0x00,0x00,0xF4,0x26,0x00,0x00,0x04,0x4A,0x00,0x00,0x00,0x27,0x00,0x00,
    0x8A,0x27,0x00,0x00,0x58,0x4A,0x00,0x00,0x90,0x27,0x00,0x00,0x80,0x28,0x00,0x00,
    0x70,0x4A,0x00,0x00,0x80,0x28,0x00,0x00,0x49,0x29,0x00,0x00,0x70,0x4A,0x00,0x00,
    0x80,0x29,0x00,0x00,0x0C,0x2A,0x00,0x00,0xE4,0x4A,0x00,0x00,0x30,0x2A,0x00,0x00,
    0xF7,0x2A,0x00,0x00,0xF8,0x4A,0x00,0x00,0x10,0x2B,0x00,0x00,0xAC,0x2B,0x00,0x00,
    0x24,0x4B,0x00,0x00,0xAC,0x2B,0x00,0x00,0x05,0x2C,0x00,0x00,0x30,0x4B,0x00,0x00,
    0x08,0x2C,0x00,0x00,0x38,0x2C,0x00,0x00,0x68,0x4B,0x00,0x00,0x40,0x2C,0x00,0x00,
    0x6C,0x2C,0x00,0x00,0x58,0x4B,0x00,0x00,0x6C,0x2C,0x00,0x00,0xC5,0x2D,0x00,0x00,
    0x3C,0x4B,0x00,0x00,0xD0,0x2D,0x00,0x00,0xDF,0x2D,0x00,0x00,0x68,0x4B,0x00,0x00,
    0xE0,0x2D,0x00,0x00,0x0D,0x2E,0x00,0x00,0x68,0x4B,0x00,0x00,0x10,0x2E,0x00,0x00,
    0xD2,0x2E,0x00,0x00,0x74,0x4B,0x00,0x00,0xD4,0x2E,0x00,0x00,0x53,0x30,0x00,0x00,
    0x84,0x4B,0x00,0x00,0x68,0x30,0x00,0x00,0x3A,0x31,0x00,0x00,0xE4,0x4A,0x00,0x00,
    0x90,0x31,0x00,0x00,0x95,0x31,0x00,0x00,0xA0,0x4B,0x00,0x00,0xB0,0x31,0x00,0x00,
    0xB6,0x31,0x00,0x00,0xA8,0x4B,0x00,0x00,0xC0,0x31,0x00,0x00,0x6A,0x34,0x00,0x00,
    0xF8,0x4A,0x00,0x00,0x80,0x34,0x00,0x00,0x87,0x35,0x00,0x00,0xF8,0x4A,0x00,0x00,
    0xC0,0x35,0x00,0x00,0x03,0x36,0x00,0x00,0x00,0x4B,0x00,0x00,0x40,0x36,0x00,0x00,
    0x66,0x36,0x00,0x00,0x10,0x4B,0x00,0x00,0x10,0x37,0x00,0x00,0x25,0x37,0x00,0x00,
    0xF8,0x49,0x00,0x00,0x30,0x37,0x00,0x00,0x3D,0x37,0x00,0x00,0x28,0x4A,0x00,0x00,
    0x00,0x00,0x00,0x00,0x00,0x00,0x00,0x00,0x00,0x00,0x00,0x00,0x00,0x00,0x00,0x00,
    0x00,0x00,0x00,0x00,0x00,0x00,0x00,0x00,0x00,0x00,0x00,0x00,0x00,0x00,0x00,0x00,
    0x00,0x00,0x00,0x00,0x00,0x00,0x00,0x00,0x00,0x00,0x00,0x00,0x00,0x00,0x00,0x00,
    0x00,0x00,0x00,0x00,0x00,0x00,0x00,0x00,0x00,0x00,0x00,0x00,0x00,0x00,0x00,0x00,
    0x00,0x00,0x00,0x00,0x00,0x00,0x00,0x00,0x00,0x00,0x00,0x00,0x00,0x00,0x00,0x00,
    0x00,0x00,0x00,0x00,0x00,0x00,0x00,0x00,0x00,0x00,0x00,0x00,0x00,0x00,0x00,0x00,
    0x00,0x00,0x00,0x00,0x00,0x00,0x00,0x00,0x00,0x00,0x00,0x00,0x00,0x00,0x00,0x00,
    0x00,0x00,0x00,0x00,0x00,0x00,0x00,0x00,0x00,0x00,0x00,0x00,0x00,0x00,0x00,0x00,
    0x00,0x00,0x00,0x00,0x00,0x00,0x00,0x00,0x00,0x00,0x00,0x00,0x00,0x00,0x00,0x00,
    0x00,0x00,0x00,0x00,0x00,0x00,0x00,0x00,0x00,0x00,0x00,0x00,0x00,0x00,0x00,0x00,
    0x00,0x00,0x00,0x00,0x00,0x00,0x00,0x00,0x00,0x00,0x00,0x00,0x00,0x00,0x00,0x00,
    0x00,0x00,0x00,0x00,0x00,0x00,0x00,0x00,0x00,0x00,0x00,0x00,0x00,0x00,0x00,0x00,
    0x00,0x00,0x00,0x00,0x00,0x00,0x00,0x00,0x00,0x00,0x00,0x00,0x00,0x00,0x00,0x00,
    0x00,0x00,0x00,0x00,0x00,0x00,0x00,0x00,0x00,0x00,0x00,0x00,0x00,0x00,0x00,0x00,
    0x00,0x00,0x00,0x00,0x00,0x00,0x00,0x00,0x00,0x00,0x00,0x00,0x00,0x00,0x00,0x00,
    0x00,0x00,0x00,0x00,0x00,0x00,0x00,0x00,0x00,0x00,0x00,0x00,0x00,0x00,0x00,0x00,
    0x00,0x00,0x00,0x00,0x00,0x00,0x00,0x00,0x00,0x00,0x00,0x00,0x00,0x00,0x00,0x00,
    0x00,0x00,0x00,0x00,0x00,0x00,0x00,0x00,0x00,0x00,0x00,0x00,0x00,0x00,0x00,0x00,
    0x00,0x00,0x00,0x00,0x00,0x00,0x00,0x00,0x00,0x00,0x00,0x00,0x00,0x00,0x00,0x00,
    0x00,0x00,0x00,0x00,0x00,0x00,0x00,0x00,0x00,0x00,0x00,0x00,0x00,0x00,0x00,0x00,
    0x00,0x00,0x00,0x00,0x00,0x00,0x00,0x00,0x00,0x00,0x00,0x00,0x00,0x00,0x00,0x00,
    0x00,0x00,0x00,0x00,0x00,0x00,0x00,0x00,0x00,0x00,0x00,0x00,0x00,0x00,0x00,0x00,
    0x00,0x00,0x00,0x00,0x00,0x00,0x00,0x00,0x00,0x00,0x00,0x00,0x00,0x00,0x00,0x00,
    0x00,0x00,0x00,0x00,0x00,0x00,0x00,0x00,0x00,0x00,0x00,0x00,0x00,0x00,0x00,0x00,
    0x00,0x00,0x00,0x00,0x00,0x00,0x00,0x00,0x00,0x00,0x00,0x00,0x00,0x00,0x00,0x00,
    0x00,0x00,0x00,0x00,0x00,0x00,0x00,0x00,0x00,0x00,0x00,0x00,0x00,0x00,0x00,0x00,
    0x00,0x00,0x00,0x00,0x00,0x00,0x00,0x00,0x00,0x00,0x00,0x00,0x00,0x00,0x00,0x00,
    0x00,0x00,0x00,0x00,0x00,0x00,0x00,0x00,0x00,0x00,0x00,0x00,0x00,0x00,0x00,0x00,
    0x48,0x8B,0x05,0x31,0xE0,0xFF,0xFF,0x48,0x85,0xC0,0x74,0x1B,0x48,0xB9,0x32,0xA2,
    0xDF,0x2D,0x99,0x2B,0x00,0x00,0x48,0x3B,0xC1,0x74,0x0C,0x48,0xF7,0xD0,0x48,0x89,
    0x05,0x1B,0xE0,0xFF,0xFF,0xC3,0xCC,0xB9,0x06,0x00,0x00,0x00,0xCD,0x29,0xCC,0xCC,
    0x98,0x70,0x00,0x00,0x00,0x00,0x00,0x00,0x00,0x00,0x00,0x00,0xB0,0x72,0x00,0x00,
    0x00,0x40,0x00,0x00,0x30,0x71,0x00,0x00,0x00,0x00,0x00,0x00,0x00,0x00,0x00,0x00,
    0x3E,0x74,0x00,0x00,0x98,0x40,0x00,0x00,0xE8,0x70,0x00,0x00,0x00,0x00,0x00,0x00,
    0x00,0x00,0x00,0x00,0x7C,0x74,0x00,0x00,0x50,0x40,0x00,0x00,0x00,0x71,0x00,0x00,
    0x00,0x00,0x00,0x00,0x00,0x00,0x00,0x00,0x16,0x75,0x00,0x00,0x68,0x40,0x00,0x00,
    0x00,0x00,0x00,0x00,0x00,0x00,0x00,0x00,0x00,0x00,0x00,0x00,0x00,0x00,0x00,0x00,
    0x00,0x00,0x00,0x00,0x00,0x00,0x00,0x00,0xD0,0x71,0x00,0x00,0x00,0x00,0x00,0x00,
    0xE4,0x71,0x00,0x00,0x00,0x00,0x00,0x00,0xFA,0x71,0x00,0x00,0x00,0x00,0x00,0x00,
    0x0E,0x72,0x00,0x00,0x00,0x00,0x00,0x00,0x2C,0x72,0x00,0x00,0x00,0x00,0x00,0x00,
    0x48,0x72,0x00,0x00,0x00,0x00,0x00,0x00,0x5E,0x72,0x00,0x00,0x00,0x00,0x00,0x00,
    0x70,0x72,0x00,0x00,0x00,0x00,0x00,0x00,0x94,0x72,0x00,0x00,0x00,0x00,0x00,0x00,
    0x00,0x00,0x00,0x00,0x00,0x00,0x00,0x00,0x64,0x74,0x00,0x00,0x00,0x00,0x00,0x00,
    0x4C,0x74,0x00,0x00,0x00,0x00,0x00,0x00,0x00,0x00,0x00,0x00,0x00,0x00,0x00,0x00,
    0xAA,0x74,0x00,0x00,0x00,0x00,0x00,0x00,0xBC,0x74,0x00,0x00,0x00,0x00,0x00,0x00,
    0xD4,0x74,0x00,0x00,0x00,0x00,0x00,0x00,0xE8,0x74,0x00,0x00,0x00,0x00,0x00,0x00,
    0xFE,0x74,0x00,0x00,0x00,0x00,0x00,0x00,0x00,0x00,0x00,0x00,0x00,0x00,0x00,0x00,
    0x52,0x73,0x00,0x00,0x00,0x00,0x00,0x00,0x7C,0x73,0x00,0x00,0x00,0x00,0x00,0x00,
    0x8E,0x73,0x00,0x00,0x00,0x00,0x00,0x00,0xA6,0x73,0x00,0x00,0x00,0x00,0x00,0x00,
    0xC8,0x73,0x00,0x00,0x00,0x00,0x00,0x00,0xEC,0x73,0x00,0x00,0x00,0x00,0x00,0x00,
    0x10,0x74,0x00,0x00,0x00,0x00,0x00,0x00,0x26,0x74,0x00,0x00,0x00,0x00,0x00,0x00,
    0xBC,0x72,0x00,0x00,0x00,0x00,0x00,0x00,0x3C,0x73,0x00,0x00,0x00,0x00,0x00,0x00,
    0x2A,0x73,0x00,0x00,0x00,0x00,0x00,0x00,0x1A,0x73,0x00,0x00,0x00,0x00,0x00,0x00,
    0x84,0x74,0x00,0x00,0x00,0x00,0x00,0x00,0x9C,0x74,0x00,0x00,0x00,0x00,0x00,0x00,
    0x0A,0x73,0x00,0x00,0x00,0x00,0x00,0x00,0xFA,0x72,0x00,0x00,0x00,0x00,0x00,0x00,
    0xE6,0x72,0x00,0x00,0x00,0x00,0x00,0x00,0xD4,0x72,0x00,0x00,0x00,0x00,0x00,0x00,
    0x64,0x73,0x00,0x00,0x00,0x00,0x00,0x00,0x00,0x00,0x00,0x00,0x00,0x00,0x00,0x00,
    0xD2,0x00,0x46,0x6C,0x74,0x52,0x65,0x67,0x69,0x73,0x74,0x65,0x72,0x46,0x69,0x6C,
    0x74,0x65,0x72,0x00,0x07,0x01,0x46,0x6C,0x74,0x55,0x6E,0x72,0x65,0x67,0x69,0x73,
    0x74,0x65,0x72,0x46,0x69,0x6C,0x74,0x65,0x72,0x00,0xFD,0x00,0x46,0x6C,0x74,0x53,
    0x74,0x61,0x72,0x74,0x46,0x69,0x6C,0x74,0x65,0x72,0x69,0x6E,0x67,0x00,0x32,0x00,
    0x46,0x6C,0x74,0x43,0x72,0x65,0x61,0x74,0x65,0x43,0x6F,0x6D,0x6D,0x75,0x6E,0x69,
    0x63,0x61,0x74,0x69,0x6F,0x6E,0x50,0x6F,0x72,0x74,0x00,0x00,0x2A,0x00,0x46,0x6C,
    0x74,0x43,0x6C,0x6F,0x73,0x65,0x43,0x6F,0x6D,0x6D,0x75,0x6E,0x69,0x63,0x61,0x74,
    0x69,0x6F,0x6E,0x50,0x6F,0x72,0x74,0x00,0x29,0x00,0x46,0x6C,0x74,0x43,0x6C,0x6F,
    0x73,0x65,0x43,0x6C,0x69,0x65,0x6E,0x74,0x50,0x6F,0x72,0x74,0x00,0x00,0xE7,0x00,
    0x46,0x6C,0x74,0x53,0x65,0x6E,0x64,0x4D,0x65,0x73,0x73,0x61,0x67,0x65,0x00,0x00,
    0x16,0x00,0x46,0x6C,0x74,0x42,0x75,0x69,0x6C,0x64,0x44,0x65,0x66,0x61,0x75,0x6C,
    0x74,0x53,0x65,0x63,0x75,0x72,0x69,0x74,0x79,0x44,0x65,0x73,0x63,0x72,0x69,0x70,
    0x74,0x6F,0x72,0x00,0x63,0x00,0x46,0x6C,0x74,0x46,0x72,0x65,0x65,0x53,0x65,0x63,
    0x75,0x72,0x69,0x74,0x79,0x44,0x65,0x73,0x63,0x72,0x69,0x70,0x74,0x6F,0x72,0x00,
    0x46,0x4C,0x54,0x4D,0x47,0x52,0x2E,0x53,0x59,0x53,0x00,0x00,0xF1,0x08,0x52,0x74,
    0x6C,0x49,0x6E,0x69,0x74,0x55,0x6E,0x69,0x63,0x6F,0x64,0x65,0x53,0x74,0x72,0x69,
    0x6E,0x67,0x00,0x00,0xBD,0x00,0x45,0x78,0x41,0x6C,0x6C,0x6F,0x63,0x61,0x74,0x65,
    0x50,0x6F,0x6F,0x6C,0x32,0x00,0xEE,0x00,0x45,0x78,0x46,0x72,0x65,0x65,0x50,0x6F,
    0x6F,0x6C,0x57,0x69,0x74,0x68,0x54,0x61,0x67,0x00,0x2E,0x07,0x50,0x72,0x6F,0x62,
    0x65,0x46,0x6F,0x72,0x52,0x65,0x61,0x64,0x00,0x00,0x2F,0x07,0x50,0x72,0x6F,0x62,
    0x65,0x46,0x6F,0x72,0x57,0x72,0x69,0x74,0x65,0x00,0xEE,0x05,0x4D,0x6D,0x4D,0x61,
    0x70,0x49,0x6F,0x53,0x70,0x61,0x63,0x65,0x00,0x00,0x1E,0x06,0x4D,0x6D,0x55,0x6E,
    0x6D,0x61,0x70,0x49,0x6F,0x53,0x70,0x61,0x63,0x65,0x00,0x00,0x4F,0x04,0x49,0x6F,
    0x66,0x43,0x6F,0x6D,0x70,0x6C,0x65,0x74,0x65,0x52,0x65,0x71,0x75,0x65,0x73,0x74,
    0x00,0x00,0x23,0x03,0x49,0x6F,0x43,0x72,0x65,0x61,0x74,0x65,0x44,0x65,0x76,0x69,
    0x63,0x65,0x00,0x00,0x2F,0x03,0x49,0x6F,0x43,0x72,0x65,0x61,0x74,0x65,0x53,0x79,
    0x6D,0x62,0x6F,0x6C,0x69,0x63,0x4C,0x69,0x6E,0x6B,0x00,0x00,0x3C,0x03,0x49,0x6F,
    0x44,0x65,0x6C,0x65,0x74,0x65,0x44,0x65,0x76,0x69,0x63,0x65,0x00,0x00,0x3E,0x03,
    0x49,0x6F,0x44,0x65,0x6C,0x65,0x74,0x65,0x53,0x79,0x6D,0x62,0x6F,0x6C,0x69,0x63,
    0x4C,0x69,0x6E,0x6B,0x00,0x00,0x16,0x07,0x50,0x6F,0x52,0x65,0x67,0x69,0x73,0x74,
    0x65,0x72,0x50,0x6F,0x77,0x65,0x72,0x53,0x65,0x74,0x74,0x69,0x6E,0x67,0x43,0x61,
    0x6C,0x6C,0x62,0x61,0x63,0x6B,0x00,0x00,0x2A,0x07,0x50,0x6F,0x55,0x6E,0x72,0x65,
    0x67,0x69,0x73,0x74,0x65,0x72,0x50,0x6F,0x77,0x65,0x72,0x53,0x65,0x74,0x74,0x69,
    0x6E,0x67,0x43,0x61,0x6C,0x6C,0x62,0x61,0x63,0x6B,0x00,0x00,0xD5,0x07,0x50,0x73,
    0x53,0x65,0x74,0x43,0x72,0x65,0x61,0x74,0x65,0x50,0x72,0x6F,0x63,0x65,0x73,0x73,
    0x4E,0x6F,0x74,0x69,0x66,0x79,0x52,0x6F,0x75,0x74,0x69,0x6E,0x65,0x45,0x78,0x00,
    0x7C,0x0B,0x5A,0x77,0x50,0x6F,0x77,0x65,0x72,0x49,0x6E,0x66,0x6F,0x72,0x6D,0x61,
    0x74,0x69,0x6F,0x6E,0x00,0x00,0xF7,0x0B,0x5F,0x5F,0x43,0x5F,0x73,0x70,0x65,0x63,
    0x69,0x66,0x69,0x63,0x5F,0x68,0x61,0x6E,0x64,0x6C,0x65,0x72,0x00,0x00,0x6E,0x74,
    0x6F,0x73,0x6B,0x72,0x6E,0x6C,0x2E,0x65,0x78,0x65,0x00,0x00,0x3D,0x00,0x48,0x61,
    0x6C,0x53,0x65,0x74,0x42,0x75,0x73,0x44,0x61,0x74,0x61,0x42,0x79,0x4F,0x66,0x66,
    0x73,0x65,0x74,0x00,0x19,0x00,0x48,0x61,0x6C,0x47,0x65,0x74,0x42,0x75,0x73,0x44,
    0x61,0x74,0x61,0x42,0x79,0x4F,0x66,0x66,0x73,0x65,0x74,0x00,0x48,0x41,0x4C,0x2E,
    0x64,0x6C,0x6C,0x00,0x4C,0x08,0x52,0x74,0x6C,0x43,0x6F,0x70,0x79,0x55,0x6E,0x69,
    0x63,0x6F,0x64,0x65,0x53,0x74,0x72,0x69,0x6E,0x67,0x00,0x00,0x71,0x00,0x44,0x62,
    0x67,0x50,0x72,0x69,0x6E,0x74,0x45,0x78,0x00,0x00,0x06,0x00,0x57,0x64,0x66,0x56,
    0x65,0x72,0x73,0x69,0x6F,0x6E,0x42,0x69,0x6E,0x64,0x00,0x00,0x03,0x00,0x57,0x64,
    0x66,0x4C,0x64,0x72,0x51,0x75,0x65,0x72,0x79,0x49,0x6E,0x74,0x65,0x72,0x66,0x61,
    0x63,0x65,0x00,0x00,0x08,0x00,0x57,0x64,0x66,0x56,0x65,0x72,0x73,0x69,0x6F,0x6E,
    0x55,0x6E,0x62,0x69,0x6E,0x64,0x00,0x00,0x07,0x00,0x57,0x64,0x66,0x56,0x65,0x72,
    0x73,0x69,0x6F,0x6E,0x42,0x69,0x6E,0x64,0x43,0x6C,0x61,0x73,0x73,0x00,0x09,0x00,
    0x57,0x64,0x66,0x56,0x65,0x72,0x73,0x69,0x6F,0x6E,0x55,0x6E,0x62,0x69,0x6E,0x64,
    0x43,0x6C,0x61,0x73,0x73,0x00,0x57,0x44,0x46,0x4C,0x44,0x52,0x2E,0x53,0x59,0x53,
    0x00,0x00,0x00,0x00,0x00,0x00,0x00,0x00,0x00,0x00,0x00,0x00,0x00,0x00,0x00,0x00,
    0x00,0x00,0x00,0x00,0x00,0x00,0x00,0x00,0x00,0x00,0x00,0x00,0x00,0x00,0x00,0x00,
    0x00,0x00,0x00,0x00,0x00,0x00,0x00,0x00,0x00,0x00,0x00,0x00,0x00,0x00,0x00,0x00,
    0x00,0x00,0x00,0x00,0x00,0x00,0x00,0x00,0x00,0x00,0x00,0x00,0x00,0x00,0x00,0x00,
    0x00,0x00,0x00,0x00,0x00,0x00,0x00,0x00,0x00,0x00,0x00,0x00,0x00,0x00,0x00,0x00,
    0x00,0x00,0x00,0x00,0x00,0x00,0x00,0x00,0x00,0x00,0x00,0x00,0x00,0x00,0x00,0x00,
    0x00,0x00,0x00,0x00,0x00,0x00,0x00,0x00,0x00,0x00,0x00,0x00,0x00,0x00,0x00,0x00,
    0x00,0x00,0x00,0x00,0x00,0x00,0x00,0x00,0x00,0x00,0x00,0x00,0x00,0x00,0x00,0x00,
    0x00,0x00,0x00,0x00,0x00,0x00,0x00,0x00,0x00,0x00,0x00,0x00,0x00,0x00,0x00,0x00,
    0x00,0x00,0x00,0x00,0x00,0x00,0x00,0x00,0x00,0x00,0x00,0x00,0x00,0x00,0x00,0x00,
    0x00,0x00,0x00,0x00,0x00,0x00,0x00,0x00,0x00,0x00,0x00,0x00,0x00,0x00,0x00,0x00,
    0x00,0x00,0x00,0x00,0x00,0x00,0x00,0x00,0x00,0x00,0x00,0x00,0x00,0x00,0x00,0x00,
    0x00,0x00,0x00,0x00,0x00,0x00,0x00,0x00,0x00,0x00,0x00,0x00,0x00,0x00,0x00,0x00,
    0x00,0x00,0x00,0x00,0x00,0x00,0x00,0x00,0x00,0x00,0x00,0x00,0x00,0x00,0x00,0x00,
    0x00,0x00,0x00,0x00,0x00,0x00,0x00,0x00,0x00,0x00,0x00,0x00,0x00,0x00,0x01,0x00,
    0x10,0x00,0x00,0x00,0x18,0x00,0x00,0x80,0x00,0x00,0x00,0x00,0x00,0x00,0x00,0x00,
    0x00,0x00,0x00,0x00,0x00,0x00,0x01,0x00,0x01,0x00,0x00,0x00,0x30,0x00,0x00,0x80,
    0x00,0x00,0x00,0x00,0x00,0x00,0x00,0x00,0x00,0x00,0x00,0x00,0x00,0x00,0x01,0x00,
    0x09,0x04,0x00,0x00,0x48,0x00,0x00,0x00,0x60,0x80,0x00,0x00,0x1C,0x03,0x00,0x00,
    0x00,0x00,0x00,0x00,0x00,0x00,0x00,0x00,0x00,0x00,0x00,0x00,0x00,0x00,0x00,0x00,
    0x1C,0x03,0x34,0x00,0x00,0x00,0x56,0x00,0x53,0x00,0x5F,0x00,0x56,0x00,0x45,0x00,
    0x52,0x00,0x53,0x00,0x49,0x00,0x4F,0x00,0x4E,0x00,0x5F,0x00,0x49,0x00,0x4E,0x00,
    0x46,0x00,0x4F,0x00,0x00,0x00,0x00,0x00,0xBD,0x04,0xEF,0xFE,0x00,0x00,0x01,0x00,
    0x01,0x00,0x03,0x00,0x24,0x00,0x00,0x00,0x01,0x00,0x03,0x00,0x24,0x00,0x00,0x00,
    0x3F,0x00,0x00,0x00,0x00,0x00,0x00,0x00,0x04,0x00,0x04,0x00,0x02,0x00,0x00,0x00,
    0x00,0x00,0x00,0x00,0x00,0x00,0x00,0x00,0x00,0x00,0x00,0x00,0x7A,0x02,0x00,0x00,
    0x01,0x00,0x53,0x00,0x74,0x00,0x72,0x00,0x69,0x00,0x6E,0x00,0x67,0x00,0x46,0x00,
    0x69,0x00,0x6C,0x00,0x65,0x00,0x49,0x00,0x6E,0x00,0x66,0x00,0x6F,0x00,0x00,0x00,
    0x56,0x02,0x00,0x00,0x01,0x00,0x30,0x00,0x38,0x00,0x30,0x00,0x34,0x00,0x30,0x00,
    0x34,0x00,0x62,0x00,0x30,0x00,0x00,0x00,0x2E,0x00,0x07,0x00,0x01,0x00,0x43,0x00,
    0x6F,0x00,0x6D,0x00,0x70,0x00,0x61,0x00,0x6E,0x00,0x79,0x00,0x4E,0x00,0x61,0x00,
    0x6D,0x00,0x65,0x00,0x00,0x00,0x00,0x00,0x4C,0x00,0x65,0x00,0x6E,0x00,0x6F,0x00,
    0x76,0x00,0x6F,0x00,0x00,0x00,0x00,0x00,0x52,0x00,0x15,0x00,0x01,0x00,0x46,0x00,
    0x69,0x00,0x6C,0x00,0x65,0x00,0x44,0x00,0x65,0x00,0x73,0x00,0x63,0x00,0x72,0x00,
    0x69,0x00,0x70,0x00,0x74,0x00,0x69,0x00,0x6F,0x00,0x6E,0x00,0x00,0x00,0x00,0x00,
    0x4C,0x00,0x65,0x00,0x6E,0x00,0x6F,0x00,0x76,0x00,0x6F,0x00,0x20,0x00,0x66,0x00,
    0x69,0x00,0x6C,0x00,0x74,0x00,0x65,0x00,0x72,0x00,0x20,0x00,0x64,0x00,0x72,0x00,
    0x69,0x00,0x76,0x00,0x65,0x00,0x72,0x00,0x00,0x00,0x00,0x00,0x32,0x00,0x09,0x00,
    0x01,0x00,0x46,0x00,0x69,0x00,0x6C,0x00,0x65,0x00,0x56,0x00,0x65,0x00,0x72,0x00,
    0x73,0x00,0x69,0x00,0x6F,0x00,0x6E,0x00,0x00,0x00,0x00,0x00,0x33,0x00,0x2E,0x00,
    0x31,0x00,0x2E,0x00,0x30,0x00,0x2E,0x00,0x33,0x00,0x36,0x00,0x00,0x00,0x00,0x00,
    0x3A,0x00,0x0D,0x00,0x01,0x00,0x49,0x00,0x6E,0x00,0x74,0x00,0x65,0x00,0x72,0x00,
    0x6E,0x00,0x61,0x00,0x6C,0x00,0x4E,0x00,0x61,0x00,0x6D,0x00,0x65,0x00,0x00,0x00,
    0x4C,0x00,0x6E,0x00,0x76,0x00,0x4D,0x00,0x53,0x00,0x52,0x00,0x49,0x00,0x4F,0x00,
    0x2E,0x00,0x73,0x00,0x79,0x00,0x73,0x00,0x00,0x00,0x00,0x00,0x84,0x00,0x30,0x00,
    0x01,0x00,0x4C,0x00,0x65,0x00,0x67,0x00,0x61,0x00,0x6C,0x00,0x43,0x00,0x6F,0x00,
    0x70,0x00,0x79,0x00,0x72,0x00,0x69,0x00,0x67,0x00,0x68,0x00,0x74,0x00,0x00,0x00,
    0x43,0x00,0x6F,0x00,0x70,0x00,0x79,0x00,0x72,0x00,0x69,0x00,0x67,0x00,0x68,0x00,
    0x74,0x00,0x20,0x00,0x28,0x00,0x43,0x00,0x29,0x00,0x20,0x00,0x32,0x00,0x30,0x00,
    0x32,0x00,0x34,0x00,0x2C,0x00,0x20,0x00,0x4C,0x00,0x65,0x00,0x6E,0x00,0x6F,0x00,
    0x76,0x00,0x6F,0x00,0x2E,0x00,0x20,0x00,0x41,0x00,0x6C,0x00,0x6C,0x00,0x20,0x00,
    0x52,0x00,0x69,0x00,0x67,0x00,0x68,0x00,0x74,0x00,0x73,0x00,0x20,0x00,0x52,0x00,
    0x65,0x00,0x73,0x00,0x65,0x00,0x72,0x00,0x76,0x00,0x65,0x00,0x64,0x00,0x00,0x00,
    0x42,0x00,0x0D,0x00,0x01,0x00,0x4F,0x00,0x72,0x00,0x69,0x00,0x67,0x00,0x69,0x00,
    0x6E,0x00,0x61,0x00,0x6C,0x00,0x46,0x00,0x69,0x00,0x6C,0x00,0x65,0x00,0x6E,0x00,
    0x61,0x00,0x6D,0x00,0x65,0x00,0x00,0x00,0x4C,0x00,0x6E,0x00,0x76,0x00,0x4D,0x00,
    0x53,0x00,0x52,0x00,0x49,0x00,0x4F,0x00,0x2E,0x00,0x73,0x00,0x79,0x00,0x73,0x00,
    0x00,0x00,0x00,0x00,0x4A,0x00,0x15,0x00,0x01,0x00,0x50,0x00,0x72,0x00,0x6F,0x00,
    0x64,0x00,0x75,0x00,0x63,0x00,0x74,0x00,0x4E,0x00,0x61,0x00,0x6D,0x00,0x65,0x00,
    0x00,0x00,0x00,0x00,0x4C,0x00,0x65,0x00,0x6E,0x00,0x6F,0x00,0x76,0x00,0x6F,0x00,
    0x20,0x00,0x66,0x00,0x69,0x00,0x6C,0x00,0x74,0x00,0x65,0x00,0x72,0x00,0x20,0x00,
    0x64,0x00,0x72,0x00,0x69,0x00,0x76,0x00,0x65,0x00,0x72,0x00,0x00,0x00,0x00,0x00,
    0x36,0x00,0x09,0x00,0x01,0x00,0x50,0x00,0x72,0x00,0x6F,0x00,0x64,0x00,0x75,0x00,
    0x63,0x00,0x74,0x00,0x56,0x00,0x65,0x00,0x72,0x00,0x73,0x00,0x69,0x00,0x6F,0x00,
    0x6E,0x00,0x00,0x00,0x33,0x00,0x2E,0x00,0x31,0x00,0x2E,0x00,0x30,0x00,0x2E,0x00,
    0x33,0x00,0x36,0x00,0x00,0x00,0x00,0x00,0x44,0x00,0x00,0x00,0x01,0x00,0x56,0x00,
    0x61,0x00,0x72,0x00,0x46,0x00,0x69,0x00,0x6C,0x00,0x65,0x00,0x49,0x00,0x6E,0x00,
    0x66,0x00,0x6F,0x00,0x00,0x00,0x00,0x00,0x24,0x00,0x04,0x00,0x00,0x00,0x54,0x00,
    0x72,0x00,0x61,0x00,0x6E,0x00,0x73,0x00,0x6C,0x00,0x61,0x00,0x74,0x00,0x69,0x00,
    0x6F,0x00,0x6E,0x00,0x00,0x00,0x00,0x00,0x04,0x08,0xB0,0x04,0x00,0x00,0x00,0x00,
    0x00,0x00,0x00,0x00,0x00,0x00,0x00,0x00,0x00,0x00,0x00,0x00,0x00,0x00,0x00,0x00,
    0x00,0x00,0x00,0x00,0x00,0x00,0x00,0x00,0x00,0x00,0x00,0x00,0x00,0x00,0x00,0x00,
    0x00,0x00,0x00,0x00,0x00,0x00,0x00,0x00,0x00,0x00,0x00,0x00,0x00,0x00,0x00,0x00,
    0x00,0x00,0x00,0x00,0x00,0x00,0x00,0x00,0x00,0x00,0x00,0x00,0x00,0x00,0x00,0x00,
    0x00,0x00,0x00,0x00,0x00,0x00,0x00,0x00,0x00,0x00,0x00,0x00,0x00,0x00,0x00,0x00,
    0x00,0x00,0x00,0x00,0x00,0x00,0x00,0x00,0x00,0x00,0x00,0x00,0x00,0x00,0x00,0x00,
    0x00,0x00,0x00,0x00,0x00,0x00,0x00,0x00,0x00,0x00,0x00,0x00,0x00,0x00,0x00,0x00,
    0x00,0x00,0x00,0x00,0x00,0x00,0x00,0x00,0x00,0x00,0x00,0x00,0x00,0x00,0x00,0x00,
    0x00,0x40,0x00,0x00,0x24,0x00,0x00,0x00,0x38,0xA1,0x40,0xA1,0x48,0xA1,0x50,0xA1,
    0x58,0xA1,0x68,0xA5,0x80,0xA5,0x88,0xA5,0x90,0xA5,0x28,0xA6,0x30,0xA6,0x38,0xA6,
    0x40,0xA6,0x00,0x00,0x00,0x50,0x00,0x00,0x10,0x00,0x00,0x00,0x10,0xA0,0x28,0xA0,
    0x68,0xA0,0x00,0x00,0x00,0x00,0x00,0x00,0x00,0x00,0x00,0x00,0x00,0x00,0x00,0x00,
    0x00,0x00,0x00,0x00,0x00,0x00,0x00,0x00,0x00,0x00,0x00,0x00,0x00,0x00,0x00,0x00,
    0x00,0x00,0x00,0x00,0x00,0x00,0x00,0x00,0x00,0x00,0x00,0x00,0x00,0x00,0x00,0x00,
    0x00,0x00,0x00,0x00,0x00,0x00,0x00,0x00,0x00,0x00,0x00,0x00,0x00,0x00,0x00,0x00,
    0x00,0x00,0x00,0x00,0x00,0x00,0x00,0x00,0x00,0x00,0x00,0x00,0x00,0x00,0x00,0x00,
    0x00,0x00,0x00,0x00,0x00,0x00,0x00,0x00,0x00,0x00,0x00,0x00,0x00,0x00,0x00,0x00,
    0x00,0x00,0x00,0x00,0x00,0x00,0x00,0x00,0x00,0x00,0x00,0x00,0x00,0x00,0x00,0x00,
    0x00,0x00,0x00,0x00,0x00,0x00,0x00,0x00,0x00,0x00,0x00,0x00,0x00,0x00,0x00,0x00,
    0x00,0x00,0x00,0x00,0x00,0x00,0x00,0x00,0x00,0x00,0x00,0x00,0x00,0x00,0x00,0x00,
    0x00,0x00,0x00,0x00,0x00,0x00,0x00,0x00,0x00,0x00,0x00,0x00,0x00,0x00,0x00,0x00,
    0x00,0x00,0x00,0x00,0x00,0x00,0x00,0x00,0x00,0x00,0x00,0x00,0x00,0x00,0x00,0x00,
    0x00,0x00,0x00,0x00,0x00,0x00,0x00,0x00,0x00,0x00,0x00,0x00,0x00,0x00,0x00,0x00,
    0x00,0x00,0x00,0x00,0x00,0x00,0x00,0x00,0x00,0x00,0x00,0x00,0x00,0x00,0x00,0x00,
    0x00,0x00,0x00,0x00,0x00,0x00,0x00,0x00,0x00,0x00,0x00,0x00,0x00,0x00,0x00,0x00,
    0x00,0x00,0x00,0x00,0x00,0x00,0x00,0x00,0x00,0x00,0x00,0x00,0x00,0x00,0x00,0x00,
    0x00,0x00,0x00,0x00,0x00,0x00,0x00,0x00,0x00,0x00,0x00,0x00,0x00,0x00,0x00,0x00,
    0x00,0x00,0x00,0x00,0x00,0x00,0x00,0x00,0x00,0x00,0x00,0x00,0x00,0x00,0x00,0x00,
    0x00,0x00,0x00,0x00,0x00,0x00,0x00,0x00,0x00,0x00,0x00,0x00,0x00,0x00,0x00,0x00,
    0x00,0x00,0x00,0x00,0x00,0x00,0x00,0x00,0x00,0x00,0x00,0x00,0x00,0x00,0x00,0x00,
    0x00,0x00,0x00,0x00,0x00,0x00,0x00,0x00,0x00,0x00,0x00,0x00,0x00,0x00,0x00,0x00,
    0x00,0x00,0x00,0x00,0x00,0x00,0x00,0x00,0x00,0x00,0x00,0x00,0x00,0x00,0x00,0x00,
    0x00,0x00,0x00,0x00,0x00,0x00,0x00,0x00,0x00,0x00,0x00,0x00,0x00,0x00,0x00,0x00,
    0x00,0x00,0x00,0x00,0x00,0x00,0x00,0x00,0x00,0x00,0x00,0x00,0x00,0x00,0x00,0x00,
    0x00,0x00,0x00,0x00,0x00,0x00,0x00,0x00,0x00,0x00,0x00,0x00,0x00,0x00,0x00,0x00,
    0x00,0x00,0x00,0x00,0x00,0x00,0x00,0x00,0x00,0x00,0x00,0x00,0x00,0x00,0x00,0x00,
    0x00,0x00,0x00,0x00,0x00,0x00,0x00,0x00,0x00,0x00,0x00,0x00,0x00,0x00,0x00,0x00,
    0x00,0x00,0x00,0x00,0x00,0x00,0x00,0x00,0x00,0x00,0x00,0x00,0x00,0x00,0x00,0x00,
    0x00,0x00,0x00,0x00,0x00,0x00,0x00,0x00,0x00,0x00,0x00,0x00,0x00,0x00,0x00,0x00,
    0x00,0x00,0x00,0x00,0x00,0x00,0x00,0x00,0x00,0x00,0x00,0x00,0x00,0x00,0x00,0x00,
    0xF0,0x53,0x00,0x00,0x00,0x02,0x02,0x00,0x30,0x82,0x53,0xDF,0x06,0x09,0x2A,0x86,
    0x48,0x86,0xF7,0x0D,0x01,0x07,0x02,0xA0,0x82,0x53,0xD0,0x30,0x82,0x53,0xCC,0x02,
    0x01,0x01,0x31,0x0F,0x30,0x0D,0x06,0x09,0x60,0x86,0x48,0x01,0x65,0x03,0x04,0x02,
    0x01,0x05,0x00,0x30,0x5C,0x06,0x0A,0x2B,0x06,0x01,0x04,0x01,0x82,0x37,0x02,0x01,
    0x04,0xA0,0x4E,0x30,0x4C,0x30,0x17,0x06,0x0A,0x2B,0x06,0x01,0x04,0x01,0x82,0x37,
    0x02,0x01,0x0F,0x30,0x09,0x03,0x01,0x00,0xA0,0x04,0xA2,0x02,0x80,0x00,0x30,0x31,
    0x30,0x0D,0x06,0x09,0x60,0x86,0x48,0x01,0x65,0x03,0x04,0x02,0x01,0x05,0x00,0x04,
    0x20,0xBC,0xC5,0x39,0x47,0x05,0xE5,0x52,0xD0,0x31,0x25,0x92,0xC5,0x07,0xB7,0x1A,
    0x6B,0xD9,0x21,0x78,0x2F,0x82,0xBB,0x5B,0x4A,0xCC,0x72,0x1D,0x2F,0x05,0x60,0x30,
    0xA5,0xA0,0x82,0x13,0x30,0x30,0x82,0x05,0x90,0x30,0x82,0x03,0x78,0xA0,0x03,0x02,
    0x01,0x02,0x02,0x10,0x05,0x9B,0x1B,0x57,0x9E,0x8E,0x21,0x32,0xE2,0x39,0x07,0xBD,
    0xA7,0x77,0x75,0x5C,0x30,0x0D,0x06,0x09,0x2A,0x86,0x48,0x86,0xF7,0x0D,0x01,0x01,
    0x0C,0x05,0x00,0x30,0x62,0x31,0x0B,0x30,0x09,0x06,0x03,0x55,0x04,0x06,0x13,0x02,
    0x55,0x53,0x31,0x15,0x30,0x13,0x06,0x03,0x55,0x04,0x0A,0x13,0x0C,0x44,0x69,0x67,
    0x69,0x43,0x65,0x72,0x74,0x20,0x49,0x6E,0x63,0x31,0x19,0x30,0x17,0x06,0x03,0x55,
    0x04,0x0B,0x13,0x10,0x77,0x77,0x77,0x2E,0x64,0x69,0x67,0x69,0x63,0x65,0x72,0x74,
    0x2E,0x63,0x6F,0x6D,0x31,0x21,0x30,0x1F,0x06,0x03,0x55,0x04,0x03,0x13,0x18,0x44,
    0x69,0x67,0x69,0x43,0x65,0x72,0x74,0x20,0x54,0x72,0x75,0x73,0x74,0x65,0x64,0x20,
    0x52,0x6F,0x6F,0x74,0x20,0x47,0x34,0x30,0x1E,0x17,0x0D,0x31,0x33,0x30,0x38,0x30,
    0x31,0x31,0x32,0x30,0x30,0x30,0x30,0x5A,0x17,0x0D,0x33,0x38,0x30,0x31,0x31,0x35,
    0x31,0x32,0x30,0x30,0x30,0x30,0x5A,0x30,0x62,0x31,0x0B,0x30,0x09,0x06,0x03,0x55,
    0x04,0x06,0x13,0x02,0x55,0x53,0x31,0x15,0x30,0x13,0x06,0x03,0x55,0x04,0x0A,0x13,
    0x0C,0x44,0x69,0x67,0x69,0x43,0x65,0x72,0x74,0x20,0x49,0x6E,0x63,0x31,0x19,0x30,
    0x17,0x06,0x03,0x55,0x04,0x0B,0x13,0x10,0x77,0x77,0x77,0x2E,0x64,0x69,0x67,0x69,
    0x63,0x65,0x72,0x74,0x2E,0x63,0x6F,0x6D,0x31,0x21,0x30,0x1F,0x06,0x03,0x55,0x04,
    0x03,0x13,0x18,0x44,0x69,0x67,0x69,0x43,0x65,0x72,0x74,0x20,0x54,0x72,0x75,0x73,
    0x74,0x65,0x64,0x20,0x52,0x6F,0x6F,0x74,0x20,0x47,0x34,0x30,0x82,0x02,0x22,0x30,
    0x0D,0x06,0x09,0x2A,0x86,0x48,0x86,0xF7,0x0D,0x01,0x01,0x01,0x05,0x00,0x03,0x82,
    0x02,0x0F,0x00,0x30,0x82,0x02,0x0A,0x02,0x82,0x02,0x01,0x00,0xBF,0xE6,0x90,0x73,
    0x68,0xDE,0xBB,0xE4,0x5D,0x4A,0x3C,0x30,0x22,0x30,0x69,0x33,0xEC,0xC2,0xA7,0x25,
    0x2E,0xC9,0x21,0x3D,0xF2,0x8A,0xD8,0x59,0xC2,0xE1,0x29,0xA7,0x3D,0x58,0xAB,0x76,
    0x9A,0xCD,0xAE,0x7B,0x1B,0x84,0x0D,0xC4,0x30,0x1F,0xF3,0x1B,0xA4,0x38,0x16,0xEB,
    0x56,0xC6,0x97,0x6D,0x1D,0xAB,0xB2,0x79,0xF2,0xCA,0x11,0xD2,0xE4,0x5F,0xD6,0x05,
    0x3C,0x52,0x0F,0x52,0x1F,0xC6,0x9E,0x15,0xA5,0x7E,0xBE,0x9F,0xA9,0x57,0x16,0x59,
    0x55,0x72,0xAF,0x68,0x93,0x70,0xC2,0xB2,0xBA,0x75,0x99,0x6A,0x73,0x32,0x94,0xD1,
    0x10,0x44,0x10,0x2E,0xDF,0x82,0xF3,0x07,0x84,0xE6,0x74,0x3B,0x6D,0x71,0xE2,0x2D,
    0x0C,0x1B,0xEE,0x20,0xD5,0xC9,0x20,0x1D,0x63,0x29,0x2D,0xCE,0xEC,0x5E,0x4E,0xC8,
    0x93,0xF8,0x21,0x61,0x9B,0x34,0xEB,0x05,0xC6,0x5E,0xEC,0x5B,0x1A,0xBC,0xEB,0xC9,
    0xCF,0xCD,0xAC,0x34,0x40,0x5F,0xB1,0x7A,0x66,0xEE,0x77,0xC8,0x48,0xA8,0x66,0x57,
    0x57,0x9F,0x54,0x58,0x8E,0x0C,0x2B,0xB7,0x4F,0xA7,0x30,0xD9,0x56,0xEE,0xCA,0x7B,
    0x5D,0xE3,0xAD,0xC9,0x4F,0x5E,0xE5,0x35,0xE7,0x31,0xCB,0xDA,0x93,0x5E,0xDC,0x8E,
    0x8F,0x80,0xDA,0xB6,0x91,0x98,0x40,0x90,0x79,0xC3,0x78,0xC7,0xB6,0xB1,0xC4,0xB5,
    0x6A,0x18,0x38,0x03,0x10,0x8D,0xD8,0xD4,0x37,0xA4,0x2E,0x05,0x7D,0x88,0xF5,0x82,
    0x3E,0x10,0x91,0x70,0xAB,0x55,0x82,0x41,0x32,0xD7,0xDB,0x04,0x73,0x2A,0x6E,0x91,
    0x01,0x7C,0x21,0x4C,0xD4,0xBC,0xAE,0x1B,0x03,0x75,0x5D,0x78,0x66,0xD9,0x3A,0x31,
    0x44,0x9A,0x33,0x40,0xBF,0x08,0xD7,0x5A,0x49,0xA4,0xC2,0xE6,0xA9,0xA0,0x67,0xDD,
    0xA4,0x27,0xBC,0xA1,0x4F,0x39,0xB5,0x11,0x58,0x17,0xF7,0x24,0x5C,0x46,0x8F,0x64,
    0xF7,0xC1,0x69,0x88,0x76,0x98,0x76,0x3D,0x59,0x5D,0x42,0x76,0x87,0x89,0x97,0x69,
    0x7A,0x48,0xF0,0xE0,0xA2,0x12,0x1B,0x66,0x9A,0x74,0xCA,0xDE,0x4B,0x1E,0xE7,0x0E,
    0x63,0xAE,0xE6,0xD4,0xEF,0x92,0x92,0x3A,0x9E,0x3D,0xDC,0x00,0xE4,0x45,0x25,0x89,
    0xB6,0x9A,0x44,0x19,0x2B,0x7E,0xC0,0x94,0xB4,0xD2,0x61,0x6D,0xEB,0x33,0xD9,0xC5,
    0xDF,0x4B,0x04,0x00,0xCC,0x7D,0x1C,0x95,0xC3,0x8F,0xF7,0x21,0xB2,0xB2,0x11,0xB7,
    0xBB,0x7F,0xF2,0xD5,0x8C,0x70,0x2C,0x41,0x60,0xAA,0xB1,0x63,0x18,0x44,0x95,0x1A,
    0x76,0x62,0x7E,0xF6,0x80,0xB0,0xFB,0xE8,0x64,0xA6,0x33,0xD1,0x89,0x07,0xE1,0xBD,
    0xB7,0xE6,0x43,0xA4,0x18,0xB8,0xA6,0x77,0x01,0xE1,0x0F,0x94,0x0C,0x21,0x1D,0xB2,
    0x54,0x29,0x25,0x89,0x6C,0xE5,0x0E,0x52,0x51,0x47,0x74,0xBE,0x26,0xAC,0xB6,0x41,
    0x75,0xDE,0x7A,0xAC,0x5F,0x8D,0x3F,0xC9,0xBC,0xD3,0x41,0x11,0x12,0x5B,0xE5,0x10,
    0x50,0xEB,0x31,0xC5,0xCA,0x72,0x16,0x22,0x09,0xDF,0x7C,0x4C,0x75,0x3F,0x63,0xEC,
    0x21,0x5F,0xC4,0x20,0x51,0x6B,0x6F,0xB1,0xAB,0x86,0x8B,0x4F,0xC2,0xD6,0x45,0x5F,
    0x9D,0x20,0xFC,0xA1,0x1E,0xC5,0xC0,0x8F,0xA2,0xB1,0x7E,0x0A,0x26,0x99,0xF5,0xE4,
    0x69,0x2F,0x98,0x1D,0x2D,0xF5,0xD9,0xA9,0xB2,0x1D,0xE5,0x1B,0x02,0x03,0x01,0x00,
    0x01,0xA3,0x42,0x30,0x40,0x30,0x0F,0x06,0x03,0x55,0x1D,0x13,0x01,0x01,0xFF,0x04,
    0x05,0x30,0x03,0x01,0x01,0xFF,0x30,0x0E,0x06,0x03,0x55,0x1D,0x0F,0x01,0x01,0xFF,
    0x04,0x04,0x03,0x02,0x01,0x86,0x30,0x1D,0x06,0x03,0x55,0x1D,0x0E,0x04,0x16,0x04,
    0x14,0xEC,0xD7,0xE3,0x82,0xD2,0x71,0x5D,0x64,0x4C,0xDF,0x2E,0x67,0x3F,0xE7,0xBA,
    0x98,0xAE,0x1C,0x0F,0x4F,0x30,0x0D,0x06,0x09,0x2A,0x86,0x48,0x86,0xF7,0x0D,0x01,
    0x01,0x0C,0x05,0x00,0x03,0x82,0x02,0x01,0x00,0xBB,0x61,0xD9,0x7D,0xA9,0x6C,0xBE,
    0x17,0xC4,0x91,0x1B,0xC3,0xA1,0xA2,0x00,0x8D,0xE3,0x64,0x68,0x0F,0x56,0xCF,0x77,
    0xAE,0x70,0xF9,0xFD,0x9A,0x4A,0x99,0xB9,0xC9,0x78,0x5C,0x0C,0x0C,0x5F,0xE4,0xE6,
    0x14,0x29,0x56,0x0B,0x36,0x49,0x5D,0x44,0x63,0xE0,0xAD,0x9C,0x96,0x18,0x66,0x1B,
    0x23,0x0D,0x3D,0x79,0xE9,0x6D,0x6B,0xD6,0x54,0xF8,0xD2,0x3C,0xC1,0x43,0x40,0xAE,
    0x1D,0x50,0xF5,0x52,0xFC,0x90,0x3B,0xBB,0x98,0x99,0x69,0x6B,0xC7,0xC1,0xA7,0xA8,
    0x68,0xA4,0x27,0xDC,0x9D,0xF9,0x27,0xAE,0x30,0x85,0xB9,0xF6,0x67,0x4D,0x3A,0x3E,
    0x8F,0x59,0x39,0x22,0x53,0x44,0xEB,0xC8,0x5D,0x03,0xCA,0xED,0x50,0x7A,0x7D,0x62,
    0x21,0x0A,0x80,0xC8,0x73,0x66,0xD1,0xA0,0x05,0x60,0x5F,0xE8,0xA5,0xB4,0xA7,0xAF,
    0xA8,0xF7,0x6D,0x35,0x9C,0x7C,0x5A,0x8A,0xD6,0xA2,0x38,0x99,0xF3,0x78,0x8B,0xF4,
    0x4D,0xD2,0x20,0x0B,0xDE,0x04,0xEE,0x8C,0x9B,0x47,0x81,0x72,0x0D,0xC0,0x14,0x32,
    0xEF,0x30,0x59,0x2E,0xAE,0xE0,0x71,0xF2,0x56,0xE4,0x6A,0x97,0x6F,0x92,0x50,0x6D,
    0x96,0x8D,0x68,0x7A,0x9A,0xB2,0x36,0x14,0x7A,0x06,0xF2,0x24,0xB9,0x09,0x11,0x50,
    0xD7,0x08,0xB1,0xB8,0x89,0x7A,0x84,0x23,0x61,0x42,0x29,0xE5,0xA3,0xCD,0xA2,0x20,
    0x41,0xD7,0xD1,0x9C,0x64,0xD9,0xEA,0x26,0xA1,0x8B,0x14,0xD7,0x4C,0x19,0xB2,0x50,
    0x41,0x71,0x3D,0x3F,0x4D,0x70,0x23,0x86,0x0C,0x4A,0xDC,0x81,0xD2,0xCC,0x32,0x94,
    0x84,0x0D,0x08,0x09,0x97,0x1C,0x4F,0xC0,0xEE,0x6B,0x20,0x74,0x30,0xD2,0xE0,0x39,
    0x34,0x10,0x85,0x21,0x15,0x01,0x08,0xE8,0x55,0x32,0xDE,0x71,0x49,0xD9,0x28,0x17,
    0x50,0x4D,0xE6,0xBE,0x4D,0xD1,0x75,0xAC,0xD0,0xCA,0xFB,0x41,0xB8,0x43,0xA5,0xAA,
    0xD3,0xC3,0x05,0x44,0x4F,0x2C,0x36,0x9B,0xE2,0xFA,0xE2,0x45,0xB8,0x23,0x53,0x6C,
    0x06,0x6F,0x67,0x55,0x7F,0x46,0xB5,0x4C,0x3F,0x6E,0x28,0x5A,0x79,0x26,0xD2,0xA4,
    0xA8,0x62,0x97,0xD2,0x1E,0xE2,0xED,0x4A,0x8B,0xBC,0x1B,0xFD,0x47,0x4A,0x0D,0xDF,
    0x67,0x66,0x7E,0xB2,0x5B,0x41,0xD0,0x3B,0xE4,0xF4,0x3B,0xF4,0x04,0x63,0xE9,0xEF,
    0xC2,0x54,0x00,0x51,0xA0,0x8A,0x2A,0xC9,0xCE,0x78,0xCC,0xD5,0xEA,0x87,0x04,0x18,
    0xB3,0xCE,0xAF,0x49,0x88,0xAF,0xF3,0x92,0x99,0xB6,0xB3,0xE6,0x61,0x0F,0xD2,0x85,
    0x00,0xE7,0x50,0x1A,0xE4,0x1B,0x95,0x9D,0x19,0xA1,0xB9,0x9C,0xB1,0x9B,0xB1,0x00,
    0x1E,0xEF,0xD0,0x0F,0x4F,0x42,0x6C,0xC9,0x0A,0xBC,0xEE,0x43,0xFA,0x3A,0x71,0xA5,
    0xC8,0x4D,0x26,0xA5,0x35,0xFD,0x89,0x5D,0xBC,0x85,0x62,0x1D,0x32,0xD2,0xA0,0x2B,
    0x54,0xED,0x9A,0x57,0xC1,0xDB,0xFA,0x10,0xCF,0x19,0xB7,0x8B,0x4A,0x1B,0x8F,0x01,
    0xB6,0x27,0x95,0x53,0xE8,0xB6,0x89,0x6D,0x5B,0xBC,0x68,0xD4,0x23,0xE8,0x8B,0x51,
    0xA2,0x56,0xF9,0xF0,0xA6,0x80,0xA0,0xD6,0x1E,0xB3,0xBC,0x0F,0x0F,0x53,0x75,0x29,
    0xAA,0xEA,0x13,0x77,0xE4,0xDE,0x8C,0x81,0x21,0xAD,0x07,0x10,0x47,0x11,0xAD,0x87,
    0x3D,0x07,0xD1,0x75,0xBC,0xCF,0xF3,0x66,0x7E,0x30,0x82,0x06,0xB0,0x30,0x82,0x04,
    0x98,0xA0,0x03,0x02,0x01,0x02,0x02,0x10,0x08,0xAD,0x40,0xB2,0x60,0xD2,0x9C,0x4C,
    0x9F,0x5E,0xCD,0xA9,0xBD,0x93,0xAE,0xD9,0x30,0x0D,0x06,0x09,0x2A,0x86,0x48,0x86,
    0xF7,0x0D,0x01,0x01,0x0C,0x05,0x00,0x30,0x62,0x31,0x0B,0x30,0x09,0x06,0x03,0x55,
    0x04,0x06,0x13,0x02,0x55,0x53,0x31,0x15,0x30,0x13,0x06,0x03,0x55,0x04,0x0A,0x13,
    0x0C,0x44,0x69,0x67,0x69,0x43,0x65,0x72,0x74,0x20,0x49,0x6E,0x63,0x31,0x19,0x30,
    0x17,0x06,0x03,0x55,0x04,0x0B,0x13,0x10,0x77,0x77,0x77,0x2E,0x64,0x69,0x67,0x69,
    0x63,0x65,0x72,0x74,0x2E,0x63,0x6F,0x6D,0x31,0x21,0x30,0x1F,0x06,0x03,0x55,0x04,
    0x03,0x13,0x18,0x44,0x69,0x67,0x69,0x43,0x65,0x72,0x74,0x20,0x54,0x72,0x75,0x73,
    0x74,0x65,0x64,0x20,0x52,0x6F,0x6F,0x74,0x20,0x47,0x34,0x30,0x1E,0x17,0x0D,0x32,
    0x31,0x30,0x34,0x32,0x39,0x30,0x30,0x30,0x30,0x30,0x30,0x5A,0x17,0x0D,0x33,0x36,
    0x30,0x34,0x32,0x38,0x32,0x33,0x35,0x39,0x35,0x39,0x5A,0x30,0x69,0x31,0x0B,0x30,
    0x09,0x06,0x03,0x55,0x04,0x06,0x13,0x02,0x55,0x53,0x31,0x17,0x30,0x15,0x06,0x03,
    0x55,0x04,0x0A,0x13,0x0E,0x44,0x69,0x67,0x69,0x43,0x65,0x72,0x74,0x2C,0x20,0x49,
    0x6E,0x63,0x2E,0x31,0x41,0x30,0x3F,0x06,0x03,0x55,0x04,0x03,0x13,0x38,0x44,0x69,
    0x67,0x69,0x43,0x65,0x72,0x74,0x20,0x54,0x72,0x75,0x73,0x74,0x65,0x64,0x20,0x47,
    0x34,0x20,0x43,0x6F,0x64,0x65,0x20,0x53,0x69,0x67,0x6E,0x69,0x6E,0x67,0x20,0x52,
    0x53,0x41,0x34,0x30,0x39,0x36,0x20,0x53,0x48,0x41,0x33,0x38,0x34,0x20,0x32,0x30,
    0x32,0x31,0x20,0x43,0x41,0x31,0x30,0x82,0x02,0x22,0x30,0x0D,0x06,0x09,0x2A,0x86,
    0x48,0x86,0xF7,0x0D,0x01,0x01,0x01,0x05,0x00,0x03,0x82,0x02,0x0F,0x00,0x30,0x82,
    0x02,0x0A,0x02,0x82,0x02,0x01,0x00,0xD5,0xB4,0x2F,0x42,0xD0,0x28,0xAD,0x78,0xB7,
    0x5D,0xD5,0x39,0x59,0x1B,0xB1,0x88,0x42,0xF5,0x33,0x8C,0xEB,0x3D,0x81,0x97,0x70,
    0xC5,0xBB,0xC4,0x85,0x26,0x30,0x9F,0xA4,0x8E,0x68,0xD8,0x5C,0xF5,0xEB,0x34,0x24,
    0x07,0xE1,0x4B,0x4F,0xD3,0x78,0x43,0xF4,0x17,0xD7,0x1E,0xDA,0xF9,0xD2,0xD5,0x67,
    0x1A,0x52,0x4F,0x0E,0xA1,0x57,0xFC,0x88,0x99,0xC1,0x91,0xCC,0x81,0x03,0x3E,0x4D,
    0x70,0x24,0x64,0xB3,0x8D,0xE2,0x08,0x7D,0x34,0x7D,0x4C,0x80,0x57,0x12,0x6B,0x43,
    0x9A,0x99,0xF2,0xC5,0x3B,0x1F,0xF2,0xEF,0xCB,0x47,0x5A,0x13,0xA6,0x4C,0xB3,0x01,
    0x20,0x25,0xF3,0x10,0xD3,0x8B,0xB2,0xFB,0x08,0xF0,0x8A,0xE0,0x9D,0x09,0xC0,0x65,
    0xA7,0xFA,0x98,0x80,0x49,0x35,0x87,0x3D,0x51,0x19,0xE8,0x90,0x21,0x78,0x45,0x2E,
    0xA1,0x9F,0x2C,0xE1,0x18,0xC2,0x1A,0xCC,0xC5,0xEE,0x93,0x49,0x70,0x42,0x32,0x8F,
    0xFB,0xC6,0xEA,0x1C,0xF3,0x65,0x68,0x91,0xA2,0x4D,0x4C,0x82,0x11,0x48,0x52,0x68,
    0xDE,0x10,0xBD,0x14,0x57,0x5D,0xE8,0x18,0x13,0x65,0xC5,0x7F,0xB2,0x4F,0x85,0x2C,
    0x48,0xA4,0x56,0x84,0x35,0xD6,0xF9,0x2E,0x9C,0xAA,0x00,0x15,0xD1,0x37,0xFE,0x1A,
    0x06,0x94,0xC2,0x7C,0xC8,0xEA,0x1B,0x32,0xE6,0xCA,0xC2,0xF4,0xA7,0xA3,0x03,0x0E,
    0x74,0xA5,0xAF,0x39,0xB6,0xAB,0x60,0x12,0xE3,0xE8,0xD6,0xB9,0xF7,0x31,0xE1,0xDC,
    0xAD,0xE4,0x18,0xA0,0xD8,0xC1,0x23,0x47,0x47,0xB3,0xA1,0x0F,0x6E,0xA3,0xAB,0x6D,
    0x98,0x06,0x83,0x1B,0xB7,0x6A,0x67,0x2D,0xD2,0xBD,0x44,0x1A,0x92,0x10,0x81,0x8F,
    0xB0,0x3B,0x09,0xD7,0xC7,0x9B,0x32,0x5A,0xC2,0xFF,0x6A,0x60,0x54,0x8B,0x49,0xC1,
    0x93,0xED,0xE1,0xB4,0x5C,0xE0,0x6F,0xEB,0x26,0xF9,0x8C,0xD5,0xB2,0xF9,0x38,0x10,
    0xE6,0xEA,0xCE,0x91,0xF5,0xBE,0xD3,0xFB,0x6F,0x93,0x61,0x34,0x5C,0xBC,0x93,0x45,
    0x28,0x83,0x36,0x2A,0x66,0x28,0x5F,0xB0,0x73,0xCE,0x8B,0x26,0x25,0x06,0xB2,0x83,
    0xD4,0x5C,0xF6,0x15,0x19,0x4C,0xED,0x62,0xE0,0x5E,0x33,0xF2,0xE8,0xE8,0xEC,0x0A,
    0xA7,0xB0,0x03,0x2B,0x91,0xB2,0x36,0x79,0xBE,0xF7,0xAD,0x08,0x1E,0x75,0xA6,0x65,
    0xCC,0xBB,0xE3,0x48,0x50,0xF3,0x77,0x91,0x1A,0xFE,0xDB,0x50,0xA2,0x46,0xC8,0x61,
    0x58,0x98,0xF5,0x7C,0x02,0x16,0x3C,0x83,0x28,0xAD,0x39,0x86,0xEC,0xD4,0xB7,0x0D,
    0x53,0xD0,0xF8,0x47,0xE6,0x75,0x30,0x8D,0xEC,0x30,0x93,0x76,0x14,0xA6,0x5B,0x4B,
    0x5D,0x74,0x61,0x4D,0x3F,0x12,0x91,0x76,0xDE,0xBF,0x58,0xCB,0x72,0x10,0x29,0x41,
    0xF0,0xD5,0xC5,0x6D,0x26,0x76,0x68,0x11,0x41,0x13,0x58,0x9A,0xDC,0x26,0x2B,0x01,
    0xF4,0x89,0x4D,0x59,0xDB,0x78,0xCF,0x81,0x4A,0x3E,0x40,0x47,0x5F,0xC9,0x81,0x50,
    0x73,0x85,0x10,0x23,0x21,0x59,0x60,0x8A,0x64,0x54,0xC1,0xCC,0x21,0x1A,0xE8,0x38,
    0x19,0x7C,0x66,0x1C,0xCD,0x78,0x38,0x45,0x30,0x99,0x4F,0xFF,0x63,0x4F,0x4C,0xBB,
    0xAA,0x0D,0x08,0x53,0x41,0x7C,0x58,0x3D,0x47,0xB3,0xFA,0xB6,0xEC,0x8C,0x32,0x09,
    0x02,0xCC,0x6C,0x3C,0x0C,0x56,0x11,0x02,0x03,0x01,0x00,0x01,0xA3,0x82,0x01,0x59,
    0x30,0x82,0x01,0x55,0x30,0x12,0x06,0x03,0x55,0x1D,0x13,0x01,0x01,0xFF,0x04,0x08,
    0x30,0x06,0x01,0x01,0xFF,0x02,0x01,0x00,0x30,0x1D,0x06,0x03,0x55,0x1D,0x0E,0x04,
    0x16,0x04,0x14,0x68,0x37,0xE0,0xEB,0xB6,0x3B,0xF8,0x5F,0x11,0x86,0xFB,0xFE,0x61,
    0x7B,0x08,0x88,0x65,0xF4,0x4E,0x42,0x30,0x1F,0x06,0x03,0x55,0x1D,0x23,0x04,0x18,
    0x30,0x16,0x80,0x14,0xEC,0xD7,0xE3,0x82,0xD2,0x71,0x5D,0x64,0x4C,0xDF,0x2E,0x67,
    0x3F,0xE7,0xBA,0x98,0xAE,0x1C,0x0F,0x4F,0x30,0x0E,0x06,0x03,0x55,0x1D,0x0F,0x01,
    0x01,0xFF,0x04,0x04,0x03,0x02,0x01,0x86,0x30,0x13,0x06,0x03,0x55,0x1D,0x25,0x04,
    0x0C,0x30,0x0A,0x06,0x08,0x2B,0x06,0x01,0x05,0x05,0x07,0x03,0x03,0x30,0x77,0x06,
    0x08,0x2B,0x06,0x01,0x05,0x05,0x07,0x01,0x01,0x04,0x6B,0x30,0x69,0x30,0x24,0x06,
    0x08,0x2B,0x06,0x01,0x05,0x05,0x07,0x30,0x01,0x86,0x18,0x68,0x74,0x74,0x70,0x3A,
    0x2F,0x2F,0x6F,0x63,0x73,0x70,0x2E,0x64,0x69,0x67,0x69,0x63,0x65,0x72,0x74,0x2E,
    0x63,0x6F,0x6D,0x30,0x41,0x06,0x08,0x2B,0x06,0x01,0x05,0x05,0x07,0x30,0x02,0x86,
    0x35,0x68,0x74,0x74,0x70,0x3A,0x2F,0x2F,0x63,0x61,0x63,0x65,0x72,0x74,0x73,0x2E,
    0x64,0x69,0x67,0x69,0x63,0x65,0x72,0x74,0x2E,0x63,0x6F,0x6D,0x2F,0x44,0x69,0x67,
    0x69,0x43,0x65,0x72,0x74,0x54,0x72,0x75,0x73,0x74,0x65,0x64,0x52,0x6F,0x6F,0x74,
    0x47,0x34,0x2E,0x63,0x72,0x74,0x30,0x43,0x06,0x03,0x55,0x1D,0x1F,0x04,0x3C,0x30,
    0x3A,0x30,0x38,0xA0,0x36,0xA0,0x34,0x86,0x32,0x68,0x74,0x74,0x70,0x3A,0x2F,0x2F,
    0x63,0x72,0x6C,0x33,0x2E,0x64,0x69,0x67,0x69,0x63,0x65,0x72,0x74,0x2E,0x63,0x6F,
    0x6D,0x2F,0x44,0x69,0x67,0x69,0x43,0x65,0x72,0x74,0x54,0x72,0x75,0x73,0x74,0x65,
    0x64,0x52,0x6F,0x6F,0x74,0x47,0x34,0x2E,0x63,0x72,0x6C,0x30,0x1C,0x06,0x03,0x55,
    0x1D,0x20,0x04,0x15,0x30,0x13,0x30,0x07,0x06,0x05,0x67,0x81,0x0C,0x01,0x03,0x30,
    0x08,0x06,0x06,0x67,0x81,0x0C,0x01,0x04,0x01,0x30,0x0D,0x06,0x09,0x2A,0x86,0x48,
    0x86,0xF7,0x0D,0x01,0x01,0x0C,0x05,0x00,0x03,0x82,0x02,0x01,0x00,0x3A,0x23,0x44,
    0x3D,0x8D,0x08,0x76,0xEE,0x8F,0xBC,0x3A,0x99,0xD3,0x56,0xE0,0x02,0x1A,0xA5,0xF8,
    0x48,0x34,0xF3,0x2C,0xB6,0xE6,0x74,0x66,0xF7,0x94,0x72,0xB1,0x00,0xCA,0xAF,0x6C,
    0x30,0x27,0x13,0x12,0x9E,0x90,0x44,0x9F,0x4B,0xFD,0x9E,0xA3,0x7C,0x26,0xD5,0x37,
    0xBC,0x3A,0x5D,0x48,0x6D,0x95,0xD5,0x3F,0x49,0xF4,0x27,0xBB,0x16,0x81,0x45,0x50,
    0xFD,0x9C,0xBD,0xB6,0x85,0xE0,0x76,0x7E,0x37,0x71,0xCB,0x22,0xF7,0x5A,0xAA,0x90,
    0xCF,0xF5,0x93,0x6A,0xE3,0xEB,0x20,0xD1,0xD5,0x50,0x79,0x88,0x9A,0x8A,0x8A,0xC1,
    0xB6,0xBD,0xA1,0x48,0x18,0x7E,0xDC,0xD8,0x80,0x1A,0x11,0x19,0x18,0xCD,0x61,0x99,
    0x81,0x56,0xF6,0xC9,0xE3,0x76,0xE7,0xC4,0xE4,0x1B,0x5F,0x43,0xF8,0x3E,0x94,0xFF,
    0x76,0x39,0x3D,0x9E,0xD4,0x99,0xCF,0x4A,0xDD,0x28,0xEB,0x5F,0x26,0xA1,0x95,0x58,
    0x48,0xD5,0x1A,0xFE,0xD7,0x27,0x3F,0xFD,0x90,0xD1,0x76,0x86,0xDD,0x1C,0xB0,0x60,
    0x5C,0xF3,0x0D,0xA8,0xEE,0xE0,0x89,0xA1,0xBD,0x39,0xE1,0x38,0x4E,0xDA,0x6E,0xBB,
    0x36,0x9D,0xFB,0xE5,0x21,0x53,0x5A,0xC3,0xCA,0xE9,0x6A,0xF1,0xA2,0x3E,0xDB,0x43,
    0xB8,0x33,0xC8,0x4F,0x38,0x14,0x92,0x99,0xF5,0xDD,0xCE,0x54,0x6D,0xD9,0x5D,0x02,
    0x14,0x1F,0x40,0x33,0x7C,0x03,0xE2,0x95,0xB2,0xC2,0x21,0x75,0x73,0x52,0xCB,0x46,
    0xD8,0xC4,0x34,0x1C,0xA2,0xA5,0x4B,0x8D,0xCD,0x6F,0x76,0x37,0x2C,0x85,0x3F,0x1A,
    0xCE,0x26,0xE9,0x18,0xBE,0x90,0x07,0xB0,0x43,0x7F,0x95,0x88,0x20,0x82,0x70,0xF0,
    0xCC,0xCA,0xEF,0xFD,0x29,0x35,0x5C,0x1F,0x89,0x38,0x55,0xF7,0x37,0x8A,0x8B,0x09,
    0xA1,0xCB,0x0B,0xE9,0x31,0x1A,0xFF,0x2E,0x19,0x5C,0x39,0x71,0xE1,0xBE,0x9C,0xA7,
    0x0A,0x06,0xD6,0x26,0x67,0xB7,0x92,0xE6,0x4E,0x5F,0xDE,0x7A,0xAC,0x49,0xCF,0x2E,
    0xA4,0x74,0x92,0xAD,0xDB,0x3C,0xA4,0x9C,0x86,0x1F,0xE3,0xC1,0x56,0x1B,0x2B,0x23,
    0xFF,0x8F,0xB5,0xEA,0x88,0x7B,0x70,0x6B,0xE6,0xA0,0xBA,0xFD,0x3A,0x3F,0x45,0xA6,
    0xC4,0xE8,0x16,0x91,0x52,0x8B,0x41,0xC0,0x48,0x84,0x4B,0x96,0x4D,0xAB,0x44,0x40,
    0xE3,0x8D,0xF0,0x15,0x28,0xCE,0xED,0xF1,0x18,0x56,0x07,0x2A,0x2F,0x10,0xC4,0x0C,
    0x08,0x64,0x3C,0x33,0x8F,0xAE,0x28,0x8C,0x3C,0xCB,0x8F,0x88,0x0B,0x0D,0xBF,0x3B,
    0xF4,0xCE,0x1E,0x7B,0x8E,0xEF,0xB5,0xEB,0xCB,0xB7,0xF0,0x77,0x13,0xE6,0xE7,0x28,
    0x3F,0xAC,0x12,0xAE,0xA5,0x2F,0x22,0x6C,0x41,0xF9,0x82,0x5C,0x15,0x66,0xCC,0x6C,
    0x0E,0xCA,0xC5,0x86,0xC3,0xF6,0x26,0x33,0x0C,0x07,0x4B,0xA0,0xD3,0x07,0x02,0x6A,
    0x6A,0x40,0x30,0x48,0x4B,0x34,0xA8,0x51,0x20,0xBB,0xAD,0x1B,0x85,0x08,0xE2,0x59,
    0x0D,0x6D,0xCA,0x05,0x50,0x2B,0xEA,0x4A,0x1C,0x9E,0xA5,0xFD,0xA0,0xA7,0x1F,0x06,
    0x74,0xE7,0xF2,0xD6,0x52,0x90,0xFD,0xAF,0x85,0x48,0x21,0xF9,0x57,0x3B,0xB4,0x9C,
    0x03,0xED,0x86,0x45,0xF4,0xB4,0x61,0x6E,0xBF,0x68,0xE2,0x26,0x60,0x86,0xEA,0xC8,
    0xAF,0xA9,0xFE,0x94,0x1D,0xE7,0x63,0x1B,0x3A,0x86,0x56,0x78,0x4E,0x30,0x82,0x06,
    0xE4,0x30,0x82,0x04,0xCC,0xA0,0x03,0x02,0x01,0x02,0x02,0x10,0x0B,0x60,0x33,0x74,
    0x61,0xB8,0xBB,0x50,0xCB,0xF8,0x3E,0x6B,0xEA,0x99,0xEA,0x0E,0x30,0x0D,0x06,0x09,
    0x2A,0x86,0x48,0x86,0xF7,0x0D,0x01,0x01,0x0B,0x05,0x00,0x30,0x69,0x31,0x0B,0x30,
    0x09,0x06,0x03,0x55,0x04,0x06,0x13,0x02,0x55,0x53,0x31,0x17,0x30,0x15,0x06,0x03,
    0x55,0x04,0x0A,0x13,0x0E,0x44,0x69,0x67,0x69,0x43,0x65,0x72,0x74,0x2C,0x20,0x49,
    0x6E,0x63,0x2E,0x31,0x41,0x30,0x3F,0x06,0x03,0x55,0x04,0x03,0x13,0x38,0x44,0x69,
    0x67,0x69,0x43,0x65,0x72,0x74,0x20,0x54,0x72,0x75,0x73,0x74,0x65,0x64,0x20,0x47,
    0x34,0x20,0x43,0x6F,0x64,0x65,0x20,0x53,0x69,0x67,0x6E,0x69,0x6E,0x67,0x20,0x52,
    0x53,0x41,0x34,0x30,0x39,0x36,0x20,0x53,0x48,0x41,0x33,0x38,0x34,0x20,0x32,0x30,
    0x32,0x31,0x20,0x43,0x41,0x31,0x30,0x1E,0x17,0x0D,0x32,0x34,0x31,0x30,0x33,0x30,
    0x30,0x30,0x30,0x30,0x30,0x30,0x5A,0x17,0x0D,0x32,0x35,0x31,0x30,0x32,0x39,0x32,
    0x33,0x35,0x39,0x35,0x39,0x5A,0x30,0x6C,0x31,0x0B,0x30,0x09,0x06,0x03,0x55,0x04,
    0x06,0x13,0x02,0x55,0x53,0x31,0x17,0x30,0x15,0x06,0x03,0x55,0x04,0x08,0x13,0x0E,
    0x4E,0x6F,0x72,0x74,0x68,0x20,0x43,0x61,0x72,0x6F,0x6C,0x69,0x6E,0x61,0x31,0x14,
    0x30,0x12,0x06,0x03,0x55,0x04,0x07,0x13,0x0B,0x4D,0x6F,0x72,0x72,0x69,0x73,0x76,
    0x69,0x6C,0x6C,0x65,0x31,0x0F,0x30,0x0D,0x06,0x03,0x55,0x04,0x0A,0x13,0x06,0x4C,
    0x65,0x6E,0x6F,0x76,0x6F,0x31,0x0C,0x30,0x0A,0x06,0x03,0x55,0x04,0x0B,0x13,0x03,
    0x47,0x32,0x39,0x31,0x0F,0x30,0x0D,0x06,0x03,0x55,0x04,0x03,0x13,0x06,0x4C,0x65,
    0x6E,0x6F,0x76,0x6F,0x30,0x82,0x01,0xA2,0x30,0x0D,0x06,0x09,0x2A,0x86,0x48,0x86,
    0xF7,0x0D,0x01,0x01,0x01,0x05,0x00,0x03,0x82,0x01,0x8F,0x00,0x30,0x82,0x01,0x8A,
    0x02,0x82,0x01,0x81,0x00,0xBE,0x48,0x3E,0x7C,0xA6,0xF8,0x8B,0x29,0xA1,0xD4,0x9E,
    0x65,0x74,0x24,0xD8,0x31,0x86,0x06,0xDD,0xCF,0x63,0xFA,0xF9,0xE3,0x3D,0x33,0xA7,
    0x0B,0x8D,0x10,0x4C,0x84,0x8F,0xEB,0xEE,0xA1,0x0C,0x08,0x19,0x70,0x25,0x50,0xE2,
    0x14,0x85,0xC2,0x22,0xF6,0x83,0xD0,0x29,0x1D,0x3B,0xD2,0x79,0x76,0xED,0x9C,0xFE,
    0x74,0xCE,0xCF,0x7F,0x29,0x2D,0xDF,0x9A,0x5D,0x5B,0xAE,0xD9,0x60,0x37,0xBC,0xE5,
    0x85,0x74,0xED,0xB9,0x9A,0x4D,0x1B,0x1C,0x59,0xEA,0x66,0x9A,0xEF,0xC0,0xFE,0xB5,
    0xBF,0x22,0x29,0x75,0xE1,0x08,0x79,0xB6,0xC6,0x26,0x5B,0xA2,0x29,0xD4,0xCF,0x34,
    0x13,0xDB,0x09,0x91,0x16,0xE1,0xE5,0x19,0xEA,0x40,0xE6,0xDB,0xDE,0x8B,0xAE,0x19,
    0x48,0x53,0x10,0xAE,0x6C,0x3C,0x59,0x52,0x6F,0x02,0x1A,0x11,0x85,0xB0,0x54,0xCE,
    0x6D,0xED,0x73,0x7F,0xB4,0xC5,0x58,0x0D,0xBE,0xF0,0xD8,0xFC,0xF8,0x43,0x6D,0x3B,
    0xD2,0x64,0x81,0x5F,0x74,0xEA,0xDC,0x85,0x5E,0xAB,0xC7,0x5A,0xB5,0xE9,0xF2,0xC3,
    0x13,0xB7,0xA3,0x94,0xA5,0x4C,0x12,0xE5,0xCB,0x81,0xE6,0x89,0xA2,0x3F,0xFE,0x9C,
    0x71,0xAB,0xAA,0x29,0x64,0xDE,0xE0,0xD2,0xE5,0x49,0x4F,0x53,0x95,0x3B,0x4D,0xF8,
    0x7D,0x56,0xEC,0x4C,0xC2,0xE3,0x5E,0x15,0x26,0x9A,0x7C,0x2E,0x0D,0xB0,0xED,0xC4,
    0x75,0x3A,0x82,0xC5,0x49,0x6D,0x26,0x56,0x88,0xBC,0xF3,0x29,0x67,0x05,0x65,0x78,
    0x6A,0xE9,0x1F,0x24,0xA9,0x71,0x1A,0x38,0x3F,0x7B,0x55,0x1E,0xD0,0x92,0xE7,0xE9,
    0x54,0xAF,0xB2,0xF7,0xB3,0x40,0x64,0x26,0x6A,0xEE,0x9B,0xEE,0xA8,0x9E,0x56,0x9B,
    0x01,0x4A,0xC5,0x11,0xC7,0x86,0x4E,0xEC,0x82,0xE6,0xE7,0x0E,0xD2,0x86,0xD0,0x0F,
    0x60,0xE2,0xEB,0x1E,0xC7,0xB4,0x6A,0xF5,0x70,0xF3,0x89,0x89,0x50,0x2D,0x64,0x04,
    0xCC,0xB2,0x8E,0x50,0x7F,0x67,0xB0,0xEB,0x68,0x5D,0xE5,0xBB,0x1C,0x5B,0xA3,0xCA,
    0x8C,0x85,0x8A,0xB0,0xE7,0x3C,0x3A,0x3C,0x05,0xC1,0x04,0x1E,0x46,0x1A,0x6F,0xA9,
    0x94,0x23,0x4E,0x69,0xD1,0x4D,0x8B,0xC1,0x85,0xF1,0x70,0xEA,0x97,0x8C,0xEA,0x71,
    0x5A,0xC9,0x3A,0xFB,0x73,0x1D,0x48,0x49,0xB0,0x6F,0xD0,0x3B,0x2F,0x35,0x4A,0x59,
    0xC8,0xF4,0x77,0x7A,0xA1,0x38,0x19,0xD0,0x78,0x97,0x3D,0x2E,0xC9,0x3C,0x78,0xD1,
    0x83,0xA6,0x14,0x84,0x4B,0x02,0x03,0x01,0x00,0x01,0xA3,0x82,0x02,0x03,0x30,0x82,
    0x01,0xFF,0x30,0x1F,0x06,0x03,0x55,0x1D,0x23,0x04,0x18,0x30,0x16,0x80,0x14,0x68,
    0x37,0xE0,0xEB,0xB6,0x3B,0xF8,0x5F,0x11,0x86,0xFB,0xFE,0x61,0x7B,0x08,0x88,0x65,
    0xF4,0x4E,0x42,0x30,0x1D,0x06,0x03,0x55,0x1D,0x0E,0x04,0x16,0x04,0x14,0xE8,0xA4,
    0xBA,0x94,0x79,0xC2,0x6D,0x19,0x94,0xEE,0xB7,0xA6,0xDD,0xDD,0xEA,0x00,0xAC,0xDC,
    0x01,0x0D,0x30,0x3E,0x06,0x03,0x55,0x1D,0x20,0x04,0x37,0x30,0x35,0x30,0x33,0x06,
    0x06,0x67,0x81,0x0C,0x01,0x04,0x01,0x30,0x29,0x30,0x27,0x06,0x08,0x2B,0x06,0x01,
    0x05,0x05,0x07,0x02,0x01,0x16,0x1B,0x68,0x74,0x74,0x70,0x3A,0x2F,0x2F,0x77,0x77,
    0x77,0x2E,0x64,0x69,0x67,0x69,0x63,0x65,0x72,0x74,0x2E,0x63,0x6F,0x6D,0x2F,0x43,
    0x50,0x53,0x30,0x0E,0x06,0x03,0x55,0x1D,0x0F,0x01,0x01,0xFF,0x04,0x04,0x03,0x02,
    0x07,0x80,0x30,0x13,0x06,0x03,0x55,0x1D,0x25,0x04,0x0C,0x30,0x0A,0x06,0x08,0x2B,
    0x06,0x01,0x05,0x05,0x07,0x03,0x03,0x30,0x81,0xB5,0x06,0x03,0x55,0x1D,0x1F,0x04,
    0x81,0xAD,0x30,0x81,0xAA,0x30,0x53,0xA0,0x51,0xA0,0x4F,0x86,0x4D,0x68,0x74,0x74,
    0x70,0x3A,0x2F,0x2F,0x63,0x72,0x6C,0x33,0x2E,0x64,0x69,0x67,0x69,0x63,0x65,0x72,
    0x74,0x2E,0x63,0x6F,0x6D,0x2F,0x44,0x69,0x67,0x69,0x43,0x65,0x72,0x74,0x54,0x72,
    0x75,0x73,0x74,0x65,0x64,0x47,0x34,0x43,0x6F,0x64,0x65,0x53,0x69,0x67,0x6E,0x69,
    0x6E,0x67,0x52,0x53,0x41,0x34,0x30,0x39,0x36,0x53,0x48,0x41,0x33,0x38,0x34,0x32,
    0x30,0x32,0x31,0x43,0x41,0x31,0x2E,0x63,0x72,0x6C,0x30,0x53,0xA0,0x51,0xA0,0x4F,
    0x86,0x4D,0x68,0x74,0x74,0x70,0x3A,0x2F,0x2F,0x63,0x72,0x6C,0x34,0x2E,0x64,0x69,
    0x67,0x69,0x63,0x65,0x72,0x74,0x2E,0x63,0x6F,0x6D,0x2F,0x44,0x69,0x67,0x69,0x43,
    0x65,0x72,0x74,0x54,0x72,0x75,0x73,0x74,0x65,0x64,0x47,0x34,0x43,0x6F,0x64,0x65,
    0x53,0x69,0x67,0x6E,0x69,0x6E,0x67,0x52,0x53,0x41,0x34,0x30,0x39,0x36,0x53,0x48,
    0x41,0x33,0x38,0x34,0x32,0x30,0x32,0x31,0x43,0x41,0x31,0x2E,0x63,0x72,0x6C,0x30,
    0x81,0x94,0x06,0x08,0x2B,0x06,0x01,0x05,0x05,0x07,0x01,0x01,0x04,0x81,0x87,0x30,
    0x81,0x84,0x30,0x24,0x06,0x08,0x2B,0x06,0x01,0x05,0x05,0x07,0x30,0x01,0x86,0x18,
    0x68,0x74,0x74,0x70,0x3A,0x2F,0x2F,0x6F,0x63,0x73,0x70,0x2E,0x64,0x69,0x67,0x69,
    0x63,0x65,0x72,0x74,0x2E,0x63,0x6F,0x6D,0x30,0x5C,0x06,0x08,0x2B,0x06,0x01,0x05,
    0x05,0x07,0x30,0x02,0x86,0x50,0x68,0x74,0x74,0x70,0x3A,0x2F,0x2F,0x63,0x61,0x63,
    0x65,0x72,0x74,0x73,0x2E,0x64,0x69,0x67,0x69,0x63,0x65,0x72,0x74,0x2E,0x63,0x6F,
    0x6D,0x2F,0x44,0x69,0x67,0x69,0x43,0x65,0x72,0x74,0x54,0x72,0x75,0x73,0x74,0x65,
    0x64,0x47,0x34,0x43,0x6F,0x64,0x65,0x53,0x69,0x67,0x6E,0x69,0x6E,0x67,0x52,0x53,
    0x41,0x34,0x30,0x39,0x36,0x53,0x48,0x41,0x33,0x38,0x34,0x32,0x30,0x32,0x31,0x43,
    0x41,0x31,0x2E,0x63,0x72,0x74,0x30,0x09,0x06,0x03,0x55,0x1D,0x13,0x04,0x02,0x30,
    0x00,0x30,0x0D,0x06,0x09,0x2A,0x86,0x48,0x86,0xF7,0x0D,0x01,0x01,0x0B,0x05,0x00,
    0x03,0x82,0x02,0x01,0x00,0x88,0xAF,0x5D,0xE3,0x65,0x14,0xA3,0xD1,0x79,0xBA,0x4E,
    0x91,0xA0,0xD9,0xA6,0xCA,0x15,0x1F,0x1C,0x7B,0x8C,0x57,0x5B,0x83,0x89,0x40,0x24,
    0x1A,0xD1,0xC3,0x5D,0xDE,0xC8,0x41,0x96,0xE9,0xC4,0x94,0xBA,0x6C,0x4C,0x94,0x90,
    0x28,0xE4,0xBD,0x2F,0x10,0xC0,0x19,0xEC,0x49,0xFB,0xEC,0xC0,0x65,0xD8,0xA3,0x91,
    0x27,0xAD,0xBE,0xE5,0xD4,0xD2,0xF9,0x10,0x3D,0x90,0x2F,0x06,0x4F,0x15,0x66,0xF0,
    0x65,0xC2,0xDD,0x6A,0xB5,0xB2,0x4A,0x77,0x26,0xE6,0xF6,0x98,0x05,0x77,0xEF,0xEF,
    0xB8,0x66,0x7F,0xDC,0x1F,0x96,0x87,0xE9,0x05,0x9F,0xBC,0x29,0x7A,0xBD,0xA2,0x95,
    0x4E,0xD0,0x40,0x1A,0xC9,0xE7,0x3E,0xB8,0xA1,0x3F,0x93,0xA9,0xC3,0x28,0xE0,0x03,
    0x36,0xE0,0x30,0xD1,0x44,0xA5,0xC3,0x1C,0x31,0x96,0x16,0xEC,0x04,0x70,0x49,0x61,
    0x6E,0x77,0x51,0xAF,0x98,0xB1,0xC5,0xEC,0x06,0xF0,0x9F,0xA7,0xF1,0x77,0xA0,0x2A,
    0xCB,0x60,0xE6,0x9B,0xF8,0x12,0x94,0xA7,0xC3,0xD6,0x91,0x51,0xE7,0x7F,0x06,0xA1,
    0x33,0xE8,0xE4,0x1F,0x17,0x96,0x1A,0x50,0xC7,0x50,0xDE,0x2E,0xEC,0x2D,0xFA,0x2E,
    0xCF,0xF8,0x47,0x00,0x05,0xE8,0xC9,0xD4,0x41,0xD3,0x4B,0xEA,0x70,0x69,0x93,0xCC,
    0xF8,0xA6,0xA4,0xB8,0xFF,0x2A,0x6B,0x63,0xEA,0xBD,0xDB,0x50,0x00,0x3D,0xBE,0x36,
    0x1E,0xC6,0xE4,0x82,0xD0,0x64,0x69,0x33,0x28,0x04,0xF1,0x96,0xEA,0x8F,0x4F,0xAF,
    0x42,0x68,0xE6,0x9A,0x61,0x57,0x11,0x6D,0x49,0xDA,0x33,0x3B,0x9E,0xDE,0xC3,0xD7,
    0x73,0x88,0x2E,0x97,0xF7,0xD2,0x5F,0x53,0x23,0xBE,0x84,0x44,0x07,0xFA,0xD9,0xD2,
    0x11,0x97,0x4E,0xFC,0xB6,0x1A,0x87,0x93,0xFF,0xFC,0x13,0xEC,0xF1,0xEF,0x71,0xAF,
    0x78,0x63,0x4D,0xF1,0x77,0xF4,0x6A,0x3D,0x33,0x15,0xE4,0x28,0xDE,0x30,0xCF,0xFE,
    0x43,0xC0,0x27,0xE2,0x1E,0xD5,0x55,0xFB,0x45,0xBF,0x76,0x49,0x16,0x05,0x0D,0x64,
    0x68,0xEE,0x65,0x27,0xCF,0x3B,0x3B,0x43,0xBB,0xA7,0x2F,0x9C,0xB9,0x8C,0xD8,0xEE,
    0x15,0x88,0xDB,0x70,0xE1,0x7A,0xCC,0x9F,0xCD,0xE6,0x5C,0x25,0x90,0xCF,0x0A,0x27,
    0x5B,0xB1,0xA8,0xB7,0x49,0x7C,0x2E,0x0C,0x67,0xFB,0xCA,0xFD,0xE9,0xB7,0x5C,0xBD,
    0xCD,0x68,0x51,0x1C,0x52,0xE3,0x8E,0x7C,0xF5,0xB0,0x7C,0x88,0x7D,0xB1,0x75,0xFC,
    0xB6,0x26,0x4D,0xB8,0xA2,0x2F,0xE2,0x57,0x3E,0xC5,0xFA,0x27,0xD9,0xB0,0xF2,0xC1,
    0xDC,0xC0,0x2C,0xED,0x79,0x78,0x19,0x15,0x7D,0xC5,0x70,0xE3,0xC2,0x73,0x9D,0x5B,
    0x21,0x2E,0xA6,0x80,0xC6,0x44,0x61,0x92,0xBA,0xA1,0x0B,0x0B,0x4B,0x11,0x13,0xE9,
    0x74,0xE0,0x70,0xC7,0xC3,0xFA,0x70,0x75,0x84,0xF5,0x56,0x23,0x68,0x6E,0x85,0x16,
    0x57,0xFC,0x54,0xBC,0x3D,0x27,0x16,0x77,0x58,0x58,0x0D,0xBD,0xB3,0xA0,0xA1,0xC2,
    0x64,0x92,0x1E,0x41,0xEB,0x07,0x4B,0x76,0xBC,0x1F,0x04,0x52,0xDD,0xFB,0x3D,0x0C,
    0xFA,0x0D,0xE6,0x4F,0x6F,0x7D,0xEF,0x5C,0x44,0xF1,0xF1,0x6C,0xDB,0x4A,0xAC,0xFB,
    0x44,0xB4,0x53,0xB8,0x59,0x22,0x8F,0x36,0xC4,0xFF,0x57,0x81,0x97,0xED,0x96,0x90,
    0xB1,0x52,0xFD,0x2E,0x69,0x31,0x82,0x40,0x22,0x30,0x82,0x40,0x1E,0x02,0x01,0x01,
    0x30,0x7D,0x30,0x69,0x31,0x0B,0x30,0x09,0x06,0x03,0x55,0x04,0x06,0x13,0x02,0x55,
    0x53,0x31,0x17,0x30,0x15,0x06,0x03,0x55,0x04,0x0A,0x13,0x0E,0x44,0x69,0x67,0x69,
    0x43,0x65,0x72,0x74,0x2C,0x20,0x49,0x6E,0x63,0x2E,0x31,0x41,0x30,0x3F,0x06,0x03,
    0x55,0x04,0x03,0x13,0x38,0x44,0x69,0x67,0x69,0x43,0x65,0x72,0x74,0x20,0x54,0x72,
    0x75,0x73,0x74,0x65,0x64,0x20,0x47,0x34,0x20,0x43,0x6F,0x64,0x65,0x20,0x53,0x69,
    0x67,0x6E,0x69,0x6E,0x67,0x20,0x52,0x53,0x41,0x34,0x30,0x39,0x36,0x20,0x53,0x48,
    0x41,0x33,0x38,0x34,0x20,0x32,0x30,0x32,0x31,0x20,0x43,0x41,0x31,0x02,0x10,0x0B,
    0x60,0x33,0x74,0x61,0xB8,0xBB,0x50,0xCB,0xF8,0x3E,0x6B,0xEA,0x99,0xEA,0x0E,0x30,
    0x0D,0x06,0x09,0x60,0x86,0x48,0x01,0x65,0x03,0x04,0x02,0x01,0x05,0x00,0xA0,0x81,
    0x84,0x30,0x18,0x06,0x0A,0x2B,0x06,0x01,0x04,0x01,0x82,0x37,0x02,0x01,0x0C,0x31,
    0x0A,0x30,0x08,0xA0,0x02,0x80,0x00,0xA1,0x02,0x80,0x00,0x30,0x19,0x06,0x09,0x2A,
    0x86,0x48,0x86,0xF7,0x0D,0x01,0x09,0x03,0x31,0x0C,0x06,0x0A,0x2B,0x06,0x01,0x04,
    0x01,0x82,0x37,0x02,0x01,0x04,0x30,0x1C,0x06,0x0A,0x2B,0x06,0x01,0x04,0x01,0x82,
    0x37,0x02,0x01,0x0B,0x31,0x0E,0x30,0x0C,0x06,0x0A,0x2B,0x06,0x01,0x04,0x01,0x82,
    0x37,0x02,0x01,0x15,0x30,0x2F,0x06,0x09,0x2A,0x86,0x48,0x86,0xF7,0x0D,0x01,0x09,
    0x04,0x31,0x22,0x04,0x20,0xC3,0x7E,0xDE,0x60,0x30,0xD7,0xD2,0x5A,0xAD,0x83,0x00,
    0xFA,0x80,0x1A,0x61,0x09,0x22,0xB9,0xEB,0xB2,0x09,0x87,0x76,0x6D,0xF7,0x63,0x6E,
    0xDF,0x78,0x34,0xF6,0x38,0x30,0x0D,0x06,0x09,0x2A,0x86,0x48,0x86,0xF7,0x0D,0x01,
    0x01,0x01,0x05,0x00,0x04,0x82,0x01,0x80,0x64,0x75,0x29,0x0A,0x62,0xB8,0x20,0x85,
    0x0E,0xF1,0x2C,0x02,0xB6,0x25,0x3B,0xD7,0xAC,0x04,0xE9,0x5E,0x48,0x9C,0x9F,0xA5,
    0x4C,0x8F,0xC3,0xBE,0x18,0x05,0x7F,0x1B,0x6D,0x01,0x5E,0xB5,0x87,0xBA,0x72,0x7A,
    0x61,0x1C,0x55,0x8B,0x7E,0xAD,0xCA,0xBA,0xAB,0x9F,0x34,0x46,0xEC,0xD1,0xA9,0xD4,
    0x13,0x94,0x81,0x56,0x77,0x20,0x14,0xE5,0x2F,0x7C,0xB2,0xDE,0xE0,0xF2,0x21,0x42,
    0x55,0xD3,0xFA,0x50,0x30,0x40,0x80,0x91,0x4C,0xC0,0x8A,0xCA,0x35,0xBB,0xB7,0x8F,
    0x83,0xD4,0x6B,0xB3,0x0B,0x96,0x99,0xCF,0xA2,0xC1,0x72,0x27,0x8C,0x47,0x59,0x36,
    0xC6,0x72,0xDE,0xA2,0x87,0xD1,0x9B,0x55,0x54,0x14,0x88,0x87,0xA1,0x57,0xB2,0x6D,
    0x64,0x0D,0x10,0x67,0x68,0xE4,0x30,0x06,0x18,0x5A,0xAB,0xA4,0x2F,0x38,0x86,0x1F,
    0xD4,0x8C,0xFE,0x5C,0xD2,0x00,0x23,0xC9,0x52,0x0A,0xBC,0x85,0x70,0x1C,0x46,0x63,
    0xDF,0xBF,0xA6,0xE4,0x49,0x4B,0x51,0xC5,0xEC,0x19,0x83,0x86,0x01,0xDF,0x15,0x9F,
    0xE0,0x2C,0x29,0x1D,0xCE,0xD4,0x55,0xDF,0xF4,0x15,0x74,0x1B,0x77,0x91,0xEC,0x56,
    0x53,0xAE,0x49,0x0C,0x83,0x6B,0x39,0x50,0x2E,0x08,0xBF,0xC6,0x69,0x71,0x61,0xE3,
    0xDA,0xBF,0x5C,0xCB,0x8B,0x20,0xF9,0x1A,0x52,0x68,0x29,0x86,0x60,0xED,0xC0,0xE2,
    0x45,0x4A,0x39,0x09,0x48,0xD6,0xB4,0xA4,0x15,0x05,0x97,0xCA,0x2D,0x7A,0xCF,0x9D,
    0x4E,0xD3,0x2E,0x50,0xD4,0x1C,0xD9,0xAB,0x6C,0xA0,0xAA,0x7B,0x19,0x3B,0x09,0xB1,
    0xCF,0x38,0xBF,0xDF,0x2C,0xC6,0x06,0x16,0x56,0x57,0xCF,0x6D,0x14,0x93,0xA8,0x76,
    0xB7,0x37,0x0D,0x6B,0x74,0xDF,0xDD,0x71,0xD7,0xD4,0xB6,0x16,0x45,0x3E,0xC7,0xC2,
    0xA4,0x61,0xCE,0x7C,0x11,0x6E,0x87,0x18,0xB5,0x24,0xAE,0xB9,0x23,0xC7,0x56,0x4B,
    0xFF,0x49,0xC2,0xDB,0x0B,0x38,0xDB,0xAC,0xCF,0xC5,0x27,0xE5,0x8C,0x59,0x36,0x6D,
    0xD1,0xCB,0xD7,0x13,0x9B,0x56,0x0B,0xFA,0xBA,0x0F,0x3C,0x57,0x05,0x95,0x47,0x61,
    0xB5,0xC5,0xF8,0xFE,0x26,0x3A,0x50,0xA4,0x9A,0x66,0x2E,0x8D,0xEE,0xC5,0x1F,0x7B,
    0x0E,0x43,0xB8,0xA0,0x11,0xAE,0xD0,0x14,0xC9,0x3D,0x76,0x42,0x94,0x7B,0xE6,0x95,
    0x8B,0x06,0x7A,0x4E,0x84,0xCD,0xC1,0x51,0x81,0x39,0x44,0x8F,0xC5,0xD2,0x86,0xDC,
    0xD6,0x3A,0x85,0x33,0x68,0x7B,0x09,0xC5,0xA1,0x82,0x3D,0x6F,0x30,0x82,0x17,0x35,
    0x06,0x0A,0x2B,0x06,0x01,0x04,0x01,0x82,0x37,0x03,0x03,0x01,0x31,0x82,0x17,0x25,
    0x30,0x82,0x17,0x21,0x06,0x09,0x2A,0x86,0x48,0x86,0xF7,0x0D,0x01,0x07,0x02,0xA0,
    0x82,0x17,0x12,0x30,0x82,0x17,0x0E,0x02,0x01,0x03,0x31,0x0F,0x30,0x0D,0x06,0x09,
    0x60,0x86,0x48,0x01,0x65,0x03,0x04,0x02,0x01,0x05,0x00,0x30,0x77,0x06,0x0B,0x2A,
    0x86,0x48,0x86,0xF7,0x0D,0x01,0x09,0x10,0x01,0x04,0xA0,0x68,0x04,0x66,0x30,0x64,
    0x02,0x01,0x01,0x06,0x09,0x60,0x86,0x48,0x01,0x86,0xFD,0x6C,0x07,0x01,0x30,0x31,
    0x30,0x0D,0x06,0x09,0x60,0x86,0x48,0x01,0x65,0x03,0x04,0x02,0x01,0x05,0x00,0x04,
    0x20,0x17,0x59,0xCE,0xF7,0x03,0xE4,0xFE,0x0E,0xF8,0x88,0x26,0x19,0x8A,0x2F,0x89,
    0x13,0x4F,0xC8,0x2D,0xAA,0xD4,0xC4,0x63,0x39,0xB4,0xC8,0xF6,0x9C,0xD9,0x71,0x65,
    0xEA,0x02,0x10,0x28,0xCB,0xFB,0xD8,0xAA,0x9C,0xEA,0x52,0x8B,0xBE,0x8A,0x9A,0xB2,
    0xDB,0x35,0x9B,0x18,0x0F,0x32,0x30,0x32,0x34,0x31,0x31,0x32,0x32,0x30,0x31,0x35,
    0x35,0x34,0x34,0x5A,0xA0,0x82,0x13,0x03,0x30,0x82,0x06,0xBC,0x30,0x82,0x04,0xA4,
    0xA0,0x03,0x02,0x01,0x02,0x02,0x10,0x0B,0xAE,0x66,0xBC,0x5A,0xBA,0x7F,0x95,0x87,
    0xC6,0xF9,0xE9,0x04,0xE3,0x33,0x04,0x30,0x0D,0x06,0x09,0x2A,0x86,0x48,0x86,0xF7,
    0x0D,0x01,0x01,0x0B,0x05,0x00,0x30,0x63,0x31,0x0B,0x30,0x09,0x06,0x03,0x55,0x04,
    0x06,0x13,0x02,0x55,0x53,0x31,0x17,0x30,0x15,0x06,0x03,0x55,0x04,0x0A,0x13,0x0E,
    0x44,0x69,0x67,0x69,0x43,0x65,0x72,0x74,0x2C,0x20,0x49,0x6E,0x63,0x2E,0x31,0x3B,
    0x30,0x39,0x06,0x03,0x55,0x04,0x03,0x13,0x32,0x44,0x69,0x67,0x69,0x43,0x65,0x72,
    0x74,0x20,0x54,0x72,0x75,0x73,0x74,0x65,0x64,0x20,0x47,0x34,0x20,0x52,0x53,0x41,
    0x34,0x30,0x39,0x36,0x20,0x53,0x48,0x41,0x32,0x35,0x36,0x20,0x54,0x69,0x6D,0x65,
    0x53,0x74,0x61,0x6D,0x70,0x69,0x6E,0x67,0x20,0x43,0x41,0x30,0x1E,0x17,0x0D,0x32,
    0x34,0x30,0x39,0x32,0x36,0x30,0x30,0x30,0x30,0x30,0x30,0x5A,0x17,0x0D,0x33,0x35,
    0x31,0x31,0x32,0x35,0x32,0x33,0x35,0x39,0x35,0x39,0x5A,0x30,0x42,0x31,0x0B,0x30,
    0x09,0x06,0x03,0x55,0x04,0x06,0x13,0x02,0x55,0x53,0x31,0x11,0x30,0x0F,0x06,0x03,
    0x55,0x04,0x0A,0x13,0x08,0x44,0x69,0x67,0x69,0x43,0x65,0x72,0x74,0x31,0x20,0x30,
    0x1E,0x06,0x03,0x55,0x04,0x03,0x13,0x17,0x44,0x69,0x67,0x69,0x43,0x65,0x72,0x74,
    0x20,0x54,0x69,0x6D,0x65,0x73,0x74,0x61,0x6D,0x70,0x20,0x32,0x30,0x32,0x34,0x30,
    0x82,0x02,0x22,0x30,0x0D,0x06,0x09,0x2A,0x86,0x48,0x86,0xF7,0x0D,0x01,0x01,0x01,
    0x05,0x00,0x03,0x82,0x02,0x0F,0x00,0x30,0x82,0x02,0x0A,0x02,0x82,0x02,0x01,0x00,
    0xBE,0x6A,0x73,0x9F,0xF6,0x95,0x21,0xAB,0x96,0x30,0xBA,0x5B,0x6D,0xE6,0x59,0xA3,
    0xB5,0xE8,0xFD,0x91,0x1F,0x18,0xC4,0x88,0x3B,0x6A,0x99,0xE3,0xA5,0xC1,0xFD,0x0A,
    0x30,0x20,0x43,0x12,0xBE,0x08,0xC4,0x74,0x46,0x77,0xBF,0x8B,0xEB,0xAD,0x31,0xE5,
    0x79,0x6D,0x49,0x58,0x61,0x2B,0xAE,0x33,0x8B,0xD0,0x9E,0x0B,0xD0,0x7A,0x95,0x47,
    0x57,0x33,0x4B,0x3B,0xD4,0x43,0x9C,0x45,0xEF,0x3E,0x08,0x42,0x69,0xFB,0x74,0x76,
    0x3B,0xCA,0x28,0xEF,0xA1,0x0E,0xEE,0x8E,0x6D,0x2E,0xEB,0x25,0xC5,0xDA,0xFD,0x42,
    0xAF,0x36,0x68,0xA7,0x29,0x03,0xD3,0xBF,0xFD,0x7E,0x90,0x13,0xE0,0x1C,0x69,0x4F,
    0xDB,0xC9,0xA0,0x9A,0x80,0xB0,0xFF,0x18,0xBA,0x14,0x6F,0x7E,0x52,0x7D,0x61,0xE1,
    0xE3,0x7A,0xCE,0x1F,0x76,0xE9,0x2C,0x4C,0x7B,0xA5,0x9E,0xDA,0xBD,0x59,0xE9,0x51,
    0x59,0x8F,0xBE,0x4C,0x53,0xF1,0xCD,0x9A,0xDB,0x20,0xB4,0x58,0xCA,0x7C,0x84,0xCB,
    0xBA,0xD2,0xD6,0x51,0xD0,0x28,0x5A,0x57,0xBE,0x8D,0x86,0x78,0xF7,0xEC,0x31,0x18,
    0x4D,0x7F,0x51,0x78,0xD6,0x7C,0x84,0x83,0x98,0x7B,0x88,0xE5,0xEF,0xFA,0xF8,0xD7,
    0xD0,0xAF,0x11,0x85,0x48,0xAC,0x7E,0xAC,0x37,0x4D,0x32,0xC7,0x8F,0x5B,0xA1,0x4B,
    0xAE,0x98,0x5F,0x62,0xD9,0x3F,0x14,0xB8,0xA1,0xA7,0xF7,0xDE,0xBA,0x7D,0x1E,0x57,
    0xEA,0x48,0x17,0x8F,0x7A,0x39,0x58,0x78,0x47,0x54,0xEF,0x8D,0x06,0x29,0x03,0x3B,
    0x49,0xA5,0x52,0x1F,0x74,0xDB,0x04,0xBF,0x11,0xE8,0x7C,0x17,0xF5,0x05,0x69,0x1A,
    0x75,0xCF,0x94,0xA7,0x44,0xE1,0xF0,0x48,0x9F,0x90,0x41,0x16,0x75,0x7E,0x2B,0x03,
    0xF1,0x44,0xD5,0x0D,0x2B,0xA9,0x58,0x93,0x6C,0xB5,0x59,0x22,0xA8,0xBA,0xBE,0x21,
    0x24,0xDD,0x12,0x32,0x4A,0x1A,0x35,0x5F,0x21,0xCB,0x20,0x03,0x89,0x7D,0x71,0xB9,
    0x3C,0x4A,0x69,0x73,0x75,0xD8,0x78,0x11,0xFB,0xC5,0xAE,0x95,0x4D,0x9D,0xEB,0x38,
    0x73,0x5E,0x89,0x89,0xD8,0xF9,0x5E,0x23,0xD5,0x76,0xC9,0xF9,0x9F,0x5D,0x23,0xC6,
    0x61,0xA9,0xC6,0x83,0x1C,0xEA,0x23,0xE4,0xA1,0xA0,0xE1,0x8B,0xA2,0x63,0x1D,0xDE,
    0x62,0x6D,0xF7,0x69,0xE6,0xEC,0xC8,0x5E,0x9E,0x0F,0xD3,0x05,0xE4,0x80,0xDB,0x3E,
    0x08,0xEF,0xC2,0x69,0xC0,0x6A,0x53,0x44,0x78,0x93,0xEF,0x21,0xEA,0x06,0x25,0x76,
    0x9E,0x05,0x08,0xC8,0x2B,0x5D,0xD2,0x96,0x7C,0xCE,0x0D,0xD2,0xED,0xB9,0x38,0x40,
    0x2E,0x11,0xAD,0xC9,0xCA,0x27,0x71,0x5B,0x8F,0x23,0xC0,0x1A,0x88,0x26,0xA2,0x26,
    0x77,0xDD,0xCD,0x47,0x1B,0xDD,0xD5,0xA7,0xA9,0x49,0xE3,0x5E,0x44,0x45,0xC0,0xBB,
    0x6C,0x54,0x0C,0x45,0xBC,0x6A,0xAC,0xC5,0x40,0x36,0x26,0xAF,0xD6,0x4E,0x36,0xE7,
    0x36,0x32,0x14,0xCC,0x8B,0x37,0x21,0x35,0x42,0xE9,0x50,0x4A,0x00,0xE9,0x5B,0xDA,
    0xED,0xBD,0x57,0x08,0x1F,0xB5,0xAF,0x1B,0xDB,0x2A,0x62,0xEA,0x7D,0x8F,0xCC,0xFD,
    0x27,0x55,0xEA,0x6C,0x16,0x4F,0x27,0x95,0xCB,0x96,0x7F,0x26,0x4B,0xCC,0x16,0x99,
    0xD0,0xCB,0x9C,0x11,0xD7,0x81,0x89,0x72,0xFE,0x9D,0x43,0x86,0x84,0x28,0xE5,0xF9,
    0x02,0x03,0x01,0x00,0x01,0xA3,0x82,0x01,0x8B,0x30,0x82,0x01,0x87,0x30,0x0E,0x06,
    0x03,0x55,0x1D,0x0F,0x01,0x01,0xFF,0x04,0x04,0x03,0x02,0x07,0x80,0x30,0x0C,0x06,
    0x03,0x55,0x1D,0x13,0x01,0x01,0xFF,0x04,0x02,0x30,0x00,0x30,0x16,0x06,0x03,0x55,
    0x1D,0x25,0x01,0x01,0xFF,0x04,0x0C,0x30,0x0A,0x06,0x08,0x2B,0x06,0x01,0x05,0x05,
    0x07,0x03,0x08,0x30,0x20,0x06,0x03,0x55,0x1D,0x20,0x04,0x19,0x30,0x17,0x30,0x08,
    0x06,0x06,0x67,0x81,0x0C,0x01,0x04,0x02,0x30,0x0B,0x06,0x09,0x60,0x86,0x48,0x01,
    0x86,0xFD,0x6C,0x07,0x01,0x30,0x1F,0x06,0x03,0x55,0x1D,0x23,0x04,0x18,0x30,0x16,
    0x80,0x14,0xBA,0x16,0xD9,0x6D,0x4D,0x85,0x2F,0x73,0x29,0x76,0x9A,0x2F,0x75,0x8C,
    0x6A,0x20,0x8F,0x9E,0xC8,0x6F,0x30,0x1D,0x06,0x03,0x55,0x1D,0x0E,0x04,0x16,0x04,
    0x14,0x9F,0x57,0x2C,0x03,0x77,0x0E,0x28,0x15,0x90,0x66,0xA5,0x63,0x5E,0xEE,0x4F,
    0x92,0x1F,0x76,0xA0,0x5B,0x30,0x5A,0x06,0x03,0x55,0x1D,0x1F,0x04,0x53,0x30,0x51,
    0x30,0x4F,0xA0,0x4D,0xA0,0x4B,0x86,0x49,0x68,0x74,0x74,0x70,0x3A,0x2F,0x2F,0x63,
    0x72,0x6C,0x33,0x2E,0x64,0x69,0x67,0x69,0x63,0x65,0x72,0x74,0x2E,0x63,0x6F,0x6D,
    0x2F,0x44,0x69,0x67,0x69,0x43,0x65,0x72,0x74,0x54,0x72,0x75,0x73,0x74,0x65,0x64,
    0x47,0x34,0x52,0x53,0x41,0x34,0x30,0x39,0x36,0x53,0x48,0x41,0x32,0x35,0x36,0x54,
    0x69,0x6D,0x65,0x53,0x74,0x61,0x6D,0x70,0x69,0x6E,0x67,0x43,0x41,0x2E,0x63,0x72,
    0x6C,0x30,0x81,0x90,0x06,0x08,0x2B,0x06,0x01,0x05,0x05,0x07,0x01,0x01,0x04,0x81,
    0x83,0x30,0x81,0x80,0x30,0x24,0x06,0x08,0x2B,0x06,0x01,0x05,0x05,0x07,0x30,0x01,
    0x86,0x18,0x68,0x74,0x74,0x70,0x3A,0x2F,0x2F,0x6F,0x63,0x73,0x70,0x2E,0x64,0x69,
    0x67,0x69,0x63,0x65,0x72,0x74,0x2E,0x63,0x6F,0x6D,0x30,0x58,0x06,0x08,0x2B,0x06,
    0x01,0x05,0x05,0x07,0x30,0x02,0x86,0x4C,0x68,0x74,0x74,0x70,0x3A,0x2F,0x2F,0x63,
    0x61,0x63,0x65,0x72,0x74,0x73,0x2E,0x64,0x69,0x67,0x69,0x63,0x65,0x72,0x74,0x2E,
    0x63,0x6F,0x6D,0x2F,0x44,0x69,0x67,0x69,0x43,0x65,0x72,0x74,0x54,0x72,0x75,0x73,
    0x74,0x65,0x64,0x47,0x34,0x52,0x53,0x41,0x34,0x30,0x39,0x36,0x53,0x48,0x41,0x32,
    0x35,0x36,0x54,0x69,0x6D,0x65,0x53,0x74,0x61,0x6D,0x70,0x69,0x6E,0x67,0x43,0x41,
    0x2E,0x63,0x72,0x74,0x30,0x0D,0x06,0x09,0x2A,0x86,0x48,0x86,0xF7,0x0D,0x01,0x01,
    0x0B,0x05,0x00,0x03,0x82,0x02,0x01,0x00,0x3D,0xAD,0x1E,0x1F,0x76,0x99,0x5B,0xE3,
    0x38,0x84,0x12,0x47,0xD9,0x43,0x91,0xF6,0x11,0xDB,0x9B,0x4E,0x08,0x1D,0xD1,0x28,
    0x4F,0xCF,0xD3,0xDC,0x7B,0x81,0x4B,0x26,0x5E,0xAB,0x78,0xD2,0x8B,0x91,0x97,0x79,
    0x63,0xFB,0xC4,0x22,0xA1,0x56,0x2A,0xDE,0x28,0x29,0xC2,0xB3,0xEF,0x06,0x66,0x5D,
    0xAE,0x55,0x81,0x6F,0x41,0xEF,0xA9,0x3D,0x34,0x9C,0x54,0x97,0x82,0x65,0x2B,0x0C,
    0xA3,0x52,0x42,0xA1,0x93,0x76,0x98,0xC7,0xB0,0xFC,0xBE,0x2D,0xA6,0xA5,0x4D,0x6D,
    0x2A,0x56,0x3B,0xD4,0x06,0x17,0x07,0xCC,0x13,0x2E,0xB4,0x1E,0x87,0xCD,0xE9,0x5E,
    0x75,0xB0,0xC2,0xCC,0x5C,0xD4,0xCB,0x7E,0x15,0x6A,0xB3,0xE7,0xBC,0x85,0xAB,0xA9,
    0x5A,0x20,0x2B,0x4A,0x8C,0xF2,0x02,0x61,0x87,0xFF,0xAA,0x0C,0x40,0x08,0x74,0xEF,
    0xCA,0x91,0x87,0xAC,0x2F,0x24,0xD5,0x3A,0x82,0x78,0x79,0x3A,0xBB,0x82,0x3F,0x54,
    0x14,0x02,0xF5,0x52,0xBB,0x89,0x2A,0x54,0xE7,0x09,0x56,0x8C,0xD9,0x47,0x94,0x51,
    0x6F,0xFC,0xCF,0x77,0xEF,0x8F,0x18,0x4D,0xEA,0x17,0x53,0xF7,0xC5,0x6B,0xD8,0x56,
    0x25,0x09,0x2E,0xCC,0x6D,0xBE,0x07,0xBF,0x9B,0x30,0x3B,0xE6,0x80,0x5F,0x15,0x94,
    0x9B,0x75,0xA9,0x07,0x25,0xED,0x81,0x54,0x31,0x88,0x19,0x53,0x55,0x8C,0xEA,0x7C,
    0xB0,0xDB,0x7B,0xD3,0xE9,0x04,0xA0,0xC1,0x7E,0x4F,0xAB,0x69,0xB4,0xC5,0x0D,0x95,
    0xE8,0x52,0x47,0xBB,0xCC,0xF8,0x2D,0x77,0xBF,0xDF,0xBD,0x64,0xE5,0x0A,0xCD,0xF4,
    0x54,0x01,0x84,0xB2,0xC8,0x49,0x98,0xB6,0xC9,0xE9,0x96,0xD0,0xFF,0x19,0x65,0xFC,
    0x78,0xCE,0xF4,0x96,0xCD,0x55,0xE9,0x01,0xBF,0x64,0xE0,0x7A,0x6F,0xA6,0x2E,0x9B,
    0x51,0xEF,0x22,0x2B,0xA5,0xA8,0x9D,0x44,0x95,0xEB,0x23,0xE5,0x33,0x07,0xAB,0xC0,
    0x96,0x4F,0xFC,0x6B,0x5B,0xBB,0x70,0x8A,0x95,0xD3,0x27,0x9F,0xE2,0xE6,0x99,0x14,
    0xE4,0x4D,0x7A,0x45,0x20,0x40,0x74,0xEA,0x75,0xD9,0xAC,0x3C,0x21,0x08,0x61,0x03,
    0xFB,0xC4,0x6C,0x59,0x04,0x88,0x5D,0x9A,0x6E,0x1B,0x85,0x8B,0x15,0x03,0xA1,0xB6,
    0x5A,0x03,0x45,0x61,0xA8,0x0B,0x0C,0x1C,0xE9,0x9A,0x4F,0x75,0xD3,0x85,0x90,0xCD,
    0x8B,0x95,0x36,0xCC,0x72,0xA1,0x52,0xCE,0x6E,0x1C,0x77,0x46,0xE8,0x1A,0x10,0x6A,
    0xEE,0xF9,0x2A,0x23,0x5B,0x87,0x47,0x3E,0x85,0xAB,0x52,0x17,0xED,0x36,0x91,0x42,
    0xE4,0x7E,0xD0,0x11,0x8E,0xCC,0x84,0xA4,0x72,0xAC,0x17,0xBB,0xB9,0xCC,0xA4,0x5B,
    0xB7,0x9A,0x0A,0xE5,0x81,0xB0,0x16,0xF8,0x1C,0xE2,0x91,0x15,0x50,0xDC,0xAD,0x98,
    0x1D,0xC1,0xA4,0x88,0xA8,0xC0,0xE2,0x08,0xB8,0x38,0x0F,0xE4,0xCF,0x56,0x02,0xB1,
    0xD8,0x48,0x04,0x75,0xEA,0x07,0x34,0x74,0xFD,0x97,0x76,0x43,0x04,0x3F,0x97,0x81,
    0xB1,0x7E,0xDB,0x7F,0xF3,0x06,0x37,0x82,0xB7,0x1C,0xFE,0x74,0xBF,0xFD,0x35,0x64,
    0x7A,0x3F,0x67,0x99,0x46,0x2E,0xF3,0x70,0x43,0xB5,0xC7,0x07,0x1D,0x72,0xA2,0x6C,
    0xCB,0x3F,0xC9,0x71,0xE1,0x0D,0x73,0x64,0xA0,0xF2,0x1D,0xCA,0x78,0x55,0x02,0x4B,
    0xBB,0x69,0x16,0x4E,0xC2,0xAC,0x3A,0xA4,0x30,0x82,0x06,0xAE,0x30,0x82,0x04,0x96,
    0xA0,0x03,0x02,0x01,0x02,0x02,0x10,0x07,0x36,0x37,0xB7,0x24,0x54,0x7C,0xD8,0x47,
    0xAC,0xFD,0x28,0x66,0x2A,0x5E,0x5B,0x30,0x0D,0x06,0x09,0x2A,0x86,0x48,0x86,0xF7,
    0x0D,0x01,0x01,0x0B,0x05,0x00,0x30,0x62,0x31,0x0B,0x30,0x09,0x06,0x03,0x55,0x04,
    0x06,0x13,0x02,0x55,0x53,0x31,0x15,0x30,0x13,0x06,0x03,0x55,0x04,0x0A,0x13,0x0C,
    0x44,0x69,0x67,0x69,0x43,0x65,0x72,0x74,0x20,0x49,0x6E,0x63,0x31,0x19,0x30,0x17,
    0x06,0x03,0x55,0x04,0x0B,0x13,0x10,0x77,0x77,0x77,0x2E,0x64,0x69,0x67,0x69,0x63,
    0x65,0x72,0x74,0x2E,0x63,0x6F,0x6D,0x31,0x21,0x30,0x1F,0x06,0x03,0x55,0x04,0x03,
    0x13,0x18,0x44,0x69,0x67,0x69,0x43,0x65,0x72,0x74,0x20,0x54,0x72,0x75,0x73,0x74,
    0x65,0x64,0x20,0x52,0x6F,0x6F,0x74,0x20,0x47,0x34,0x30,0x1E,0x17,0x0D,0x32,0x32,
    0x30,0x33,0x32,0x33,0x30,0x30,0x30,0x30,0x30,0x30,0x5A,0x17,0x0D,0x33,0x37,0x30,
    0x33,0x32,0x32,0x32,0x33,0x35,0x39,0x35,0x39,0x5A,0x30,0x63,0x31,0x0B,0x30,0x09,
    0x06,0x03,0x55,0x04,0x06,0x13,0x02,0x55,0x53,0x31,0x17,0x30,0x15,0x06,0x03,0x55,
    0x04,0x0A,0x13,0x0E,0x44,0x69,0x67,0x69,0x43,0x65,0x72,0x74,0x2C,0x20,0x49,0x6E,
    0x63,0x2E,0x31,0x3B,0x30,0x39,0x06,0x03,0x55,0x04,0x03,0x13,0x32,0x44,0x69,0x67,
    0x69,0x43,0x65,0x72,0x74,0x20,0x54,0x72,0x75,0x73,0x74,0x65,0x64,0x20,0x47,0x34,
    0x20,0x52,0x53,0x41,0x34,0x30,0x39,0x36,0x20,0x53,0x48,0x41,0x32,0x35,0x36,0x20,
    0x54,0x69,0x6D,0x65,0x53,0x74,0x61,0x6D,0x70,0x69,0x6E,0x67,0x20,0x43,0x41,0x30,
    0x82,0x02,0x22,0x30,0x0D,0x06,0x09,0x2A,0x86,0x48,0x86,0xF7,0x0D,0x01,0x01,0x01,
    0x05,0x00,0x03,0x82,0x02,0x0F,0x00,0x30,0x82,0x02,0x0A,0x02,0x82,0x02,0x01,0x00,
    0xC6,0x86,0x35,0x06,0x49,0xB3,0xC1,0x3D,0x72,0x49,0x51,0x55,0xC7,0x25,0x03,0xC4,
    0xF2,0x91,0x37,0xA9,0x97,0x51,0xA1,0xD6,0xD2,0x83,0xD1,0x9E,0x4C,0xA2,0x6D,0xA0,
    0xB0,0xCC,0x83,0xF9,0x5A,0xF6,0x11,0xA1,0x44,0x15,0x42,0x5F,0xA4,0x88,0xF3,0x68,
    0xFA,0x7D,0xF3,0x9C,0x89,0x0B,0x7F,0x9D,0x1F,0x9E,0x0F,0x33,0x1F,0x50,0x13,0x0B,
    0x26,0x73,0x96,0x6D,0xF8,0x57,0xA8,0x02,0x7D,0xFD,0x43,0xB4,0x84,0xDA,0x11,0xF1,
    0x73,0xB1,0xB3,0xEE,0x2B,0x80,0x84,0x8A,0x22,0x18,0xDF,0xEB,0xDA,0x3D,0xC4,0x17,
    0x7F,0xAB,0x19,0x2B,0x3E,0x42,0xDC,0x67,0x8E,0xEA,0x51,0x3D,0xF0,0xD6,0x56,0xD4,
    0xE7,0x28,0x2D,0xEB,0xD3,0xB1,0xB5,0x75,0xE7,0x1F,0x06,0x65,0x8D,0x94,0x29,0xD3,
    0xD9,0xEC,0x69,0xDF,0xD9,0x90,0x87,0x46,0x00,0x7B,0xDB,0x44,0x41,0x89,0xDC,0x7C,
    0x6A,0x57,0x7A,0xF0,0x37,0x79,0x9F,0x5D,0xAC,0xCB,0xE8,0x84,0x64,0xB4,0x52,0xF2,
    0x76,0x47,0xF7,0x61,0x83,0x19,0xDD,0x5F,0xB4,0x54,0x0B,0x21,0x68,0x6E,0x37,0x21,
    0xBB,0x40,0xAC,0x5F,0xB2,0xDE,0x4A,0x7D,0xCE,0xF5,0x39,0x12,0x67,0xEF,0x0E,0xA5,
    0x63,0x6C,0xE4,0xA6,0xC5,0x1D,0xCD,0x36,0x0D,0x5C,0xD5,0xE6,0x1B,0xA8,0xC1,0x64,
    0x74,0x40,0xA7,0xC0,0x72,0xC5,0xBA,0x4E,0x1F,0xB1,0xB5,0x58,0x4D,0x79,0xFE,0xD7,
    0x8F,0x73,0x93,0xAC,0x2C,0x39,0xE2,0xA5,0x48,0xD6,0xF0,0xB0,0x31,0x13,0xA9,0x57,
    0x29,0x96,0x27,0x2E,0xF5,0x87,0xA6,0x8F,0x4E,0x76,0x15,0x55,0x26,0x70,0x98,0x26,
    0x7F,0xA0,0x1A,0x47,0x20,0x43,0xE3,0x43,0x63,0x80,0x7B,0x75,0x6E,0x27,0x25,0x90,
    0x98,0x3A,0x38,0x11,0xB3,0xF6,0xF6,0x9E,0xE6,0x3B,0x5B,0xEC,0x81,0xDE,0x22,0x14,
    0xD9,0x82,0x2A,0xC7,0x92,0xBF,0xA0,0xDE,0xE3,0x3E,0xA2,0x73,0xFA,0xE7,0x1F,0x5A,
    0x6C,0x94,0xF2,0x52,0x95,0x11,0x2B,0x58,0x74,0x40,0x28,0xAB,0x73,0x43,0xCE,0xDF,
    0x4A,0xA1,0x1C,0x6B,0x38,0xC5,0x29,0xF3,0xCA,0xAA,0x96,0x73,0x42,0x68,0x9F,0xB6,
    0x46,0xB3,0x9D,0x3A,0xA3,0xD5,0x03,0xE0,0xBF,0xF0,0xA2,0x3C,0xCA,0x42,0xDC,0x18,
    0x48,0x7F,0x14,0x34,0xCF,0xD2,0x4C,0xAB,0xEF,0x9B,0x3D,0xFE,0x0E,0xB8,0x64,0x2A,
    0xFA,0x75,0x28,0x24,0x41,0xED,0x42,0xBF,0x05,0x9C,0x66,0x49,0x52,0x50,0xF4,0x51,
    0xF3,0x36,0x49,0x4D,0x8B,0x20,0xD2,0x2C,0x57,0x35,0x79,0x2B,0xA8,0xF3,0x45,0x60,
    0xBC,0x23,0x8D,0x58,0xF7,0xDC,0x61,0xDE,0x93,0xFE,0x39,0xC0,0xF9,0xB2,0x30,0xA5,
    0x4C,0xD7,0xE9,0x98,0x4A,0x58,0x3E,0xD3,0x03,0x88,0xFE,0xB3,0x8F,0xD3,0x5E,0x4B,
    0x76,0x12,0x51,0x93,0xC9,0x8C,0x0C,0x3B,0x5B,0x8A,0x22,0xA8,0xC1,0x26,0x08,0xF9,
    0x14,0x10,0x12,0x03,0x7D,0x5F,0x23,0xBB,0x64,0xE3,0x63,0xE0,0xA6,0xE1,0x3E,0xF6,
    0xC2,0x74,0xB2,0x3F,0x1E,0x09,0x76,0xEC,0xAB,0x5D,0x46,0x75,0xE2,0x60,0xA3,0x58,
    0x09,0x01,0x28,0x00,0x0E,0x84,0x54,0xEE,0xCE,0xE9,0x5D,0xC8,0x5E,0x30,0x12,0xBD,
    0x46,0x9E,0xB5,0xD3,0x76,0xB9,0xD2,0x0E,0x6B,0x99,0x0C,0xD2,0x33,0xB4,0xCD,0xB1,
    0x02,0x03,0x01,0x00,0x01,0xA3,0x82,0x01,0x5D,0x30,0x82,0x01,0x59,0x30,0x12,0x06,
    0x03,0x55,0x1D,0x13,0x01,0x01,0xFF,0x04,0x08,0x30,0x06,0x01,0x01,0xFF,0x02,0x01,
    0x00,0x30,0x1D,0x06,0x03,0x55,0x1D,0x0E,0x04,0x16,0x04,0x14,0xBA,0x16,0xD9,0x6D,
    0x4D,0x85,0x2F,0x73,0x29,0x76,0x9A,0x2F,0x75,0x8C,0x6A,0x20,0x8F,0x9E,0xC8,0x6F,
    0x30,0x1F,0x06,0x03,0x55,0x1D,0x23,0x04,0x18,0x30,0x16,0x80,0x14,0xEC,0xD7,0xE3,
    0x82,0xD2,0x71,0x5D,0x64,0x4C,0xDF,0x2E,0x67,0x3F,0xE7,0xBA,0x98,0xAE,0x1C,0x0F,
    0x4F,0x30,0x0E,0x06,0x03,0x55,0x1D,0x0F,0x01,0x01,0xFF,0x04,0x04,0x03,0x02,0x01,
    0x86,0x30,0x13,0x06,0x03,0x55,0x1D,0x25,0x04,0x0C,0x30,0x0A,0x06,0x08,0x2B,0x06,
    0x01,0x05,0x05,0x07,0x03,0x08,0x30,0x77,0x06,0x08,0x2B,0x06,0x01,0x05,0x05,0x07,
    0x01,0x01,0x04,0x6B,0x30,0x69,0x30,0x24,0x06,0x08,0x2B,0x06,0x01,0x05,0x05,0x07,
    0x30,0x01,0x86,0x18,0x68,0x74,0x74,0x70,0x3A,0x2F,0x2F,0x6F,0x63,0x73,0x70,0x2E,
    0x64,0x69,0x67,0x69,0x63,0x65,0x72,0x74,0x2E,0x63,0x6F,0x6D,0x30,0x41,0x06,0x08,
    0x2B,0x06,0x01,0x05,0x05,0x07,0x30,0x02,0x86,0x35,0x68,0x74,0x74,0x70,0x3A,0x2F,
    0x2F,0x63,0x61,0x63,0x65,0x72,0x74,0x73,0x2E,0x64,0x69,0x67,0x69,0x63,0x65,0x72,
    0x74,0x2E,0x63,0x6F,0x6D,0x2F,0x44,0x69,0x67,0x69,0x43,0x65,0x72,0x74,0x54,0x72,
    0x75,0x73,0x74,0x65,0x64,0x52,0x6F,0x6F,0x74,0x47,0x34,0x2E,0x63,0x72,0x74,0x30,
    0x43,0x06,0x03,0x55,0x1D,0x1F,0x04,0x3C,0x30,0x3A,0x30,0x38,0xA0,0x36,0xA0,0x34,
    0x86,0x32,0x68,0x74,0x74,0x70,0x3A,0x2F,0x2F,0x63,0x72,0x6C,0x33,0x2E,0x64,0x69,
    0x67,0x69,0x63,0x65,0x72,0x74,0x2E,0x63,0x6F,0x6D,0x2F,0x44,0x69,0x67,0x69,0x43,
    0x65,0x72,0x74,0x54,0x72,0x75,0x73,0x74,0x65,0x64,0x52,0x6F,0x6F,0x74,0x47,0x34,
    0x2E,0x63,0x72,0x6C,0x30,0x20,0x06,0x03,0x55,0x1D,0x20,0x04,0x19,0x30,0x17,0x30,
    0x08,0x06,0x06,0x67,0x81,0x0C,0x01,0x04,0x02,0x30,0x0B,0x06,0x09,0x60,0x86,0x48,
    0x01,0x86,0xFD,0x6C,0x07,0x01,0x30,0x0D,0x06,0x09,0x2A,0x86,0x48,0x86,0xF7,0x0D,
    0x01,0x01,0x0B,0x05,0x00,0x03,0x82,0x02,0x01,0x00,0x7D,0x59,0x8E,0xC0,0x93,0xB6,
    0x6F,0x98,0xA9,0x44,0x22,0x01,0x7E,0x66,0xD6,0xD8,0x21,0x42,0xE1,0xB0,0x18,0x2E,
    0x10,0x4D,0x13,0xCF,0x30,0x53,0xCE,0xBF,0x18,0xFB,0xC7,0x50,0x5D,0xE2,0x4B,0x29,
    0xFB,0x70,0x8A,0x0D,0xAA,0x29,0x69,0xFC,0x69,0xC1,0xCF,0x1D,0x07,0xE9,0x3E,0x60,
    0xC8,0xD8,0x0B,0xE5,0x5C,0x5B,0xD7,0x6D,0x87,0xFA,0x84,0x20,0x25,0x34,0x31,0x67,
    0xCD,0xB6,0x12,0x96,0x6F,0xC4,0x50,0x4C,0x62,0x1D,0x0C,0x08,0x82,0xA8,0x16,0xBD,
    0xA9,0x56,0xCF,0x15,0x73,0x8D,0x01,0x22,0x25,0xCE,0x95,0x69,0x3F,0x47,0x77,0xFB,
    0x72,0x74,0x14,0xD7,0xFF,0xAB,0x4F,0x8A,0x2C,0x7A,0xAB,0x85,0xCD,0x43,0x5F,0xED,
    0x60,0xB6,0xAA,0x4F,0x91,0x66,0x9E,0x2C,0x9E,0xE0,0x8A,0xAC,0xE5,0xFD,0x8C,0xBC,
    0x64,0x26,0x87,0x6C,0x92,0xBD,0x9D,0x7C,0xD0,0x70,0x0A,0x7C,0xEF,0xA8,0xBC,0x75,
    0x4F,0xBA,0x5A,0xF7,0xA9,0x10,0xB2,0x5D,0xE9,0xFF,0x28,0x54,0x89,0xF0,0xD5,0x8A,
    0x71,0x76,0x65,0xDA,0xCC,0xF0,0x72,0xA3,0x23,0xFA,0xC0,0x27,0x82,0x44,0xAE,0x99,
    0x27,0x1B,0xAB,0x24,0x1E,0x26,0xC1,0xB7,0xDE,0x2A,0xEB,0xF6,0x9E,0xB1,0x79,0x99,
    0x81,0xA3,0x56,0x86,0xAB,0x0A,0x45,0xC9,0xDF,0xC4,0x8D,0xA0,0xE7,0x98,0xFB,0xFB,
    0xA6,0x9D,0x72,0xAF,0xC4,0xC7,0xC1,0xC1,0x6A,0x71,0xD9,0xC6,0x13,0x80,0x09,0xC4,
    0xB6,0x9F,0xCD,0x87,0x87,0x24,0xBB,0x4F,0xA3,0x49,0xB9,0x77,0x66,0x91,0xF1,0x72,
    0x9C,0xE9,0x4B,0x02,0x52,0xA7,0x37,0x7E,0x93,0x53,0xAC,0x3B,0x1D,0x08,0x49,0x0F,
    0x94,0xCD,0x39,0x7A,0xDD,0xFF,0x25,0x63,0x99,0x27,0x2C,0x3D,0x3F,0x6B,0xA7,0xF1,
    0x66,0xC3,0x41,0xCD,0x4F,0xB6,0x40,0x9B,0x21,0x21,0x40,0xD0,0xB7,0x13,0x24,0xCD,
    0xDC,0x1D,0x78,0x3A,0xE4,0x9E,0xAD,0xE5,0x34,0x71,0x92,0xD7,0x26,0x6B,0xE4,0x38,
    0x73,0xAB,0xA6,0x01,0x4F,0xBD,0x3F,0x3B,0x78,0xAD,0x4C,0xAD,0xFB,0xC4,0x95,0x7B,
    0xED,0x0A,0x5F,0x33,0x39,0x87,0x41,0x78,0x7A,0x38,0xE9,0x9C,0xE1,0xDD,0x23,0xFD,
    0x1D,0x28,0xD3,0xC7,0xF9,0xE8,0xF1,0x98,0x5F,0xFB,0x2B,0xD8,0x7E,0xF2,0x46,0x9D,
    0x75,0x2C,0x1E,0x27,0x2C,0x26,0xDB,0x6F,0x15,0x7B,0x1E,0x19,0x8B,0x36,0xB8,0x93,
    0xD4,0xE6,0xF2,0x17,0x99,0x59,0xCA,0x70,0xF0,0x37,0xBF,0x98,0x00,0xDF,0x20,0x16,
    0x4F,0x27,0xFB,0x60,0x67,0x16,0xA1,0x66,0xBA,0xDD,0x55,0xC0,0x3A,0x29,0x86,0xB0,
    0x98,0xA0,0x2B,0xED,0x95,0x41,0xB7,0x3A,0xD5,0x15,0x98,0x31,0xB4,0x62,0x09,0x0F,
    0x0A,0xBD,0x81,0xD9,0x13,0xFE,0xBF,0xA4,0xD1,0xF3,0x57,0xD9,0xBC,0x04,0xFA,0x82,
    0xDE,0x32,0xDF,0x04,0x89,0xF0,0x00,0xCD,0x5D,0xC2,0xF9,0xD0,0x23,0x7F,0x00,0x0B,
    0xE4,0x76,0x02,0x26,0xD9,0xF0,0x65,0x76,0x42,0xA6,0x29,0x87,0x09,0x47,0x2B,0xE6,
    0x7F,0x1A,0xA4,0x85,0x0F,0xFC,0x98,0x96,0xF6,0x55,0x54,0x2B,0x1F,0x80,0xFA,0xC0,
    0xF2,0x0E,0x2B,0xE5,0xD6,0xFB,0xA9,0x2F,0x44,0x15,0x4A,0xE7,0x13,0x0E,0x1D,0xDB,
    0x37,0x38,0x1A,0xA1,0x2B,0xF6,0xED,0xD6,0x7C,0xFC,0x30,0x82,0x05,0x8D,0x30,0x82,
    0x04,0x75,0xA0,0x03,0x02,0x01,0x02,0x02,0x10,0x0E,0x9B,0x18,0x8E,0xF9,0xD0,0x2D,
    0xE7,0xEF,0xDB,0x50,0xE2,0x08,0x40,0x18,0x5A,0x30,0x0D,0x06,0x09,0x2A,0x86,0x48,
    0x86,0xF7,0x0D,0x01,0x01,0x0C,0x05,0x00,0x30,0x65,0x31,0x0B,0x30,0x09,0x06,0x03,
    0x55,0x04,0x06,0x13,0x02,0x55,0x53,0x31,0x15,0x30,0x13,0x06,0x03,0x55,0x04,0x0A,
    0x13,0x0C,0x44,0x69,0x67,0x69,0x43,0x65,0x72,0x74,0x20,0x49,0x6E,0x63,0x31,0x19,
    0x30,0x17,0x06,0x03,0x55,0x04,0x0B,0x13,0x10,0x77,0x77,0x77,0x2E,0x64,0x69,0x67,
    0x69,0x63,0x65,0x72,0x74,0x2E,0x63,0x6F,0x6D,0x31,0x24,0x30,0x22,0x06,0x03,0x55,
    0x04,0x03,0x13,0x1B,0x44,0x69,0x67,0x69,0x43,0x65,0x72,0x74,0x20,0x41,0x73,0x73,
    0x75,0x72,0x65,0x64,0x20,0x49,0x44,0x20,0x52,0x6F,0x6F,0x74,0x20,0x43,0x41,0x30,
    0x1E,0x17,0x0D,0x32,0x32,0x30,0x38,0x30,0x31,0x30,0x30,0x30,0x30,0x30,0x30,0x5A,
    0x17,0x0D,0x33,0x31,0x31,0x31,0x30,0x39,0x32,0x33,0x35,0x39,0x35,0x39,0x5A,0x30,
    0x62,0x31,0x0B,0x30,0x09,0x06,0x03,0x55,0x04,0x06,0x13,0x02,0x55,0x53,0x31,0x15,
    0x30,0x13,0x06,0x03,0x55,0x04,0x0A,0x13,0x0C,0x44,0x69,0x67,0x69,0x43,0x65,0x72,
    0x74,0x20,0x49,0x6E,0x63,0x31,0x19,0x30,0x17,0x06,0x03,0x55,0x04,0x0B,0x13,0x10,
    0x77,0x77,0x77,0x2E,0x64,0x69,0x67,0x69,0x63,0x65,0x72,0x74,0x2E,0x63,0x6F,0x6D,
    0x31,0x21,0x30,0x1F,0x06,0x03,0x55,0x04,0x03,0x13,0x18,0x44,0x69,0x67,0x69,0x43,
    0x65,0x72,0x74,0x20,0x54,0x72,0x75,0x73,0x74,0x65,0x64,0x20,0x52,0x6F,0x6F,0x74,
    0x20,0x47,0x34,0x30,0x82,0x02,0x22,0x30,0x0D,0x06,0x09,0x2A,0x86,0x48,0x86,0xF7,
    0x0D,0x01,0x01,0x01,0x05,0x00,0x03,0x82,0x02,0x0F,0x00,0x30,0x82,0x02,0x0A,0x02,
    0x82,0x02,0x01,0x00,0xBF,0xE6,0x90,0x73,0x68,0xDE,0xBB,0xE4,0x5D,0x4A,0x3C,0x30,
    0x22,0x30,0x69,0x33,0xEC,0xC2,0xA7,0x25,0x2E,0xC9,0x21,0x3D,0xF2,0x8A,0xD8,0x59,
    0xC2,0xE1,0x29,0xA7,0x3D,0x58,0xAB,0x76,0x9A,0xCD,0xAE,0x7B,0x1B,0x84,0x0D,0xC4,
    0x30,0x1F,0xF3,0x1B,0xA4,0x38,0x16,0xEB,0x56,0xC6,0x97,0x6D,0x1D,0xAB,0xB2,0x79,
    0xF2,0xCA,0x11,0xD2,0xE4,0x5F,0xD6,0x05,0x3C,0x52,0x0F,0x52,0x1F,0xC6,0x9E,0x15,
    0xA5,0x7E,0xBE,0x9F,0xA9,0x57,0x16,0x59,0x55,0x72,0xAF,0x68,0x93,0x70,0xC2,0xB2,
    0xBA,0x75,0x99,0x6A,0x73,0x32,0x94,0xD1,0x10,0x44,0x10,0x2E,0xDF,0x82,0xF3,0x07,
    0x84,0xE6,0x74,0x3B,0x6D,0x71,0xE2,0x2D,0x0C,0x1B,0xEE,0x20,0xD5,0xC9,0x20,0x1D,
    0x63,0x29,0x2D,0xCE,0xEC,0x5E,0x4E,0xC8,0x93,0xF8,0x21,0x61,0x9B,0x34,0xEB,0x05,
    0xC6,0x5E,0xEC,0x5B,0x1A,0xBC,0xEB,0xC9,0xCF,0xCD,0xAC,0x34,0x40,0x5F,0xB1,0x7A,
    0x66,0xEE,0x77,0xC8,0x48,0xA8,0x66,0x57,0x57,0x9F,0x54,0x58,0x8E,0x0C,0x2B,0xB7,
    0x4F,0xA7,0x30,0xD9,0x56,0xEE,0xCA,0x7B,0x5D,0xE3,0xAD,0xC9,0x4F,0x5E,0xE5,0x35,
    0xE7,0x31,0xCB,0xDA,0x93,0x5E,0xDC,0x8E,0x8F,0x80,0xDA,0xB6,0x91,0x98,0x40,0x90,
    0x79,0xC3,0x78,0xC7,0xB6,0xB1,0xC4,0xB5,0x6A,0x18,0x38,0x03,0x10,0x8D,0xD8,0xD4,
    0x37,0xA4,0x2E,0x05,0x7D,0x88,0xF5,0x82,0x3E,0x10,0x91,0x70,0xAB,0x55,0x82,0x41,
    0x32,0xD7,0xDB,0x04,0x73,0x2A,0x6E,0x91,0x01,0x7C,0x21,0x4C,0xD4,0xBC,0xAE,0x1B,
    0x03,0x75,0x5D,0x78,0x66,0xD9,0x3A,0x31,0x44,0x9A,0x33,0x40,0xBF,0x08,0xD7,0x5A,
    0x49,0xA4,0xC2,0xE6,0xA9,0xA0,0x67,0xDD,0xA4,0x27,0xBC,0xA1,0x4F,0x39,0xB5,0x11,
    0x58,0x17,0xF7,0x24,0x5C,0x46,0x8F,0x64,0xF7,0xC1,0x69,0x88,0x76,0x98,0x76,0x3D,
    0x59,0x5D,0x42,0x76,0x87,0x89,0x97,0x69,0x7A,0x48,0xF0,0xE0,0xA2,0x12,0x1B,0x66,
    0x9A,0x74,0xCA,0xDE,0x4B,0x1E,0xE7,0x0E,0x63,0xAE,0xE6,0xD4,0xEF,0x92,0x92,0x3A,
    0x9E,0x3D,0xDC,0x00,0xE4,0x45,0x25,0x89,0xB6,0x9A,0x44,0x19,0x2B,0x7E,0xC0,0x94,
    0xB4,0xD2,0x61,0x6D,0xEB,0x33,0xD9,0xC5,0xDF,0x4B,0x04,0x00,0xCC,0x7D,0x1C,0x95,
    0xC3,0x8F,0xF7,0x21,0xB2,0xB2,0x11,0xB7,0xBB,0x7F,0xF2,0xD5,0x8C,0x70,0x2C,0x41,
    0x60,0xAA,0xB1,0x63,0x18,0x44,0x95,0x1A,0x76,0x62,0x7E,0xF6,0x80,0xB0,0xFB,0xE8,
    0x64,0xA6,0x33,0xD1,0x89,0x07,0xE1,0xBD,0xB7,0xE6,0x43,0xA4,0x18,0xB8,0xA6,0x77,
    0x01,0xE1,0x0F,0x94,0x0C,0x21,0x1D,0xB2,0x54,0x29,0x25,0x89,0x6C,0xE5,0x0E,0x52,
    0x51,0x47,0x74,0xBE,0x26,0xAC,0xB6,0x41,0x75,0xDE,0x7A,0xAC,0x5F,0x8D,0x3F,0xC9,
    0xBC,0xD3,0x41,0x11,0x12,0x5B,0xE5,0x10,0x50,0xEB,0x31,0xC5,0xCA,0x72,0x16,0x22,
    0x09,0xDF,0x7C,0x4C,0x75,0x3F,0x63,0xEC,0x21,0x5F,0xC4,0x20,0x51,0x6B,0x6F,0xB1,
    0xAB,0x86,0x8B,0x4F,0xC2,0xD6,0x45,0x5F,0x9D,0x20,0xFC,0xA1,0x1E,0xC5,0xC0,0x8F,
    0xA2,0xB1,0x7E,0x0A,0x26,0x99,0xF5,0xE4,0x69,0x2F,0x98,0x1D,0x2D,0xF5,0xD9,0xA9,
    0xB2,0x1D,0xE5,0x1B,0x02,0x03,0x01,0x00,0x01,0xA3,0x82,0x01,0x3A,0x30,0x82,0x01,
    0x36,0x30,0x0F,0x06,0x03,0x55,0x1D,0x13,0x01,0x01,0xFF,0x04,0x05,0x30,0x03,0x01,
    0x01,0xFF,0x30,0x1D,0x06,0x03,0x55,0x1D,0x0E,0x04,0x16,0x04,0x14,0xEC,0xD7,0xE3,
    0x82,0xD2,0x71,0x5D,0x64,0x4C,0xDF,0x2E,0x67,0x3F,0xE7,0xBA,0x98,0xAE,0x1C,0x0F,
    0x4F,0x30,0x1F,0x06,0x03,0x55,0x1D,0x23,0x04,0x18,0x30,0x16,0x80,0x14,0x45,0xEB,
    0xA2,0xAF,0xF4,0x92,0xCB,0x82,0x31,0x2D,0x51,0x8B,0xA7,0xA7,0x21,0x9D,0xF3,0x6D,
    0xC8,0x0F,0x30,0x0E,0x06,0x03,0x55,0x1D,0x0F,0x01,0x01,0xFF,0x04,0x04,0x03,0x02,
    0x01,0x86,0x30,0x79,0x06,0x08,0x2B,0x06,0x01,0x05,0x05,0x07,0x01,0x01,0x04,0x6D,
    0x30,0x6B,0x30,0x24,0x06,0x08,0x2B,0x06,0x01,0x05,0x05,0x07,0x30,0x01,0x86,0x18,
    0x68,0x74,0x74,0x70,0x3A,0x2F,0x2F,0x6F,0x63,0x73,0x70,0x2E,0x64,0x69,0x67,0x69,
    0x63,0x65,0x72,0x74,0x2E,0x63,0x6F,0x6D,0x30,0x43,0x06,0x08,0x2B,0x06,0x01,0x05,
    0x05,0x07,0x30,0x02,0x86,0x37,0x68,0x74,0x74,0x70,0x3A,0x2F,0x2F,0x63,0x61,0x63,
    0x65,0x72,0x74,0x73,0x2E,0x64,0x69,0x67,0x69,0x63,0x65,0x72,0x74,0x2E,0x63,0x6F,
    0x6D,0x2F,0x44,0x69,0x67,0x69,0x43,0x65,0x72,0x74,0x41,0x73,0x73,0x75,0x72,0x65,
    0x64,0x49,0x44,0x52,0x6F,0x6F,0x74,0x43,0x41,0x2E,0x63,0x72,0x74,0x30,0x45,0x06,
    0x03,0x55,0x1D,0x1F,0x04,0x3E,0x30,0x3C,0x30,0x3A,0xA0,0x38,0xA0,0x36,0x86,0x34,
    0x68,0x74,0x74,0x70,0x3A,0x2F,0x2F,0x63,0x72,0x6C,0x33,0x2E,0x64,0x69,0x67,0x69,
    0x63,0x65,0x72,0x74,0x2E,0x63,0x6F,0x6D,0x2F,0x44,0x69,0x67,0x69,0x43,0x65,0x72,
    0x74,0x41,0x73,0x73,0x75,0x72,0x65,0x64,0x49,0x44,0x52,0x6F,0x6F,0x74,0x43,0x41,
    0x2E,0x63,0x72,0x6C,0x30,0x11,0x06,0x03,0x55,0x1D,0x20,0x04,0x0A,0x30,0x08,0x30,
    0x06,0x06,0x04,0x55,0x1D,0x20,0x00,0x30,0x0D,0x06,0x09,0x2A,0x86,0x48,0x86,0xF7,
    0x0D,0x01,0x01,0x0C,0x05,0x00,0x03,0x82,0x01,0x01,0x00,0x70,0xA0,0xBF,0x43,0x5C,
    0x55,0xE7,0x38,0x5F,0xA0,0xA3,0x74,0x1B,0x3D,0xB6,0x16,0xD7,0xF7,0xBF,0x57,0x07,
    0xBD,0x9A,0xAC,0xA1,0x87,0x2C,0xEC,0x85,0x5E,0xA9,0x1A,0xBB,0x22,0xF8,0x87,0x1A,
    0x69,0x54,0x22,0xED,0xA4,0x88,0x77,0x6D,0xBD,0x1A,0x14,0xF4,0x13,0x4A,0x7A,0x2F,
    0x2D,0xB7,0x38,0xEF,0xF4,0xFF,0x80,0xB9,0xF8,0xA1,0xF7,0xF2,0x72,0xDE,0x24,0xBC,
    0x52,0x03,0xC8,0x4E,0xD0,0x2A,0xDE,0xFA,0x2D,0x56,0xCF,0xF9,0xF4,0xF7,0xAC,0x30,
    0x7A,0x9A,0x8B,0xB2,0x5E,0xD4,0xCF,0xD1,0x43,0x44,0x9B,0x43,0x21,0xEB,0x96,0x72,
    0xA1,0x48,0xB4,0x99,0xCB,0x9D,0x4F,0xA7,0x06,0x03,0x13,0x77,0x27,0x44,0xD4,0xE7,
    0x7F,0xE8,0x59,0xA8,0xF0,0xBF,0x2F,0x0B,0xA6,0xE9,0xF2,0x34,0x3C,0xEC,0xF7,0x03,
    0xC7,0x87,0xA8,0xD2,0x4C,0x40,0x19,0x35,0x46,0x6A,0x69,0x54,0xB0,0xB8,0xA1,0x56,
    0x8E,0xEC,0xA4,0xD5,0x3D,0xE8,0xB1,0xDC,0xFD,0x1C,0xD8,0xF4,0x77,0x5A,0x5C,0x54,
    0x8C,0x6F,0xEF,0xA1,0x50,0x3D,0xFC,0x76,0x09,0x68,0x84,0x9F,0x6F,0xCA,0xDB,0x20,
    0x8D,0x35,0x60,0x1C,0x02,0x03,0xCB,0x20,0xB0,0xAC,0x58,0xA0,0x0E,0x40,0x63,0xC5,
    0x98,0x22,0xC1,0xB2,0x59,0xF5,0x55,0x6B,0xCF,0x27,0xAB,0x6C,0x76,0xCE,0x6F,0x23,
    0x2D,0xF4,0x7E,0x71,0x6A,0x23,0x6B,0x22,0xFF,0x12,0xB8,0x54,0x2D,0x27,0x7E,0xD8,
    0x3A,0xD9,0xF0,0xB6,0x87,0x96,0xFD,0x5B,0xD1,0x5C,0xAC,0x18,0xC3,0x4D,0x9F,0x73,
    0xB7,0x01,0xA9,0x9F,0x57,0xAA,0x5E,0x28,0xE2,0xB9,0x94,0x31,0x82,0x03,0x76,0x30,
    0x82,0x03,0x72,0x02,0x01,0x01,0x30,0x77,0x30,0x63,0x31,0x0B,0x30,0x09,0x06,0x03,
    0x55,0x04,0x06,0x13,0x02,0x55,0x53,0x31,0x17,0x30,0x15,0x06,0x03,0x55,0x04,0x0A,
    0x13,0x0E,0x44,0x69,0x67,0x69,0x43,0x65,0x72,0x74,0x2C,0x20,0x49,0x6E,0x63,0x2E,
    0x31,0x3B,0x30,0x39,0x06,0x03,0x55,0x04,0x03,0x13,0x32,0x44,0x69,0x67,0x69,0x43,
    0x65,0x72,0x74,0x20,0x54,0x72,0x75,0x73,0x74,0x65,0x64,0x20,0x47,0x34,0x20,0x52,
    0x53,0x41,0x34,0x30,0x39,0x36,0x20,0x53,0x48,0x41,0x32,0x35,0x36,0x20,0x54,0x69,
    0x6D,0x65,0x53,0x74,0x61,0x6D,0x70,0x69,0x6E,0x67,0x20,0x43,0x41,0x02,0x10,0x0B,
    0xAE,0x66,0xBC,0x5A,0xBA,0x7F,0x95,0x87,0xC6,0xF9,0xE9,0x04,0xE3,0x33,0x04,0x30,
    0x0D,0x06,0x09,0x60,0x86,0x48,0x01,0x65,0x03,0x04,0x02,0x01,0x05,0x00,0xA0,0x81,
    0xD1,0x30,0x1A,0x06,0x09,0x2A,0x86,0x48,0x86,0xF7,0x0D,0x01,0x09,0x03,0x31,0x0D,
    0x06,0x0B,0x2A,0x86,0x48,0x86,0xF7,0x0D,0x01,0x09,0x10,0x01,0x04,0x30,0x1C,0x06,
    0x09,0x2A,0x86,0x48,0x86,0xF7,0x0D,0x01,0x09,0x05,0x31,0x0F,0x17,0x0D,0x32,0x34,
    0x31,0x31,0x32,0x32,0x30,0x31,0x35,0x35,0x34,0x34,0x5A,0x30,0x2B,0x06,0x0B,0x2A,
    0x86,0x48,0x86,0xF7,0x0D,0x01,0x09,0x10,0x02,0x0C,0x31,0x1C,0x30,0x1A,0x30,0x18,
    0x30,0x16,0x04,0x14,0xDB,0xD3,0x85,0xEE,0x62,0xDB,0xD2,0x3E,0x7B,0xE4,0xF6,0x71,
    0x48,0x50,0x87,0x24,0xD5,0x86,0x5B,0x45,0x30,0x2F,0x06,0x09,0x2A,0x86,0x48,0x86,
    0xF7,0x0D,0x01,0x09,0x04,0x31,0x22,0x04,0x20,0x51,0xE2,0xF9,0xCF,0x03,0x38,0xAB,
    0x18,0x6F,0x8D,0x46,0x39,0x8C,0x48,0xE2,0x50,0xE3,0x3C,0x47,0x95,0xD5,0xD9,0x70,
    0xB0,0x1D,0x51,0x78,0xBC,0x15,0xEF,0x34,0x29,0x30,0x37,0x06,0x0B,0x2A,0x86,0x48,
    0x86,0xF7,0x0D,0x01,0x09,0x10,0x02,0x2F,0x31,0x28,0x30,0x26,0x30,0x24,0x30,0x22,
    0x04,0x20,0x76,0x76,0x9F,0xA8,0xF2,0x63,0x2F,0x1F,0x43,0x0B,0x3A,0x23,0x30,0xAE,
    0xD6,0x56,0x75,0xFE,0xD7,0x73,0xDB,0x05,0xD6,0x65,0xB9,0x05,0x93,0x98,0x43,0x8F,
    0x9A,0xDB,0x30,0x0D,0x06,0x09,0x2A,0x86,0x48,0x86,0xF7,0x0D,0x01,0x01,0x01,0x05,
    0x00,0x04,0x82,0x02,0x00,0x79,0xF5,0xF8,0xD4,0x34,0x18,0x2F,0x95,0x14,0x49,0x41,
    0xAC,0xAA,0x7B,0x78,0x07,0x2E,0x48,0xD8,0x16,0x71,0x89,0x73,0x20,0x94,0x56,0x7F,
    0xBE,0xAF,0xFF,0xAD,0xB9,0xCA,0x2F,0x98,0x70,0xD1,0xF9,0x63,0x85,0xEE,0x0A,0xE8,
    0xC5,0x86,0x87,0x7A,0x80,0x27,0x93,0xB4,0xCE,0x18,0x1D,0x3E,0xE8,0xBB,0xA3,0xDE,
    0x7C,0xE6,0xAE,0x91,0x33,0x9B,0xAB,0x6F,0xA8,0x15,0x1F,0xD6,0x66,0xA1,0x4E,0x43,
    0xED,0x43,0xFD,0x50,0x8A,0xAF,0xBC,0x63,0xD4,0x9A,0x50,0x79,0x21,0x0C,0x57,0x32,
    0x8B,0x32,0x29,0x7F,0x5F,0xBC,0x69,0x51,0x01,0xED,0x0B,0x69,0x09,0x66,0x1F,0x5A,
    0x39,0x66,0x34,0x0D,0x0B,0xB4,0xE6,0x62,0x69,0x86,0xE5,0x0C,0xDB,0x14,0x03,0x69,
    0x66,0xE7,0x9E,0xF1,0x4E,0xE2,0x9B,0xBD,0xC6,0x82,0x3C,0xA8,0xD8,0xE1,0x91,0x4A,
    0x72,0x13,0x7B,0xAB,0xF2,0x0C,0xFB,0x7E,0x5B,0x7A,0x84,0x9C,0x0D,0x81,0xB7,0xF7,
    0x2D,0x33,0xDA,0x4E,0xA8,0x41,0x16,0x79,0xF5,0x37,0x8F,0xFA,0xAE,0x13,0xA5,0x40,
    0xA8,0xAB,0x17,0xDC,0x3F,0x67,0xC1,0x87,0x9D,0x97,0x03,0x9E,0xD9,0x23,0x4F,0xE0,
    0xB2,0x44,0xEE,0x18,0xD4,0x50,0x84,0xE2,0x7B,0xD6,0x0D,0xFD,0x11,0xBE,0xF6,0x17,
    0x75,0xC1,0x69,0x89,0x6E,0x71,0x12,0x0E,0x24,0xC5,0x83,0x71,0x4A,0x4F,0xDD,0x71,
    0x3D,0x63,0x4A,0xB7,0x00,0xA8,0x43,0xA1,0xB6,0x7B,0x6D,0xE3,0x13,0x2A,0x18,0x48,
    0x3A,0xAD,0x24,0x20,0xDC,0x03,0x84,0xFB,0x67,0xDB,0xAB,0x2A,0xEA,0x2C,0xE6,0x52,
    0x25,0xD6,0x51,0xB1,0x87,0x4A,0xEB,0x35,0x3B,0x08,0xD2,0xD1,0x98,0xE0,0x16,0xFB,
    0x85,0x47,0x75,0xCB,0x70,0x0B,0x31,0xBE,0xE7,0x0D,0x41,0x9A,0x97,0xB0,0xEB,0x40,
    0x0D,0xB1,0xDF,0xE7,0x5B,0x5C,0xB4,0x6E,0x09,0x73,0x40,0x85,0x35,0xE8,0x7F,0x32,
    0xC8,0x09,0xD5,0x22,0x1F,0x98,0xF8,0xE3,0xD9,0x57,0xE0,0x69,0x6A,0xAD,0x45,0x3B,
    0x80,0xE0,0xBA,0xD9,0x76,0x13,0x07,0x3C,0xF3,0xA7,0x63,0xB2,0x33,0xF2,0x1F,0x9C,
    0x77,0x8F,0xA8,0xDF,0x02,0xB2,0x21,0x7D,0x4A,0x7F,0x85,0x0D,0x50,0x53,0x72,0x14,
    0x94,0x4D,0x13,0xD8,0xB5,0x47,0x9F,0xAF,0x8E,0x94,0xBC,0x91,0x50,0x7C,0x86,0x6F,
    0xAE,0x70,0x85,0x11,0xB5,0x64,0x16,0xA6,0x35,0x19,0x78,0x7C,0xB5,0xF8,0x6D,0xA4,
    0x7B,0x52,0x09,0x48,0x35,0xE6,0x80,0x63,0x78,0x21,0xF8,0xC4,0x1D,0xE9,0xDB,0xE4,
    0x65,0x93,0xA2,0xD7,0xE8,0xC1,0x30,0xBB,0x01,0xDD,0x23,0x83,0x67,0xF2,0x39,0xFA,
    0xFC,0x61,0xF5,0x1F,0x6D,0x31,0x96,0xB9,0x4C,0x1D,0xD0,0x73,0x47,0x50,0xD1,0x52,
    0x76,0x4E,0xD5,0x38,0x45,0x58,0xD3,0x40,0xCE,0x42,0x80,0xF1,0x97,0x05,0x73,0x52,
    0x81,0x51,0x25,0xBB,0x98,0x07,0xC3,0x3A,0x57,0x3E,0xB9,0xB2,0x46,0x91,0x6B,0x56,
    0x66,0xE9,0x96,0xC4,0xDC,0x68,0x26,0x18,0xEA,0x09,0xC0,0x01,0x22,0x35,0xDC,0xCB,
    0xC9,0x61,0x81,0x05,0x6D,0xDF,0x26,0x86,0x5B,0x4D,0x86,0xBA,0x8B,0x5C,0x84,0xA9,
    0xBB,0xF3,0x9B,0xC6,0x4A,0x38,0xE3,0x52,0x0D,0xE8,0xD1,0xBC,0xC8,0x35,0x88,0x62,
    0x06,0x4C,0x37,0x68,0x65,0x30,0x82,0x26,0x32,0x06,0x0A,0x2B,0x06,0x01,0x04,0x01,
    0x82,0x37,0x02,0x04,0x01,0x31,0x82,0x26,0x22,0x30,0x82,0x26,0x1E,0x06,0x09,0x2A,
    0x86,0x48,0x86,0xF7,0x0D,0x01,0x07,0x02,0xA0,0x82,0x26,0x0F,0x30,0x82,0x26,0x0B,
    0x02,0x01,0x01,0x31,0x0F,0x30,0x0D,0x06,0x09,0x60,0x86,0x48,0x01,0x65,0x03,0x04,
    0x02,0x01,0x05,0x00,0x30,0x5C,0x06,0x0A,0x2B,0x06,0x01,0x04,0x01,0x82,0x37,0x02,
    0x01,0x04,0xA0,0x4E,0x30,0x4C,0x30,0x17,0x06,0x0A,0x2B,0x06,0x01,0x04,0x01,0x82,
    0x37,0x02,0x01,0x0F,0x30,0x09,0x03,0x01,0x00,0xA0,0x04,0xA2,0x02,0x80,0x00,0x30,
    0x31,0x30,0x0D,0x06,0x09,0x60,0x86,0x48,0x01,0x65,0x03,0x04,0x02,0x01,0x05,0x00,
    0x04,0x20,0xBC,0xC5,0x39,0x47,0x05,0xE5,0x52,0xD0,0x31,0x25,0x92,0xC5,0x07,0xB7,
    0x1A,0x6B,0xD9,0x21,0x78,0x2F,0x82,0xBB,0x5B,0x4A,0xCC,0x72,0x1D,0x2F,0x05,0x60,
    0x30,0xA5,0xA0,0x82,0x0B,0x59,0x30,0x82,0x05,0x70,0x30,0x82,0x04,0x58,0xA0,0x03,
    0x02,0x01,0x02,0x02,0x13,0x33,0x00,0x00,0x01,0x11,0x2A,0x07,0x90,0xAA,0xE5,0x56,
    0x85,0x29,0x00,0x00,0x00,0x00,0x01,0x11,0x30,0x0D,0x06,0x09,0x2A,0x86,0x48,0x86,
    0xF7,0x0D,0x01,0x01,0x0B,0x05,0x00,0x30,0x81,0x8E,0x31,0x0B,0x30,0x09,0x06,0x03,
    0x55,0x04,0x06,0x13,0x02,0x55,0x53,0x31,0x13,0x30,0x11,0x06,0x03,0x55,0x04,0x08,
    0x13,0x0A,0x57,0x61,0x73,0x68,0x69,0x6E,0x67,0x74,0x6F,0x6E,0x31,0x10,0x30,0x0E,
    0x06,0x03,0x55,0x04,0x07,0x13,0x07,0x52,0x65,0x64,0x6D,0x6F,0x6E,0x64,0x31,0x1E,
    0x30,0x1C,0x06,0x03,0x55,0x04,0x0A,0x13,0x15,0x4D,0x69,0x63,0x72,0x6F,0x73,0x6F,
    0x66,0x74,0x20,0x43,0x6F,0x72,0x70,0x6F,0x72,0x61,0x74,0x69,0x6F,0x6E,0x31,0x38,
    0x30,0x36,0x06,0x03,0x55,0x04,0x03,0x13,0x2F,0x4D,0x69,0x63,0x72,0x6F,0x73,0x6F,
    0x66,0x74,0x20,0x57,0x69,0x6E,0x64,0x6F,0x77,0x73,0x20,0x54,0x68,0x69,0x72,0x64,
    0x20,0x50,0x61,0x72,0x74,0x79,0x20,0x43,0x6F,0x6D,0x70,0x6F,0x6E,0x65,0x6E,0x74,
    0x20,0x43,0x41,0x20,0x32,0x30,0x31,0x32,0x30,0x1E,0x17,0x0D,0x32,0x34,0x30,0x35,
    0x31,0x36,0x32,0x32,0x31,0x36,0x30,0x36,0x5A,0x17,0x0D,0x32,0x35,0x30,0x35,0x31,
    0x34,0x32,0x32,0x31,0x36,0x30,0x36,0x5A,0x30,0x81,0x91,0x31,0x0B,0x30,0x09,0x06,
    0x03,0x55,0x04,0x06,0x13,0x02,0x55,0x53,0x31,0x13,0x30,0x11,0x06,0x03,0x55,0x04,
    0x08,0x13,0x0A,0x57,0x61,0x73,0x68,0x69,0x6E,0x67,0x74,0x6F,0x6E,0x31,0x10,0x30,
    0x0E,0x06,0x03,0x55,0x04,0x07,0x13,0x07,0x52,0x65,0x64,0x6D,0x6F,0x6E,0x64,0x31,
    0x1E,0x30,0x1C,0x06,0x03,0x55,0x04,0x0A,0x13,0x15,0x4D,0x69,0x63,0x72,0x6F,0x73,
    0x6F,0x66,0x74,0x20,0x43,0x6F,0x72,0x70,0x6F,0x72,0x61,0x74,0x69,0x6F,0x6E,0x31,
    0x3B,0x30,0x39,0x06,0x03,0x55,0x04,0x03,0x13,0x32,0x4D,0x69,0x63,0x72,0x6F,0x73,
    0x6F,0x66,0x74,0x20,0x57,0x69,0x6E,0x64,0x6F,0x77,0x73,0x20,0x48,0x61,0x72,0x64,
    0x77,0x61,0x72,0x65,0x20,0x43,0x6F,0x6D,0x70,0x61,0x74,0x69,0x62,0x69,0x6C,0x69,
    0x74,0x79,0x20,0x50,0x75,0x62,0x6C,0x69,0x73,0x68,0x65,0x72,0x30,0x82,0x01,0x22,
    0x30,0x0D,0x06,0x09,0x2A,0x86,0x48,0x86,0xF7,0x0D,0x01,0x01,0x01,0x05,0x00,0x03,
    0x82,0x01,0x0F,0x00,0x30,0x82,0x01,0x0A,0x02,0x82,0x01,0x01,0x00,0xD6,0xD2,0xEC,
    0xDB,0xB7,0x7F,0xCF,0x96,0x21,0xAC,0x99,0xDA,0x2A,0x14,0xB3,0x2C,0xA2,0x97,0xF7,
    0x79,0xE6,0x0A,0xC0,0x7F,0x9E,0x40,0x97,0x08,0xD8,0x66,0xB6,0x88,0x1A,0x1A,0xD7,
    0xD5,0x0E,0x20,0xE2,0xC0,0x7F,0xDC,0xD5,0xC9,0xE5,0xC6,0x2D,0xDA,0x4F,0xD4,0xE7,
    0xA6,0x54,0xFD,0x3D,0x13,0x53,0xF0,0xC9,0xD9,0xDE,0xA2,0xEE,0x48,0xEC,0xED,0xF4,
    0x31,0x08,0x27,0x92,0xAE,0xC7,0xB3,0x87,0x6B,0x2C,0xD4,0x82,0x70,0xED,0x3B,0xC9,
    0x02,0x95,0x43,0x94,0xC6,0xFA,0xC3,0x64,0x95,0xEA,0x2C,0x95,0xBE,0x42,0xAD,0xA3,
    0x9C,0xAD,0x88,0x02,0xEB,0xD3,0x87,0x48,0x19,0x5A,0x26,0xEF,0x8D,0x95,0x2A,0xB9,
    0xA8,0x07,0xA2,0x8E,0x6C,0xBF,0xF0,0x2A,0x8B,0x51,0x17,0x8A,0xDC,0xF5,0xE3,0x3A,
    0xE5,0xF5,0x53,0x9B,0x68,0x53,0x1A,0x0D,0xE1,0x16,0x05,0xBE,0xB1,0xFC,0x2C,0x33,
    0x3C,0x4D,0x40,0x00,0x81,0x84,0xDF,0x29,0x9B,0x51,0xF6,0x69,0xD4,0x51,0x41,0x05,
    0xF9,0x37,0x05,0x65,0xD0,0xFF,0x05,0xBB,0xDA,0x60,0x24,0x9E,0xA6,0x51,0x4C,0x94,
    0x97,0x4D,0x92,0x84,0x22,0x10,0xFC,0x2A,0xC3,0xC9,0x5E,0xD0,0x16,0xF4,0x0A,0xB2,
    0x11,0xCB,0x12,0x65,0x3A,0x4D,0x4B,0xA5,0x7A,0x6B,0xEC,0xC9,0xCD,0xE5,0x4F,0x0B,
    0x6E,0xB7,0xF8,0x68,0xDA,0x65,0x3B,0xEA,0xFA,0x0A,0x13,0x58,0x82,0x78,0x34,0xB1,
    0x5F,0xEA,0xC3,0x3C,0xB3,0x41,0x99,0x2F,0x83,0x8C,0xF6,0x7A,0xF2,0xC4,0x96,0xF5,
    0x49,0xFA,0x42,0x8D,0xAB,0x18,0x8D,0x07,0x12,0x62,0xFB,0x1A,0xB7,0x02,0x03,0x01,
    0x00,0x01,0xA3,0x82,0x01,0xC0,0x30,0x82,0x01,0xBC,0x30,0x2B,0x06,0x03,0x55,0x1D,
    0x25,0x04,0x24,0x30,0x22,0x06,0x0A,0x2B,0x06,0x01,0x04,0x01,0x82,0x37,0x0A,0x03,
    0x27,0x06,0x0A,0x2B,0x06,0x01,0x04,0x01,0x82,0x37,0x0A,0x03,0x05,0x06,0x08,0x2B,
    0x06,0x01,0x05,0x05,0x07,0x03,0x03,0x30,0x1D,0x06,0x03,0x55,0x1D,0x0E,0x04,0x16,
    0x04,0x14,0x71,0xC1,0x07,0xE7,0x20,0x55,0x2D,0xE8,0xAB,0xDF,0xDF,0xEF,0xA4,0x63,
    0x70,0x73,0xB0,0x34,0xF3,0xEC,0x30,0x45,0x06,0x03,0x55,0x1D,0x11,0x04,0x3E,0x30,
    0x3C,0xA4,0x3A,0x30,0x38,0x31,0x1E,0x30,0x1C,0x06,0x03,0x55,0x04,0x0B,0x13,0x15,
    0x4D,0x69,0x63,0x72,0x6F,0x73,0x6F,0x66,0x74,0x20,0x43,0x6F,0x72,0x70,0x6F,0x72,
    0x61,0x74,0x69,0x6F,0x6E,0x31,0x16,0x30,0x14,0x06,0x03,0x55,0x04,0x05,0x13,0x0D,
    0x32,0x33,0x32,0x38,0x32,0x35,0x2B,0x35,0x30,0x32,0x33,0x30,0x31,0x30,0x1F,0x06,
    0x03,0x55,0x1D,0x23,0x04,0x18,0x30,0x16,0x80,0x14,0x61,0x71,0xA7,0x87,0xAF,0xFF,
    0x69,0xD5,0x21,0x76,0x4F,0x52,0x93,0x28,0x00,0xBE,0x79,0x12,0xAB,0x84,0x30,0x74,
    0x06,0x03,0x55,0x1D,0x1F,0x04,0x6D,0x30,0x6B,0x30,0x69,0xA0,0x67,0xA0,0x65,0x86,
    0x63,0x68,0x74,0x74,0x70,0x3A,0x2F,0x2F,0x77,0x77,0x77,0x2E,0x6D,0x69,0x63,0x72,
    0x6F,0x73,0x6F,0x66,0x74,0x2E,0x63,0x6F,0x6D,0x2F,0x70,0x6B,0x69,0x6F,0x70,0x73,
    0x2F,0x63,0x72,0x6C,0x2F,0x4D,0x69,0x63,0x72,0x6F,0x73,0x6F,0x66,0x74,0x25,0x32,
    0x30,0x57,0x69,0x6E,0x64,0x6F,0x77,0x73,0x25,0x32,0x30,0x54,0x68,0x69,0x72,0x64,
    0x25,0x32,0x30,0x50,0x61,0x72,0x74,0x79,0x25,0x32,0x30,0x43,0x6F,0x6D,0x70,0x6F,
    0x6E,0x65,0x6E,0x74,0x25,0x32,0x30,0x43,0x41,0x25,0x32,0x30,0x32,0x30,0x31,0x32,
    0x2E,0x63,0x72,0x6C,0x30,0x81,0x81,0x06,0x08,0x2B,0x06,0x01,0x05,0x05,0x07,0x01,
    0x01,0x04,0x75,0x30,0x73,0x30,0x71,0x06,0x08,0x2B,0x06,0x01,0x05,0x05,0x07,0x30,
    0x02,0x86,0x65,0x68,0x74,0x74,0x70,0x3A,0x2F,0x2F,0x77,0x77,0x77,0x2E,0x6D,0x69,
    0x63,0x72,0x6F,0x73,0x6F,0x66,0x74,0x2E,0x63,0x6F,0x6D,0x2F,0x70,0x6B,0x69,0x6F,
    0x70,0x73,0x2F,0x63,0x65,0x72,0x74,0x73,0x2F,0x4D,0x69,0x63,0x72,0x6F,0x73,0x6F,
    0x66,0x74,0x25,0x32,0x30,0x57,0x69,0x6E,0x64,0x6F,0x77,0x73,0x25,0x32,0x30,0x54,
    0x68,0x69,0x72,0x64,0x25,0x32,0x30,0x50,0x61,0x72,0x74,0x79,0x25,0x32,0x30,0x43,
    0x6F,0x6D,0x70,0x6F,0x6E,0x65,0x6E,0x74,0x25,0x32,0x30,0x43,0x41,0x25,0x32,0x30,
    0x32,0x30,0x31,0x32,0x2E,0x63,0x72,0x74,0x30,0x0C,0x06,0x03,0x55,0x1D,0x13,0x01,
    0x01,0xFF,0x04,0x02,0x30,0x00,0x30,0x0D,0x06,0x09,0x2A,0x86,0x48,0x86,0xF7,0x0D,
    0x01,0x01,0x0B,0x05,0x00,0x03,0x82,0x01,0x01,0x00,0x47,0xAA,0x9E,0x6E,0xBB,0x9B,
    0xDF,0xFB,0xDF,0x6D,0x8D,0x99,0x64,0x5F,0x72,0x6A,0xF8,0x93,0x74,0xC6,0x13,0x6A,
    0x5F,0x4B,0x2D,0x2F,0x6F,0xE8,0x2D,0x8C,0x10,0x3A,0x41,0xD1,0x86,0xEC,0x5E,0x5E,
    0xD6,0x37,0x49,0x40,0x1C,0x72,0x4C,0xB5,0xAA,0x60,0x91,0xE0,0x23,0xF9,0x12,0x5E,
    0xCF,0xEE,0x62,0xF4,0x44,0xFB,0xDE,0x29,0xED,0xB0,0x37,0xB5,0x8B,0xD6,0x11,0x8A,
    0x66,0x28,0x8A,0xB6,0x39,0xCA,0xCE,0x55,0x7E,0xE4,0xA8,0x88,0xFE,0x09,0x80,0x88,
    0xAA,0xBA,0x59,0x21,0x99,0xB2,0x57,0x25,0xD6,0x64,0xD2,0x12,0x69,0xF4,0xAE,0xE0,
    0xBC,0x36,0x82,0xC4,0xA6,0x75,0x8C,0x94,0x46,0xB5,0x00,0x81,0xD0,0x66,0xFD,0xF8,
    0xCA,0xD7,0xB5,0x67,0x7C,0x18,0xD6,0x3D,0x34,0x04,0xD0,0xCE,0x4F,0xFA,0xB1,0x21,
    0x5A,0xCC,0x73,0x45,0xDC,0x6E,0xA6,0x1C,0x65,0xCA,0xEE,0x9F,0x69,0x50,0xF9,0x57,
    0xE8,0x7B,0x14,0x6F,0x7F,0xA3,0x4A,0xBD,0x59,0x70,0xC7,0x9A,0x77,0x74,0x36,0xF8,
    0xD8,0x0B,0x6E,0xE5,0xB8,0x87,0x6B,0x69,0x8B,0xC8,0xD5,0x47,0xB4,0x7C,0x3D,0x11,
    0x78,0x8C,0x8A,0x73,0x0C,0x8C,0x25,0xC7,0xFC,0x87,0x8B,0x03,0x24,0x3C,0xE5,0x5E,
    0x2C,0x2B,0x89,0x8E,0xDD,0x17,0x55,0xCB,0x95,0x55,0x35,0x78,0xB5,0x88,0x12,0x2B,
    0x45,0x6A,0xB7,0x0D,0xBC,0x08,0x43,0x23,0xDC,0xB0,0x48,0x7A,0xA4,0x62,0xD5,0x7B,
    0x98,0x63,0xA5,0xEC,0xFA,0xA8,0x5E,0x5F,0x5D,0x5D,0x3D,0xA9,0x6D,0xC2,0x0E,0xCB,
    0xC7,0xC2,0x20,0x39,0x00,0xFB,0x2F,0x5E,0x84,0xC8,0x30,0x82,0x05,0xE1,0x30,0x82,
    0x03,0xC9,0xA0,0x03,0x02,0x01,0x02,0x02,0x0A,0x61,0x0B,0xAA,0xC1,0x00,0x00,0x00,
    0x00,0x00,0x09,0x30,0x0D,0x06,0x09,0x2A,0x86,0x48,0x86,0xF7,0x0D,0x01,0x01,0x0B,
    0x05,0x00,0x30,0x81,0x88,0x31,0x0B,0x30,0x09,0x06,0x03,0x55,0x04,0x06,0x13,0x02,
    0x55,0x53,0x31,0x13,0x30,0x11,0x06,0x03,0x55,0x04,0x08,0x13,0x0A,0x57,0x61,0x73,
    0x68,0x69,0x6E,0x67,0x74,0x6F,0x6E,0x31,0x10,0x30,0x0E,0x06,0x03,0x55,0x04,0x07,
    0x13,0x07,0x52,0x65,0x64,0x6D,0x6F,0x6E,0x64,0x31,0x1E,0x30,0x1C,0x06,0x03,0x55,
    0x04,0x0A,0x13,0x15,0x4D,0x69,0x63,0x72,0x6F,0x73,0x6F,0x66,0x74,0x20,0x43,0x6F,
    0x72,0x70,0x6F,0x72,0x61,0x74,0x69,0x6F,0x6E,0x31,0x32,0x30,0x30,0x06,0x03,0x55,
    0x04,0x03,0x13,0x29,0x4D,0x69,0x63,0x72,0x6F,0x73,0x6F,0x66,0x74,0x20,0x52,0x6F,
    0x6F,0x74,0x20,0x43,0x65,0x72,0x74,0x69,0x66,0x69,0x63,0x61,0x74,0x65,0x20,0x41,
    0x75,0x74,0x68,0x6F,0x72,0x69,0x74,0x79,0x20,0x32,0x30,0x31,0x30,0x30,0x1E,0x17,
    0x0D,0x31,0x32,0x30,0x34,0x31,0x38,0x32,0x33,0x34,0x38,0x33,0x38,0x5A,0x17,0x0D,
    0x32,0x37,0x30,0x34,0x31,0x38,0x32,0x33,0x35,0x38,0x33,0x38,0x5A,0x30,0x81,0x8E,
    0x31,0x0B,0x30,0x09,0x06,0x03,0x55,0x04,0x06,0x13,0x02,0x55,0x53,0x31,0x13,0x30,
    0x11,0x06,0x03,0x55,0x04,0x08,0x13,0x0A,0x57,0x61,0x73,0x68,0x69,0x6E,0x67,0x74,
    0x6F,0x6E,0x31,0x10,0x30,0x0E,0x06,0x03,0x55,0x04,0x07,0x13,0x07,0x52,0x65,0x64,
    0x6D,0x6F,0x6E,0x64,0x31,0x1E,0x30,0x1C,0x06,0x03,0x55,0x04,0x0A,0x13,0x15,0x4D,
    0x69,0x63,0x72,0x6F,0x73,0x6F,0x66,0x74,0x20,0x43,0x6F,0x72,0x70,0x6F,0x72,0x61,
    0x74,0x69,0x6F,0x6E,0x31,0x38,0x30,0x36,0x06,0x03,0x55,0x04,0x03,0x13,0x2F,0x4D,
    0x69,0x63,0x72,0x6F,0x73,0x6F,0x66,0x74,0x20,0x57,0x69,0x6E,0x64,0x6F,0x77,0x73,
    0x20,0x54,0x68,0x69,0x72,0x64,0x20,0x50,0x61,0x72,0x74,0x79,0x20,0x43,0x6F,0x6D,
    0x70,0x6F,0x6E,0x65,0x6E,0x74,0x20,0x43,0x41,0x20,0x32,0x30,0x31,0x32,0x30,0x82,
    0x01,0x22,0x30,0x0D,0x06,0x09,0x2A,0x86,0x48,0x86,0xF7,0x0D,0x01,0x01,0x01,0x05,
    0x00,0x03,0x82,0x01,0x0F,0x00,0x30,0x82,0x01,0x0A,0x02,0x82,0x01,0x01,0x00,0xA3,
    0x9C,0x30,0x84,0x09,0xA7,0x63,0x2E,0xCF,0x0A,0x47,0xF0,0xEA,0x24,0xF9,0xA3,0x30,
    0x20,0x0F,0x5E,0x57,0x31,0x26,0x81,0x9A,0x31,0x07,0xB2,0x50,0xD4,0xCE,0x67,0x09,
    0x08,0x65,0x0A,0x5A,0xA5,0x4B,0xAE,0xD5,0xED,0x10,0x2E,0xE7,0xA5,0x99,0xB5,0x9F,
    0x68,0x2F,0x98,0x8B,0x58,0x02,0xAC,0x20,0xB4,0x29,0xC4,0x71,0xBD,0x28,0x1C,0xA5,
    0xFD,0x3C,0x9B,0x64,0xE4,0xC5,0xEB,0xDF,0x61,0x25,0xBC,0xF0,0xEE,0x68,0xBF,0xD1,
    0xA7,0xCB,0x7E,0x2A,0x02,0x81,0x4E,0x64,0x5C,0x0C,0x53,0x86,0x79,0x57,0x19,0x37,
    0x61,0xB7,0x98,0xF9,0x0C,0xA0,0x4E,0x22,0x59,0x9B,0xF9,0x1B,0x2D,0x67,0x3C,0x27,
    0x3C,0x56,0x90,0x66,0xE3,0xFD,0x7F,0x65,0x7D,0x0F,0x86,0xBD,0x35,0x47,0xE8,0x8A,
    0xCC,0xF4,0xDA,0x8E,0xE9,0x6A,0x4E,0xAB,0xA7,0x55,0xEC,0xA2,0x89,0x1E,0xD5,0x33,
    0x45,0x53,0xCB,0xF9,0x9E,0x77,0xBD,0xCD,0x2C,0xF9,0x05,0xB8,0x7F,0x74,0x01,0x1D,
    0xE8,0xFB,0x18,0xE1,0x43,0xD1,0x0D,0xE9,0xAA,0xDC,0x37,0x6F,0xBD,0xFE,0xB8,0x0F,
    0xED,0x1D,0x4D,0x01,0x46,0x4E,0x0A,0xAC,0xFC,0x82,0xE8,0xEC,0x56,0x83,0x13,0x8E,
    0x3A,0x01,0xED,0x14,0x64,0x74,0xEA,0x64,0xB2,0x66,0x10,0xB6,0x68,0x6D,0xC8,0x70,
    0x00,0x7D,0x50,0x48,0x2E,0x3D,0x43,0xEE,0xE0,0x24,0x95,0xC6,0xCD,0x8E,0xC7,0xFD,
    0xB8,0xE4,0x95,0xCF,0xDD,0x7E,0xFB,0x95,0x5E,0xA1,0x01,0xCD,0x43,0xB1,0x07,0xD7,
    0xA4,0x30,0xEE,0x9B,0x86,0x1A,0x2A,0x6E,0xC1,0x0B,0x59,0xA2,0x74,0x6F,0x8B,0x02,
    0x03,0x01,0x00,0x01,0xA3,0x82,0x01,0x43,0x30,0x82,0x01,0x3F,0x30,0x10,0x06,0x09,
    0x2B,0x06,0x01,0x04,0x01,0x82,0x37,0x15,0x01,0x04,0x03,0x02,0x01,0x00,0x30,0x1D,
    0x06,0x03,0x55,0x1D,0x0E,0x04,0x16,0x04,0x14,0x61,0x71,0xA7,0x87,0xAF,0xFF,0x69,
    0xD5,0x21,0x76,0x4F,0x52,0x93,0x28,0x00,0xBE,0x79,0x12,0xAB,0x84,0x30,0x19,0x06,
    0x09,0x2B,0x06,0x01,0x04,0x01,0x82,0x37,0x14,0x02,0x04,0x0C,0x1E,0x0A,0x00,0x53,
    0x00,0x75,0x00,0x62,0x00,0x43,0x00,0x41,0x30,0x0B,0x06,0x03,0x55,0x1D,0x0F,0x04,
    0x04,0x03,0x02,0x01,0x86,0x30,0x0F,0x06,0x03,0x55,0x1D,0x13,0x01,0x01,0xFF,0x04,
    0x05,0x30,0x03,0x01,0x01,0xFF,0x30,0x1F,0x06,0x03,0x55,0x1D,0x23,0x04,0x18,0x30,
    0x16,0x80,0x14,0xD5,0xF6,0x56,0xCB,0x8F,0xE8,0xA2,0x5C,0x62,0x68,0xD1,0x3D,0x94,
    0x90,0x5B,0xD7,0xCE,0x9A,0x18,0xC4,0x30,0x56,0x06,0x03,0x55,0x1D,0x1F,0x04,0x4F,
    0x30,0x4D,0x30,0x4B,0xA0,0x49,0xA0,0x47,0x86,0x45,0x68,0x74,0x74,0x70,0x3A,0x2F,
    0x2F,0x63,0x72,0x6C,0x2E,0x6D,0x69,0x63,0x72,0x6F,0x73,0x6F,0x66,0x74,0x2E,0x63,
    0x6F,0x6D,0x2F,0x70,0x6B,0x69,0x2F,0x63,0x72,0x6C,0x2F,0x70,0x72,0x6F,0x64,0x75,
    0x63,0x74,0x73,0x2F,0x4D,0x69,0x63,0x52,0x6F,0x6F,0x43,0x65,0x72,0x41,0x75,0x74,
    0x5F,0x32,0x30,0x31,0x30,0x2D,0x30,0x36,0x2D,0x32,0x33,0x2E,0x63,0x72,0x6C,0x30,
    0x5A,0x06,0x08,0x2B,0x06,0x01,0x05,0x05,0x07,0x01,0x01,0x04,0x4E,0x30,0x4C,0x30,
    0x4A,0x06,0x08,0x2B,0x06,0x01,0x05,0x05,0x07,0x30,0x02,0x86,0x3E,0x68,0x74,0x74,
    0x70,0x3A,0x2F,0x2F,0x77,0x77,0x77,0x2E,0x6D,0x69,0x63,0x72,0x6F,0x73,0x6F,0x66,
    0x74,0x2E,0x63,0x6F,0x6D,0x2F,0x70,0x6B,0x69,0x2F,0x63,0x65,0x72,0x74,0x73,0x2F,
    0x4D,0x69,0x63,0x52,0x6F,0x6F,0x43,0x65,0x72,0x41,0x75,0x74,0x5F,0x32,0x30,0x31,
    0x30,0x2D,0x30,0x36,0x2D,0x32,0x33,0x2E,0x63,0x72,0x74,0x30,0x0D,0x06,0x09,0x2A,
    0x86,0x48,0x86,0xF7,0x0D,0x01,0x01,0x0B,0x05,0x00,0x03,0x82,0x02,0x01,0x00,0x5A,
    0x8A,0x67,0xDA,0xCC,0xD5,0xFD,0x0D,0x26,0x41,0x77,0xBF,0x0A,0x46,0x78,0xB4,0xB3,
    0xDE,0x12,0x69,0x2B,0x77,0x23,0xC2,0x65,0x2F,0x01,0x5F,0xD2,0x03,0xF4,0x61,0xBA,
    0x50,0x9D,0x2E,0x8C,0x39,0x72,0xF3,0x6C,0x3E,0x6A,0xB1,0x1E,0x76,0x6D,0xEC,0xB7,
    0xF3,0x82,0xDC,0xCC,0xBB,0xC5,0x69,0x70,0x28,0x73,0x66,0x17,0x3F,0x54,0xEB,0xEE,
    0x01,0x16,0x48,0xC4,0x46,0xD9,0x1B,0x80,0xAE,0x81,0x3A,0x8D,0x0F,0x79,0x6D,0x68,
    0xB0,0x9E,0xEA,0x2D,0x3F,0x39,0xD3,0xCA,0x38,0x7E,0xBD,0x5E,0x7C,0x08,0x6E,0x19,
    0xDC,0xC6,0xC2,0xF4,0x38,0x33,0x68,0x61,0xE2,0x52,0x47,0x83,0xE1,0x00,0x01,0x56,
    0xD2,0xBA,0xCB,0x87,0x82,0x05,0x31,0x0A,0x41,0x8B,0x4E,0xE7,0x7F,0x5F,0x5F,0xED,
    0x5F,0xD3,0x39,0x2D,0x45,0xEB,0xA2,0x13,0xBF,0xFD,0x1E,0xC2,0x98,0x41,0x71,0x61,
    0x16,0x5F,0xC8,0x0A,0x70,0x25,0x7C,0x59,0x69,0x31,0x24,0xE4,0x71,0xE7,0x0A,0xBB,
    0x04,0x17,0xF7,0x9F,0x72,0x1E,0xC9,0xD2,0xBB,0x1A,0xBE,0x3D,0x02,0xFE,0x09,0x0C,
    0xB2,0x43,0xB4,0x59,0x1A,0x99,0x53,0x93,0x96,0x21,0x5F,0xE0,0xD6,0xB7,0x26,0x01,
    0x42,0x95,0x36,0xAC,0x27,0xFD,0xBE,0xF4,0x85,0x77,0x68,0x3D,0x18,0xBD,0xF4,0xBE,
    0x98,0x88,0x22,0x11,0x86,0x52,0x16,0xF3,0x45,0xEC,0x03,0x97,0x10,0x70,0x87,0xA3,
    0x70,0x43,0x71,0x3C,0xDB,0xC9,0x86,0x03,0x17,0x0C,0xF5,0x73,0x5B,0xC6,0x7D,0xE1,
    0x5C,0x64,0xED,0xD7,0xC5,0x48,0xD7,0xED,0x32,0xE2,0xD1,0xAA,0xD3,0xCF,0xA7,0xF6,
    0x57,0x4E,0x61,0xF9,0x77,0xEB,0x67,0xF2,0x88,0xB3,0xDE,0x00,0xDA,0x03,0x8F,0xD0,
    0x8A,0x34,0x37,0x3E,0x1D,0xD8,0x62,0xB8,0xD2,0xB1,0xF3,0xE1,0x2F,0x8B,0x72,0x3B,
    0x81,0x96,0x7C,0x6F,0xFC,0xEC,0x66,0x76,0x72,0x60,0x1B,0x24,0xF2,0xA0,0x89,0x6D,
    0x5B,0x6D,0x00,0x2E,0xEF,0x28,0xDD,0x86,0x87,0x05,0xC2,0xB4,0xB9,0xE5,0xBE,0x64,
    0xC2,0x2A,0xF2,0x4A,0x15,0x5C,0x98,0xE2,0xC4,0x27,0x85,0xFF,0x52,0xE3,0x62,0x7E,
    0x0F,0xB2,0x02,0x0B,0xD7,0x66,0xC7,0x0A,0xB2,0xD3,0x3D,0x20,0x04,0x14,0x50,0x32,
    0x59,0x83,0x0A,0x7D,0x9B,0xED,0x5A,0x38,0x12,0x01,0x52,0xBA,0x2F,0x5E,0x20,0x72,
    0x8E,0x4A,0xF1,0xFD,0xE7,0x71,0x02,0x8C,0x3B,0xE1,0x07,0xBE,0xC9,0x73,0xF4,0xDD,
    0x47,0xD8,0xB4,0xEF,0xB4,0xA4,0xB3,0x30,0xB9,0x89,0x3E,0x76,0xCA,0xB9,0x00,0x98,
    0x56,0x7E,0xAB,0xEA,0x8A,0xB8,0xA5,0xD0,0x38,0xAB,0x69,0x77,0x13,0x0B,0x14,0x2F,
    0xE9,0xAA,0x41,0x1F,0xF7,0xBA,0xBD,0x3A,0x2B,0x34,0x8A,0xEE,0x0A,0xAB,0x63,0xE6,
    0x63,0xF7,0x88,0x24,0x8E,0x20,0x0D,0x2B,0x3B,0x9D,0xE3,0xC2,0x49,0x52,0xAC,0x9F,
    0x1F,0x0E,0x39,0x3B,0x5D,0xD4,0x6E,0x50,0x6A,0xE6,0x7D,0x52,0x3A,0xAA,0x7C,0x33,
    0x15,0x29,0x0D,0x26,0x5E,0x01,0x58,0xA7,0x4E,0xA9,0x3D,0x7A,0x84,0x6F,0x74,0x3F,
    0x60,0x9F,0xE4,0x32,0x4F,0x36,0x00,0xAF,0x6D,0x71,0xD3,0x3E,0xA6,0x46,0x65,0x5F,
    0x81,0x74,0xF1,0xFE,0xC1,0x71,0xDA,0x4C,0xA0,0x41,0x5A,0x82,0xDD,0xF1,0x1F,0x31,
    0x82,0x1A,0x38,0x30,0x82,0x1A,0x34,0x02,0x01,0x01,0x30,0x81,0xA6,0x30,0x81,0x8E,
    0x31,0x0B,0x30,0x09,0x06,0x03,0x55,0x04,0x06,0x13,0x02,0x55,0x53,0x31,0x13,0x30,
    0x11,0x06,0x03,0x55,0x04,0x08,0x13,0x0A,0x57,0x61,0x73,0x68,0x69,0x6E,0x67,0x74,
    0x6F,0x6E,0x31,0x10,0x30,0x0E,0x06,0x03,0x55,0x04,0x07,0x13,0x07,0x52,0x65,0x64,
    0x6D,0x6F,0x6E,0x64,0x31,0x1E,0x30,0x1C,0x06,0x03,0x55,0x04,0x0A,0x13,0x15,0x4D,
    0x69,0x63,0x72,0x6F,0x73,0x6F,0x66,0x74,0x20,0x43,0x6F,0x72,0x70,0x6F,0x72,0x61,
    0x74,0x69,0x6F,0x6E,0x31,0x38,0x30,0x36,0x06,0x03,0x55,0x04,0x03,0x13,0x2F,0x4D,
    0x69,0x63,0x72,0x6F,0x73,0x6F,0x66,0x74,0x20,0x57,0x69,0x6E,0x64,0x6F,0x77,0x73,
    0x20,0x54,0x68,0x69,0x72,0x64,0x20,0x50,0x61,0x72,0x74,0x79,0x20,0x43,0x6F,0x6D,
    0x70,0x6F,0x6E,0x65,0x6E,0x74,0x20,0x43,0x41,0x20,0x32,0x30,0x31,0x32,0x02,0x13,
    0x33,0x00,0x00,0x01,0x11,0x2A,0x07,0x90,0xAA,0xE5,0x56,0x85,0x29,0x00,0x00,0x00,
    0x00,0x01,0x11,0x30,0x0D,0x06,0x09,0x60,0x86,0x48,0x01,0x65,0x03,0x04,0x02,0x01,
    0x05,0x00,0xA0,0x81,0xCB,0x30,0x11,0x06,0x0A,0x2A,0x86,0x48,0x86,0xF7,0x0D,0x01,
    0x09,0x19,0x04,0x31,0x03,0x02,0x01,0x01,0x30,0x19,0x06,0x09,0x2A,0x86,0x48,0x86,
    0xF7,0x0D,0x01,0x09,0x03,0x31,0x0C,0x06,0x0A,0x2B,0x06,0x01,0x04,0x01,0x82,0x37,
    0x02,0x01,0x04,0x30,0x1C,0x06,0x0A,0x2B,0x06,0x01,0x04,0x01,0x82,0x37,0x02,0x01,
    0x0B,0x31,0x0E,0x30,0x0C,0x06,0x0A,0x2B,0x06,0x01,0x04,0x01,0x82,0x37,0x02,0x01,
    0x15,0x30,0x2F,0x06,0x09,0x2A,0x86,0x48,0x86,0xF7,0x0D,0x01,0x09,0x04,0x31,0x22,
    0x04,0x20,0xC3,0x7E,0xDE,0x60,0x30,0xD7,0xD2,0x5A,0xAD,0x83,0x00,0xFA,0x80,0x1A,
    0x61,0x09,0x22,0xB9,0xEB,0xB2,0x09,0x87,0x76,0x6D,0xF7,0x63,0x6E,0xDF,0x78,0x34,
    0xF6,0x38,0x30,0x4C,0x06,0x0A,0x2B,0x06,0x01,0x04,0x01,0x82,0x37,0x02,0x01,0x0C,
    0x31,0x3E,0x30,0x3C,0xA0,0x0E,0x80,0x0C,0x00,0x4C,0x00,0x65,0x00,0x6E,0x00,0x6F,
    0x00,0x76,0x00,0x6F,0xA1,0x2A,0x80,0x28,0x68,0x74,0x74,0x70,0x73,0x3A,0x2F,0x2F,
    0x77,0x77,0x77,0x2E,0x6D,0x69,0x63,0x72,0x6F,0x73,0x6F,0x66,0x74,0x2E,0x63,0x6F,
    0x6D,0x2F,0x65,0x6E,0x2D,0x75,0x73,0x2F,0x77,0x69,0x6E,0x64,0x6F,0x77,0x73,0x20,
    0x30,0x0D,0x06,0x09,0x2A,0x86,0x48,0x86,0xF7,0x0D,0x01,0x01,0x01,0x05,0x00,0x04,
    0x82,0x01,0x00,0x6B,0x6A,0x12,0x99,0x8E,0x47,0x75,0xA4,0xFC,0x8D,0x40,0x5F,0x1B,
    0xD3,0x17,0x8A,0x83,0xE6,0xC1,0x01,0x78,0xBE,0x88,0x76,0xE4,0x02,0xB7,0xE1,0x2C,
    0xB7,0x89,0x2F,0x56,0xC7,0x54,0x77,0xFC,0xA8,0xF1,0x4C,0x5B,0xA8,0x02,0x0F,0x78,
    0x98,0xC4,0xC0,0xE0,0xB2,0x2D,0xEB,0x77,0xCD,0xE2,0xD5,0x63,0x48,0x0E,0xB6,0x65,
    0x50,0x25,0xCF,0x07,0x90,0xBA,0xB8,0x44,0x62,0xA8,0x53,0xA3,0xD4,0xA5,0x4B,0xEC,
    0xCD,0x3B,0xA0,0xE4,0x3F,0xC2,0x16,0x9B,0xCD,0x78,0x83,0xC1,0xFE,0xD3,0x64,0xE4,
    0x23,0x0D,0xCD,0x8A,0xAA,0x14,0xA3,0x45,0x4E,0xCB,0x6B,0x28,0x34,0xE0,0x34,0x5F,
    0xAA,0x0E,0x5C,0x59,0x41,0xF2,0xE2,0xFD,0x1E,0xF7,0xC8,0xAC,0xF5,0x68,0x5A,0xE3,
    0xB9,0xDC,0xE6,0x05,0xC7,0x66,0x3C,0x6A,0xD5,0x57,0xF4,0xAA,0x55,0xB5,0x29,0xF9,
    0x97,0x55,0x38,0x46,0x6C,0xF9,0x69,0xCC,0x74,0x62,0x34,0x94,0x2C,0xBD,0x76,0x5C,
    0x5B,0xAE,0x17,0x4C,0x3F,0x6B,0xCB,0x07,0xB1,0x7E,0xD4,0x89,0x3A,0x3E,0x0C,0xD2,
    0x1C,0x3F,0xCD,0x5D,0x05,0x1B,0x3A,0x76,0x22,0x82,0xBF,0x20,0xF9,0xC1,0xC4,0xA3,
    0x2E,0x64,0xB3,0x25,0xB0,0x40,0x2C,0x7C,0x2E,0x4E,0x6B,0x4B,0x6F,0xD9,0xC2,0x73,
    0x6F,0xCF,0x99,0xE3,0x92,0x63,0x62,0x9B,0x24,0xC6,0x56,0x96,0x41,0xF2,0x53,0xEE,
    0xC4,0xF1,0x59,0x12,0x21,0x60,0xAA,0x91,0xE1,0xC5,0x9D,0x7B,0x8C,0x6A,0x2D,0xBB,
    0x62,0xC9,0x30,0xCD,0x77,0x7D,0x89,0x00,0xEC,0xD2,0x81,0x2F,0x7A,0x40,0xF6,0x90,
    0x47,0x7C,0x1C,0xA1,0x82,0x17,0x94,0x30,0x82,0x17,0x90,0x06,0x0A,0x2B,0x06,0x01,
    0x04,0x01,0x82,0x37,0x03,0x03,0x01,0x31,0x82,0x17,0x80,0x30,0x82,0x17,0x7C,0x06,
    0x09,0x2A,0x86,0x48,0x86,0xF7,0x0D,0x01,0x07,0x02,0xA0,0x82,0x17,0x6D,0x30,0x82,
    0x17,0x69,0x02,0x01,0x03,0x31,0x0F,0x30,0x0D,0x06,0x09,0x60,0x86,0x48,0x01,0x65,
    0x03,0x04,0x02,0x01,0x05,0x00,0x30,0x82,0x01,0x52,0x06,0x0B,0x2A,0x86,0x48,0x86,
    0xF7,0x0D,0x01,0x09,0x10,0x01,0x04,0xA0,0x82,0x01,0x41,0x04,0x82,0x01,0x3D,0x30,
    0x82,0x01,0x39,0x02,0x01,0x01,0x06,0x0A,0x2B,0x06,0x01,0x04,0x01,0x84,0x59,0x0A,
    0x03,0x01,0x30,0x31,0x30,0x0D,0x06,0x09,0x60,0x86,0x48,0x01,0x65,0x03,0x04,0x02,
    0x01,0x05,0x00,0x04,0x20,0x5F,0x0C,0x34,0x4D,0x03,0x16,0x49,0xD1,0x62,0x83,0x4F,
    0xD7,0x05,0x83,0x71,0x22,0xC4,0x10,0xE6,0xBA,0xB0,0xB2,0x69,0x6F,0x05,0xDE,0x7E,
    0x34,0xF0,0xA5,0xDF,0x0E,0x02,0x06,0x67,0x3F,0x2C,0x02,0x76,0x57,0x18,0x13,0x32,
    0x30,0x32,0x34,0x31,0x32,0x30,0x33,0x30,0x37,0x31,0x33,0x35,0x32,0x2E,0x36,0x30,
    0x37,0x5A,0x30,0x04,0x80,0x02,0x01,0xF4,0xA0,0x81,0xD1,0xA4,0x81,0xCE,0x30,0x81,
    0xCB,0x31,0x0B,0x30,0x09,0x06,0x03,0x55,0x04,0x06,0x13,0x02,0x55,0x53,0x31,0x13,
    0x30,0x11,0x06,0x03,0x55,0x04,0x08,0x13,0x0A,0x57,0x61,0x73,0x68,0x69,0x6E,0x67,
    0x74,0x6F,0x6E,0x31,0x10,0x30,0x0E,0x06,0x03,0x55,0x04,0x07,0x13,0x07,0x52,0x65,
    0x64,0x6D,0x6F,0x6E,0x64,0x31,0x1E,0x30,0x1C,0x06,0x03,0x55,0x04,0x0A,0x13,0x15,
    0x4D,0x69,0x63,0x72,0x6F,0x73,0x6F,0x66,0x74,0x20,0x43,0x6F,0x72,0x70,0x6F,0x72,
    0x61,0x74,0x69,0x6F,0x6E,0x31,0x25,0x30,0x23,0x06,0x03,0x55,0x04,0x0B,0x13,0x1C,
    0x4D,0x69,0x63,0x72,0x6F,0x73,0x6F,0x66,0x74,0x20,0x41,0x6D,0x65,0x72,0x69,0x63,
    0x61,0x20,0x4F,0x70,0x65,0x72,0x61,0x74,0x69,0x6F,0x6E,0x73,0x31,0x27,0x30,0x25,
    0x06,0x03,0x55,0x04,0x0B,0x13,0x1E,0x6E,0x53,0x68,0x69,0x65,0x6C,0x64,0x20,0x54,
    0x53,0x53,0x20,0x45,0x53,0x4E,0x3A,0x38,0x36,0x30,0x33,0x2D,0x30,0x35,0x45,0x30,
    0x2D,0x44,0x39,0x34,0x37,0x31,0x25,0x30,0x23,0x06,0x03,0x55,0x04,0x03,0x13,0x1C,
    0x4D,0x69,0x63,0x72,0x6F,0x73,0x6F,0x66,0x74,0x20,0x54,0x69,0x6D,0x65,0x2D,0x53,
    0x74,0x61,0x6D,0x70,0x20,0x53,0x65,0x72,0x76,0x69,0x63,0x65,0xA0,0x82,0x11,0xEA,
    0x30,0x82,0x07,0x20,0x30,0x82,0x05,0x08,0xA0,0x03,0x02,0x01,0x02,0x02,0x13,0x33,
    0x00,0x00,0x01,0xF1,0xB3,0x45,0xF5,0x27,0xE8,0xC0,0x16,0xD6,0x00,0x01,0x00,0x00,
    0x01,0xF1,0x30,0x0D,0x06,0x09,0x2A,0x86,0x48,0x86,0xF7,0x0D,0x01,0x01,0x0B,0x05,
    0x00,0x30,0x7C,0x31,0x0B,0x30,0x09,0x06,0x03,0x55,0x04,0x06,0x13,0x02,0x55,0x53,
    0x31,0x13,0x30,0x11,0x06,0x03,0x55,0x04,0x08,0x13,0x0A,0x57,0x61,0x73,0x68,0x69,
    0x6E,0x67,0x74,0x6F,0x6E,0x31,0x10,0x30,0x0E,0x06,0x03,0x55,0x04,0x07,0x13,0x07,
    0x52,0x65,0x64,0x6D,0x6F,0x6E,0x64,0x31,0x1E,0x30,0x1C,0x06,0x03,0x55,0x04,0x0A,
    0x13,0x15,0x4D,0x69,0x63,0x72,0x6F,0x73,0x6F,0x66,0x74,0x20,0x43,0x6F,0x72,0x70,
    0x6F,0x72,0x61,0x74,0x69,0x6F,0x6E,0x31,0x26,0x30,0x24,0x06,0x03,0x55,0x04,0x03,
    0x13,0x1D,0x4D,0x69,0x63,0x72,0x6F,0x73,0x6F,0x66,0x74,0x20,0x54,0x69,0x6D,0x65,
    0x2D,0x53,0x74,0x61,0x6D,0x70,0x20,0x50,0x43,0x41,0x20,0x32,0x30,0x31,0x30,0x30,
    0x1E,0x17,0x0D,0x32,0x33,0x31,0x32,0x30,0x36,0x31,0x38,0x34,0x35,0x35,0x35,0x5A,
    0x17,0x0D,0x32,0x35,0x30,0x33,0x30,0x35,0x31,0x38,0x34,0x35,0x35,0x35,0x5A,0x30,
    0x81,0xCB,0x31,0x0B,0x30,0x09,0x06,0x03,0x55,0x04,0x06,0x13,0x02,0x55,0x53,0x31,
    0x13,0x30,0x11,0x06,0x03,0x55,0x04,0x08,0x13,0x0A,0x57,0x61,0x73,0x68,0x69,0x6E,
    0x67,0x74,0x6F,0x6E,0x31,0x10,0x30,0x0E,0x06,0x03,0x55,0x04,0x07,0x13,0x07,0x52,
    0x65,0x64,0x6D,0x6F,0x6E,0x64,0x31,0x1E,0x30,0x1C,0x06,0x03,0x55,0x04,0x0A,0x13,
    0x15,0x4D,0x69,0x63,0x72,0x6F,0x73,0x6F,0x66,0x74,0x20,0x43,0x6F,0x72,0x70,0x6F,
    0x72,0x61,0x74,0x69,0x6F,0x6E,0x31,0x25,0x30,0x23,0x06,0x03,0x55,0x04,0x0B,0x13,
    0x1C,0x4D,0x69,0x63,0x72,0x6F,0x73,0x6F,0x66,0x74,0x20,0x41,0x6D,0x65,0x72,0x69,
    0x63,0x61,0x20,0x4F,0x70,0x65,0x72,0x61,0x74,0x69,0x6F,0x6E,0x73,0x31,0x27,0x30,
    0x25,0x06,0x03,0x55,0x04,0x0B,0x13,0x1E,0x6E,0x53,0x68,0x69,0x65,0x6C,0x64,0x20,
    0x54,0x53,0x53,0x20,0x45,0x53,0x4E,0x3A,0x38,0x36,0x30,0x33,0x2D,0x30,0x35,0x45,
    0x30,0x2D,0x44,0x39,0x34,0x37,0x31,0x25,0x30,0x23,0x06,0x03,0x55,0x04,0x03,0x13,
    0x1C,0x4D,0x69,0x63,0x72,0x6F,0x73,0x6F,0x66,0x74,0x20,0x54,0x69,0x6D,0x65,0x2D,
    0x53,0x74,0x61,0x6D,0x70,0x20,0x53,0x65,0x72,0x76,0x69,0x63,0x65,0x30,0x82,0x02,
    0x22,0x30,0x0D,0x06,0x09,0x2A,0x86,0x48,0x86,0xF7,0x0D,0x01,0x01,0x01,0x05,0x00,
    0x03,0x82,0x02,0x0F,0x00,0x30,0x82,0x02,0x0A,0x02,0x82,0x02,0x01,0x00,0xB1,0xBA,
    0x50,0x99,0xB6,0xD2,0x1F,0xF1,0x7F,0x7B,0xAD,0x6F,0x7F,0x27,0xE4,0x38,0x56,0x0F,
    0x4F,0x8A,0xE8,0x01,0xD7,0x26,0xB5,0xFC,0x34,0x71,0xC4,0xB5,0xB6,0x87,0x0C,0xB8,
    0x42,0x0B,0x54,0xDE,0x3E,0x5F,0x57,0xBE,0x59,0x29,0xAE,0x97,0x4D,0x34,0x21,0x5B,
    0x90,0xA5,0x90,0x69,0x7A,0x82,0x9D,0x67,0x77,0x95,0x41,0xB3,0x1E,0x09,0x6F,0xEA,
    0x14,0xE0,0xFB,0x0C,0x03,0x67,0xE8,0x7B,0xC8,0x0F,0xF5,0xB4,0x0D,0x3D,0x5C,0x48,
    0x1C,0xC2,0x6E,0xE9,0x36,0x1C,0xAE,0xB9,0xF7,0xF4,0x77,0x5D,0x7A,0xDD,0xB1,0x91,
    0xDA,0x94,0x87,0x3C,0xF2,0x49,0x76,0x8F,0x16,0xA1,0x4C,0x93,0x65,0x62,0x7C,0x47,
    0xE3,0xF8,0x74,0x7A,0x26,0x17,0x8D,0xB3,0x62,0xCB,0xCE,0x6F,0x05,0x0C,0x99,0xBE,
    0xA4,0x17,0x5D,0x3C,0x32,0xDA,0x83,0xF4,0x7E,0x00,0xF2,0x16,0x1F,0x27,0xED,0xAB,
    0xD8,0xAD,0xC0,0xCD,0x16,0x3F,0x96,0x74,0x75,0xF4,0x32,0x23,0x85,0xA5,0x55,0xE5,
    0x12,0xFA,0xFA,0x2D,0xB0,0xF6,0xD6,0x9B,0xE4,0x4A,0xB0,0x7E,0x05,0x40,0xD8,0x73,
    0x6F,0x4B,0x7F,0x0F,0x88,0xAE,0xB5,0xC7,0xC2,0x2B,0x7F,0xCB,0x2B,0xEC,0x4B,0x99,
    0x2E,0x9D,0x98,0x08,0x7B,0x00,0xC2,0xAE,0x11,0x49,0x7C,0x8B,0x69,0x1D,0x58,0x10,
    0xD1,0x71,0xCF,0x89,0x59,0xAD,0xB5,0x48,0x27,0x9F,0xC7,0x94,0x8F,0x84,0x91,0x05,
    0x81,0x88,0x5D,0x18,0xF0,0x28,0xA7,0x71,0xB5,0x97,0xC4,0xF7,0xDD,0xCA,0xAB,0x6C,
    0xBB,0x5C,0x14,0x9A,0xB0,0xC3,0x84,0xD0,0x89,0x88,0x82,0x91,0xDC,0xAC,0x09,0xC9,
    0xC8,0x17,0x46,0x6A,0x48,0xD0,0x07,0x71,0xF2,0x3D,0x48,0x0B,0xF7,0x81,0xF9,0x32,
    0xC6,0xA4,0x0D,0x24,0x9D,0xEC,0x4E,0xC8,0x39,0x18,0xF4,0x45,0xF7,0x99,0xAA,0x81,
    0xB7,0xD0,0x6E,0x41,0x67,0x53,0x5E,0xE2,0x61,0xB4,0x48,0x3C,0x9A,0xB0,0x81,0x22,
    0xE1,0xC8,0x1F,0x37,0xDD,0x90,0xE0,0x9B,0x3C,0x5B,0x2A,0x62,0x66,0x74,0x36,0x9B,
    0x6F,0x34,0xB4,0xC8,0x68,0x67,0x80,0x76,0xBA,0xFA,0x0C,0x15,0x68,0xE5,0x2A,0x70,
    0x77,0xFD,0xC3,0xA9,0x30,0xC4,0xCA,0x3E,0x3A,0xA1,0xB7,0x41,0x92,0x1C,0xC1,0xDE,
    0x70,0x1C,0x40,0xAC,0xE6,0xB0,0x09,0x67,0xA3,0xC8,0xC8,0x53,0x3B,0x01,0xDD,0xA1,
    0x45,0x41,0x47,0x45,0x38,0xB7,0xE7,0x72,0x3B,0x57,0x8C,0x44,0x81,0x81,0xAE,0x65,
    0xBE,0xAA,0x17,0x1E,0x8F,0x7F,0x8E,0x22,0xEC,0x08,0xD7,0x6E,0x9B,0x54,0xA2,0x50,
    0xDC,0x57,0x36,0x04,0x76,0x02,0xD0,0x49,0x68,0xAE,0x15,0xA8,0xD2,0xE9,0x78,0x37,
    0x93,0xB0,0xB2,0xF1,0x38,0x8C,0xE4,0x73,0xD4,0x2B,0xD2,0xD9,0x22,0x79,0x68,0x4F,
    0x1B,0x94,0x2D,0x2C,0x49,0x98,0x9E,0xE7,0x4E,0x35,0x23,0x3A,0x3E,0x71,0xC1,0x19,
    0x82,0xEF,0x1D,0x92,0xFE,0x6C,0x6A,0x97,0xC9,0xEF,0x1D,0x20,0x8D,0xD4,0xE1,0x03,
    0xDB,0xFC,0x04,0x08,0xEA,0x2D,0xE8,0xC1,0x1E,0xF5,0xB2,0xF7,0x9F,0x3A,0x0A,0xC0,
    0xEF,0x13,0x36,0x51,0x12,0xB6,0xAE,0x6C,0x71,0xDD,0xB9,0x18,0x0D,0x20,0x31,0x03,
    0xBE,0xA8,0xD5,0xD5,0xFF,0x14,0xC3,0x38,0x14,0xC9,0xF3,0x30,0x5C,0x19,0x02,0x03,
    0x01,0x00,0x01,0xA3,0x82,0x01,0x49,0x30,0x82,0x01,0x45,0x30,0x1D,0x06,0x03,0x55,
    0x1D,0x0E,0x04,0x16,0x04,0x14,0xBC,0xB6,0xC5,0xEE,0x7D,0xB0,0x21,0x34,0x4A,0x3C,
    0x9C,0xA8,0x4E,0x44,0xAD,0xBE,0x18,0xAD,0x2D,0x60,0x30,0x1F,0x06,0x03,0x55,0x1D,
    0x23,0x04,0x18,0x30,0x16,0x80,0x14,0x9F,0xA7,0x15,0x5D,0x00,0x5E,0x62,0x5D,0x83,
    0xF4,0xE5,0xD2,0x65,0xA7,0x1B,0x53,0x35,0x19,0xE9,0x72,0x30,0x5F,0x06,0x03,0x55,
    0x1D,0x1F,0x04,0x58,0x30,0x56,0x30,0x54,0xA0,0x52,0xA0,0x50,0x86,0x4E,0x68,0x74,
    0x74,0x70,0x3A,0x2F,0x2F,0x77,0x77,0x77,0x2E,0x6D,0x69,0x63,0x72,0x6F,0x73,0x6F,
    0x66,0x74,0x2E,0x63,0x6F,0x6D,0x2F,0x70,0x6B,0x69,0x6F,0x70,0x73,0x2F,0x63,0x72,
    0x6C,0x2F,0x4D,0x69,0x63,0x72,0x6F,0x73,0x6F,0x66,0x74,0x25,0x32,0x30,0x54,0x69,
    0x6D,0x65,0x2D,0x53,0x74,0x61,0x6D,0x70,0x25,0x32,0x30,0x50,0x43,0x41,0x25,0x32,
    0x30,0x32,0x30,0x31,0x30,0x28,0x31,0x29,0x2E,0x63,0x72,0x6C,0x30,0x6C,0x06,0x08,
    0x2B,0x06,0x01,0x05,0x05,0x07,0x01,0x01,0x04,0x60,0x30,0x5E,0x30,0x5C,0x06,0x08,
    0x2B,0x06,0x01,0x05,0x05,0x07,0x30,0x02,0x86,0x50,0x68,0x74,0x74,0x70,0x3A,0x2F,
    0x2F,0x77,0x77,0x77,0x2E,0x6D,0x69,0x63,0x72,0x6F,0x73,0x6F,0x66,0x74,0x2E,0x63,
    0x6F,0x6D,0x2F,0x70,0x6B,0x69,0x6F,0x70,0x73,0x2F,0x63,0x65,0x72,0x74,0x73,0x2F,
    0x4D,0x69,0x63,0x72,0x6F,0x73,0x6F,0x66,0x74,0x25,0x32,0x30,0x54,0x69,0x6D,0x65,
    0x2D,0x53,0x74,0x61,0x6D,0x70,0x25,0x32,0x30,0x50,0x43,0x41,0x25,0x32,0x30,0x32,
    0x30,0x31,0x30,0x28,0x31,0x29,0x2E,0x63,0x72,0x74,0x30,0x0C,0x06,0x03,0x55,0x1D,
    0x13,0x01,0x01,0xFF,0x04,0x02,0x30,0x00,0x30,0x16,0x06,0x03,0x55,0x1D,0x25,0x01,
    0x01,0xFF,0x04,0x0C,0x30,0x0A,0x06,0x08,0x2B,0x06,0x01,0x05,0x05,0x07,0x03,0x08,
    0x30,0x0E,0x06,0x03,0x55,0x1D,0x0F,0x01,0x01,0xFF,0x04,0x04,0x03,0x02,0x07,0x80,
    0x30,0x0D,0x06,0x09,0x2A,0x86,0x48,0x86,0xF7,0x0D,0x01,0x01,0x0B,0x05,0x00,0x03,
    0x82,0x02,0x01,0x00,0xE1,0x48,0x48,0xD2,0x04,0x54,0x82,0x6C,0x9C,0xA5,0xDD,0x4F,
    0xD0,0x98,0x53,0x16,0xD9,0xE2,0xCF,0x06,0x49,0xE7,0x96,0xC7,0xC8,0x0F,0xFE,0xE0,
    0x4C,0xCB,0xC0,0x34,0x49,0xE1,0xAB,0x4F,0x08,0xF4,0x71,0xDB,0x6E,0xA8,0xB0,0xA8,
    0x31,0x07,0x4A,0xF0,0x11,0xBC,0xAB,0x4B,0xEE,0x3D,0x33,0x9C,0x80,0x98,0x05,0xB3,
    0x2B,0x55,0x29,0xAF,0x80,0x3C,0x54,0xF2,0x30,0x06,0xA8,0xCC,0xA2,0x2E,0x83,0x3C,
    0xD3,0xBF,0x3C,0x4A,0x8D,0xFE,0x4F,0xA2,0x19,0x57,0xFF,0xD4,0x65,0x12,0x6A,0x06,
    0x5E,0x28,0x33,0x76,0xC2,0x21,0x08,0x05,0x1A,0x8D,0x15,0x4D,0xE4,0x3A,0x47,0x36,
    0x0B,0xFA,0xDD,0x73,0x09,0x45,0xE6,0x9A,0x93,0xE6,0x33,0x8C,0x5C,0x49,0xC5,0x45,
    0x01,0x35,0xE3,0xE5,0x3C,0x7B,0x07,0x2E,0x12,0x85,0x65,0x02,0xED,0x58,0x66,0xEE,
    0x98,0x9C,0x0E,0x25,0x39,0x8A,0x01,0xA3,0xBA,0x2B,0xD1,0x87,0x13,0xEF,0x6E,0x97,
    0xE5,0x6E,0x1F,0xDB,0xB2,0x21,0x39,0xB7,0x1E,0x5C,0xB8,0xE2,0x44,0x25,0x21,0xBE,
    0xB9,0x67,0x2A,0x07,0x24,0x7B,0x4C,0x2E,0x1C,0x1A,0xFB,0x9A,0xBC,0x74,0xA3,0x93,
    0x58,0x91,0x5D,0x3F,0xD0,0x8D,0xA3,0x84,0x78,0x9A,0x0E,0x9D,0xF7,0xAC,0x6C,0xE7,
    0x6F,0x26,0xB2,0x5D,0x6E,0x6F,0xA5,0x79,0x82,0xD1,0x23,0xAE,0xCD,0xDD,0xC7,0x7C,
    0x07,0xFB,0x2E,0x53,0x6D,0x6D,0x45,0xD8,0x30,0x3A,0x74,0xE4,0xDA,0x13,0xAE,0x64,
    0xAB,0x3F,0x90,0xBC,0x1A,0x5F,0xA3,0x6C,0x01,0xB5,0x32,0xF6,0x92,0xAC,0x0E,0x64,
    0xF2,0xA1,0x69,0xC6,0x9B,0x24,0xD6,0x04,0xF8,0x93,0x6F,0x6A,0xE9,0xE6,0x88,0x28,
    0xF1,0x8F,0x21,0x31,0x4D,0x58,0x42,0xCE,0xEB,0x1D,0x1E,0x61,0xAA,0x29,0x44,0xAB,
    0xCF,0x23,0x17,0xEF,0x47,0xF0,0xA7,0x1C,0x6F,0xFD,0x62,0xB2,0x62,0x53,0x1A,0x70,
    0x67,0x44,0xCB,0xFA,0xF1,0x47,0x76,0x97,0x92,0xC5,0x84,0xE6,0x78,0x9D,0x1B,0x65,
    0xE2,0x51,0xEB,0x8B,0xE3,0x75,0x2F,0xC1,0x01,0x83,0xB6,0x84,0xF0,0x4B,0xCF,0x7B,
    0xC0,0x9A,0xF6,0x0C,0xFC,0xB2,0x1D,0x85,0xE0,0x23,0x93,0x61,0xDD,0x4F,0x1D,0xC7,
    0xB5,0xBA,0x02,0xEF,0xBD,0x65,0xB5,0xF9,0xA3,0x92,0xA5,0xDF,0x0D,0x9F,0x01,0x22,
    0x77,0x8C,0xE0,0x0F,0xBF,0x59,0x43,0x18,0xAC,0x26,0xAC,0x8E,0xE2,0x53,0x16,0x33,
    0x30,0x20,0x11,0xE1,0x61,0x52,0x6E,0x34,0x16,0xC8,0x6D,0xCD,0x7B,0x9D,0x02,0xC5,
    0xF9,0x2E,0x80,0xA2,0x97,0x8A,0xCB,0x6C,0x77,0xF0,0x62,0xD1,0x8E,0xA7,0x0F,0x43,
    0x55,0x7D,0xE3,0x5C,0x05,0x7D,0xD2,0xD1,0xBD,0x89,0x16,0xDC,0xAA,0x3B,0x6D,0xDE,
    0xF8,0x56,0xF5,0x3F,0x8B,0xDD,0xF0,0x19,0x94,0xC7,0xAB,0x69,0x67,0xE1,0xED,0xE5,
    0x26,0x3E,0x5B,0x4C,0x53,0xC9,0x44,0x40,0xE3,0x1E,0x96,0x8F,0xF5,0x7A,0x19,0x08,
    0x18,0xEE,0xD8,0x64,0xE1,0xF1,0x52,0xA7,0x8A,0xA6,0x61,0x7D,0x41,0xA5,0xBC,0x2D,
    0x74,0xD3,0xD3,0xDD,0x00,0x1D,0x9E,0x24,0xEA,0x0F,0xAD,0x76,0x96,0x45,0x7C,0x23,
    0x28,0xB7,0x21,0xBE,0x13,0x85,0xEA,0x37,0xA6,0x56,0xB4,0xA1,0x01,0x42,0x21,0x37,
    0xC4,0xBD,0xBB,0x04,0x30,0x82,0x07,0x71,0x30,0x82,0x05,0x59,0xA0,0x03,0x02,0x01,
    0x02,0x02,0x13,0x33,0x00,0x00,0x00,0x15,0xC5,0xE7,0x6B,0x9E,0x02,0x9B,0x49,0x99,
    0x00,0x00,0x00,0x00,0x00,0x15,0x30,0x0D,0x06,0x09,0x2A,0x86,0x48,0x86,0xF7,0x0D,
    0x01,0x01,0x0B,0x05,0x00,0x30,0x81,0x88,0x31,0x0B,0x30,0x09,0x06,0x03,0x55,0x04,
    0x06,0x13,0x02,0x55,0x53,0x31,0x13,0x30,0x11,0x06,0x03,0x55,0x04,0x08,0x13,0x0A,
    0x57,0x61,0x73,0x68,0x69,0x6E,0x67,0x74,0x6F,0x6E,0x31,0x10,0x30,0x0E,0x06,0x03,
    0x55,0x04,0x07,0x13,0x07,0x52,0x65,0x64,0x6D,0x6F,0x6E,0x64,0x31,0x1E,0x30,0x1C,
    0x06,0x03,0x55,0x04,0x0A,0x13,0x15,0x4D,0x69,0x63,0x72,0x6F,0x73,0x6F,0x66,0x74,
    0x20,0x43,0x6F,0x72,0x70,0x6F,0x72,0x61,0x74,0x69,0x6F,0x6E,0x31,0x32,0x30,0x30,
    0x06,0x03,0x55,0x04,0x03,0x13,0x29,0x4D,0x69,0x63,0x72,0x6F,0x73,0x6F,0x66,0x74,
    0x20,0x52,0x6F,0x6F,0x74,0x20,0x43,0x65,0x72,0x74,0x69,0x66,0x69,0x63,0x61,0x74,
    0x65,0x20,0x41,0x75,0x74,0x68,0x6F,0x72,0x69,0x74,0x79,0x20,0x32,0x30,0x31,0x30,
    0x30,0x1E,0x17,0x0D,0x32,0x31,0x30,0x39,0x33,0x30,0x31,0x38,0x32,0x32,0x32,0x35,
    0x5A,0x17,0x0D,0x33,0x30,0x30,0x39,0x33,0x30,0x31,0x38,0x33,0x32,0x32,0x35,0x5A,
    0x30,0x7C,0x31,0x0B,0x30,0x09,0x06,0x03,0x55,0x04,0x06,0x13,0x02,0x55,0x53,0x31,
    0x13,0x30,0x11,0x06,0x03,0x55,0x04,0x08,0x13,0x0A,0x57,0x61,0x73,0x68,0x69,0x6E,
    0x67,0x74,0x6F,0x6E,0x31,0x10,0x30,0x0E,0x06,0x03,0x55,0x04,0x07,0x13,0x07,0x52,
    0x65,0x64,0x6D,0x6F,0x6E,0x64,0x31,0x1E,0x30,0x1C,0x06,0x03,0x55,0x04,0x0A,0x13,
    0x15,0x4D,0x69,0x63,0x72,0x6F,0x73,0x6F,0x66,0x74,0x20,0x43,0x6F,0x72,0x70,0x6F,
    0x72,0x61,0x74,0x69,0x6F,0x6E,0x31,0x26,0x30,0x24,0x06,0x03,0x55,0x04,0x03,0x13,
    0x1D,0x4D,0x69,0x63,0x72,0x6F,0x73,0x6F,0x66,0x74,0x20,0x54,0x69,0x6D,0x65,0x2D,
    0x53,0x74,0x61,0x6D,0x70,0x20,0x50,0x43,0x41,0x20,0x32,0x30,0x31,0x30,0x30,0x82,
    0x02,0x22,0x30,0x0D,0x06,0x09,0x2A,0x86,0x48,0x86,0xF7,0x0D,0x01,0x01,0x01,0x05,
    0x00,0x03,0x82,0x02,0x0F,0x00,0x30,0x82,0x02,0x0A,0x02,0x82,0x02,0x01,0x00,0xE4,
    0xE1,0xA6,0x4C,0xE7,0xB4,0x72,0x21,0x0B,0x79,0xA2,0xCB,0xD7,0x24,0x79,0xBD,0x0E,
    0xD5,0x82,0xD3,0xFD,0xEE,0x9C,0x07,0x07,0xD2,0xA9,0x6C,0x4E,0x75,0xC8,0xCA,0x35,
    0x57,0xF6,0x01,0x7F,0x6C,0x4A,0xE0,0xE2,0xBD,0xB9,0x3E,0x17,0x60,0x33,0xFF,0x5C,
    0x4F,0xC7,0x66,0xF7,0x95,0x53,0x71,0x5A,0xE2,0x7E,0x4A,0x5A,0xFE,0xB8,0x36,0x67,
    0x85,0x46,0x23,0x0C,0xB5,0x8D,0x13,0xCF,0x77,0x32,0xC0,0x10,0x18,0xE8,0x60,0x7D,
    0x6A,0x52,0x83,0x44,0xB7,0xA6,0x8E,0x46,0x6B,0x07,0x14,0xF3,0xC5,0x76,0xF5,0x86,
    0x50,0xDC,0xC1,0x44,0xC8,0x71,0x5C,0x51,0x31,0x37,0xA0,0x0A,0x38,0x6E,0x8D,0xED,
    0xD7,0x0F,0xD8,0x26,0x53,0x7C,0x39,0x61,0x02,0x7A,0xC4,0xAA,0xFD,0x72,0x69,0xAF,
    0x1D,0xAB,0xAC,0xF6,0x36,0xBE,0x35,0x26,0x64,0xDA,0x98,0x3B,0xBA,0x1A,0x7B,0x33,
    0xAD,0x80,0x5B,0x7E,0x8C,0x10,0x1C,0x9D,0x52,0xFE,0xB6,0xE8,0x62,0x25,0xDC,0x6A,
    0x0F,0xCF,0x5D,0xF4,0xFE,0x8E,0x53,0xCF,0xD6,0xEC,0x85,0x56,0x4D,0xEF,0xDD,0xBC,
    0x8D,0xA4,0xE3,0x91,0x8F,0xB2,0x39,0x2C,0x51,0x9C,0xE9,0x70,0x69,0x0D,0xCA,0x36,
    0x2D,0x70,0x8E,0x31,0xC8,0x35,0x28,0xBD,0xE3,0xB4,0x87,0x24,0xC3,0xE0,0xC9,0x8F,
    0x7E,0xB5,0x54,0x8F,0xDC,0xFA,0x05,0x55,0x98,0x6D,0x68,0x3B,0x9A,0x46,0xBD,0xED,
    0xA4,0xAE,0x7A,0x29,0x37,0xAC,0xCB,0xEB,0x83,0x45,0xE7,0x46,0x6E,0xCA,0x32,0xD5,
    0xC0,0x86,0x30,0x5C,0x4F,0x2C,0xE2,0x62,0xB2,0xCD,0xB9,0xE2,0x8D,0x88,0xE4,0x96,
    0xAC,0x01,0x4A,0xBB,0xBE,0x71,0xA9,0x17,0x5B,0x67,0x60,0xDE,0xF8,0x92,0x91,0x1E,
    0x1D,0x3D,0xFD,0x20,0xCF,0x73,0x7D,0x41,0x9A,0x46,0x75,0xCD,0xC4,0x5F,0x34,0xDD,
    0x12,0x89,0xD6,0xFD,0xA5,0x20,0x7D,0x7E,0xFC,0xD9,0x9E,0x45,0xDF,0xB6,0x72,0x2F,
    0xDB,0x7D,0x5F,0x80,0xBA,0xDB,0xAA,0x7E,0x36,0xEC,0x36,0x4C,0xF6,0x2B,0x6E,0xA8,
    0x12,0x51,0xE8,0xBF,0x05,0x03,0xA3,0xD1,0x73,0xA6,0x4D,0x37,0x74,0x94,0x1C,0x34,
    0x82,0x0F,0xF0,0x10,0xF2,0xB7,0x47,0x18,0xED,0xA7,0xE8,0x99,0x7C,0x3F,0x4C,0xDB,
    0xAF,0x5E,0xC2,0xF3,0xD5,0xD8,0x73,0x3D,0x43,0x4E,0xC1,0x33,0x39,0x4C,0x8E,0x02,
    0xBC,0x42,0x68,0x2E,0x10,0xEA,0x84,0x51,0x46,0xE2,0xD1,0xBD,0x6A,0x18,0x5A,0x61,
    0x01,0x73,0xCA,0x67,0xA2,0x5E,0xD7,0x28,0x76,0x02,0xE2,0x33,0x18,0x72,0xD7,0xA7,
    0x20,0xF0,0xC2,0xFA,0x12,0x0A,0xD7,0x63,0x6F,0x0C,0xC9,0x36,0x64,0x8B,0x5B,0xA0,
    0xA6,0x83,0x21,0x5D,0x5F,0x30,0x74,0x91,0x94,0x94,0xD8,0xB9,0x50,0xF9,0x0B,0x89,
    0x61,0xF3,0x36,0x06,0x35,0x18,0x84,0x47,0xDB,0xDC,0x1B,0xD1,0xFD,0xB2,0xD4,0x1C,
    0xC5,0x6B,0xF6,0x5C,0x52,0x51,0x5D,0x12,0xDB,0x25,0xBA,0xAF,0x50,0x05,0x7A,0x6C,
    0xC5,0x11,0x1D,0x72,0xEF,0x8D,0xF9,0x52,0xC4,0x85,0x17,0x93,0xC0,0x3C,0x15,0xDB,
    0x1A,0x37,0xC7,0x08,0x15,0x18,0x3F,0x78,0xAB,0x45,0xB6,0xF5,0x1E,0x87,0x5E,0xDA,
    0x8F,0x9E,0x16,0x72,0x69,0xC6,0xAE,0x7B,0xB7,0xB7,0x3E,0x6A,0xE2,0x2E,0xAD,0x02,
    0x03,0x01,0x00,0x01,0xA3,0x82,0x01,0xDD,0x30,0x82,0x01,0xD9,0x30,0x12,0x06,0x09,
    0x2B,0x06,0x01,0x04,0x01,0x82,0x37,0x15,0x01,0x04,0x05,0x02,0x03,0x01,0x00,0x01,
    0x30,0x23,0x06,0x09,0x2B,0x06,0x01,0x04,0x01,0x82,0x37,0x15,0x02,0x04,0x16,0x04,
    0x14,0x2A,0xA7,0x52,0xFE,0x64,0xC4,0x9A,0xBE,0x82,0x91,0x3C,0x46,0x35,0x29,0xCF,
    0x10,0xFF,0x2F,0x04,0xEE,0x30,0x1D,0x06,0x03,0x55,0x1D,0x0E,0x04,0x16,0x04,0x14,
    0x9F,0xA7,0x15,0x5D,0x00,0x5E,0x62,0x5D,0x83,0xF4,0xE5,0xD2,0x65,0xA7,0x1B,0x53,
    0x35,0x19,0xE9,0x72,0x30,0x5C,0x06,0x03,0x55,0x1D,0x20,0x04,0x55,0x30,0x53,0x30,
    0x51,0x06,0x0C,0x2B,0x06,0x01,0x04,0x01,0x82,0x37,0x4C,0x83,0x7D,0x01,0x01,0x30,
    0x41,0x30,0x3F,0x06,0x08,0x2B,0x06,0x01,0x05,0x05,0x07,0x02,0x01,0x16,0x33,0x68,
    0x74,0x74,0x70,0x3A,0x2F,0x2F,0x77,0x77,0x77,0x2E,0x6D,0x69,0x63,0x72,0x6F,0x73,
    0x6F,0x66,0x74,0x2E,0x63,0x6F,0x6D,0x2F,0x70,0x6B,0x69,0x6F,0x70,0x73,0x2F,0x44,
    0x6F,0x63,0x73,0x2F,0x52,0x65,0x70,0x6F,0x73,0x69,0x74,0x6F,0x72,0x79,0x2E,0x68,
    0x74,0x6D,0x30,0x13,0x06,0x03,0x55,0x1D,0x25,0x04,0x0C,0x30,0x0A,0x06,0x08,0x2B,
    0x06,0x01,0x05,0x05,0x07,0x03,0x08,0x30,0x19,0x06,0x09,0x2B,0x06,0x01,0x04,0x01,
    0x82,0x37,0x14,0x02,0x04,0x0C,0x1E,0x0A,0x00,0x53,0x00,0x75,0x00,0x62,0x00,0x43,
    0x00,0x41,0x30,0x0B,0x06,0x03,0x55,0x1D,0x0F,0x04,0x04,0x03,0x02,0x01,0x86,0x30,
    0x0F,0x06,0x03,0x55,0x1D,0x13,0x01,0x01,0xFF,0x04,0x05,0x30,0x03,0x01,0x01,0xFF,
    0x30,0x1F,0x06,0x03,0x55,0x1D,0x23,0x04,0x18,0x30,0x16,0x80,0x14,0xD5,0xF6,0x56,
    0xCB,0x8F,0xE8,0xA2,0x5C,0x62,0x68,0xD1,0x3D,0x94,0x90,0x5B,0xD7,0xCE,0x9A,0x18,
    0xC4,0x30,0x56,0x06,0x03,0x55,0x1D,0x1F,0x04,0x4F,0x30,0x4D,0x30,0x4B,0xA0,0x49,
    0xA0,0x47,0x86,0x45,0x68,0x74,0x74,0x70,0x3A,0x2F,0x2F,0x63,0x72,0x6C,0x2E,0x6D,
    0x69,0x63,0x72,0x6F,0x73,0x6F,0x66,0x74,0x2E,0x63,0x6F,0x6D,0x2F,0x70,0x6B,0x69,
    0x2F,0x63,0x72,0x6C,0x2F,0x70,0x72,0x6F,0x64,0x75,0x63,0x74,0x73,0x2F,0x4D,0x69,
    0x63,0x52,0x6F,0x6F,0x43,0x65,0x72,0x41,0x75,0x74,0x5F,0x32,0x30,0x31,0x30,0x2D,
    0x30,0x36,0x2D,0x32,0x33,0x2E,0x63,0x72,0x6C,0x30,0x5A,0x06,0x08,0x2B,0x06,0x01,
    0x05,0x05,0x07,0x01,0x01,0x04,0x4E,0x30,0x4C,0x30,0x4A,0x06,0x08,0x2B,0x06,0x01,
    0x05,0x05,0x07,0x30,0x02,0x86,0x3E,0x68,0x74,0x74,0x70,0x3A,0x2F,0x2F,0x77,0x77,
    0x77,0x2E,0x6D,0x69,0x63,0x72,0x6F,0x73,0x6F,0x66,0x74,0x2E,0x63,0x6F,0x6D,0x2F,
    0x70,0x6B,0x69,0x2F,0x63,0x65,0x72,0x74,0x73,0x2F,0x4D,0x69,0x63,0x52,0x6F,0x6F,
    0x43,0x65,0x72,0x41,0x75,0x74,0x5F,0x32,0x30,0x31,0x30,0x2D,0x30,0x36,0x2D,0x32,
    0x33,0x2E,0x63,0x72,0x74,0x30,0x0D,0x06,0x09,0x2A,0x86,0x48,0x86,0xF7,0x0D,0x01,
    0x01,0x0B,0x05,0x00,0x03,0x82,0x02,0x01,0x00,0x9D,0x55,0x7D,0xFC,0x2A,0xAD,0xE1,
    0x2C,0x1F,0x67,0x01,0x31,0x24,0x5B,0xE1,0x9E,0x72,0x4B,0xFC,0xA9,0x6F,0xEA,0x5C,
    0x14,0xB6,0x3E,0x4E,0x47,0x64,0x78,0xB1,0x06,0x93,0x97,0x3D,0x31,0x33,0xB5,0x39,
    0xD7,0xC2,0x71,0x36,0x3F,0xDA,0x64,0x6C,0x7C,0xD0,0x75,0x39,0x6D,0xBB,0x0F,0x31,
    0xE4,0xC2,0x8F,0xFB,0x6C,0xD1,0xA1,0x94,0x18,0x22,0xEE,0xE9,0x66,0x67,0x3A,0x53,
    0x4D,0xDD,0x98,0xBA,0xB6,0x1E,0x78,0xD8,0x36,0x2E,0x9C,0xA9,0x82,0x56,0x00,0x03,
    0xB0,0x05,0xBE,0x89,0xE8,0x69,0xE0,0xBA,0x09,0xEE,0x7B,0xDF,0x6A,0x6F,0xBE,0x29,
    0xCB,0x6E,0xD8,0x3F,0x48,0x75,0x01,0xD9,0x18,0xDE,0x6D,0x82,0x0C,0xF5,0x6D,0x23,
    0x54,0xE4,0x78,0x53,0x75,0x24,0x57,0xB9,0xDD,0x9F,0xF3,0x8E,0x3D,0xC6,0xF3,0x68,
    0xDF,0x65,0xF6,0xA4,0x56,0xAA,0xF7,0x95,0xB6,0x28,0x55,0x27,0xD0,0x24,0xBD,0x40,
    0xA0,0xBF,0x19,0xB6,0x12,0x12,0x11,0x5D,0x3D,0x27,0xE0,0x40,0x96,0x38,0xAC,0xF7,
    0xF9,0x29,0x89,0xC3,0xBC,0x17,0xB0,0x54,0x85,0x42,0xB3,0xFC,0x0C,0x9E,0x8B,0x19,
    0x89,0xE7,0xF0,0x0B,0x6A,0x81,0xC2,0x81,0x19,0x42,0x19,0x52,0x75,0x8A,0x36,0xC2,
    0x1D,0xC3,0x61,0x73,0x2E,0x2C,0x6B,0x7B,0x6E,0x3F,0x2C,0x09,0x78,0x14,0xE9,0x91,
    0xB2,0xA9,0x5B,0xDF,0x49,0xA3,0x74,0x0C,0xBC,0xEC,0x91,0x80,0xD2,0x3D,0xE6,0x4A,
    0x3E,0x66,0x3B,0x4F,0xBB,0x86,0xFA,0x32,0x1A,0xD9,0x96,0xF4,0x8F,0xF6,0x91,0x01,
    0xF6,0xCE,0xC6,0x74,0xFD,0xF6,0x4C,0x72,0x6F,0x10,0xAB,0x75,0x30,0xC5,0x34,0xB0,
    0x7A,0xD8,0x50,0xFE,0x0A,0x58,0xDD,0x40,0x3C,0xC7,0x54,0x6D,0x9D,0x63,0x74,0x48,
    0x2C,0xB1,0x4E,0x47,0x2D,0xC1,0x14,0x04,0x71,0xBF,0x64,0xF9,0x24,0xBE,0x73,0x6D,
    0xCA,0x8E,0x09,0xBD,0xB3,0x01,0x57,0x49,0x54,0x64,0xD9,0x73,0xD7,0x7F,0x1E,0x5B,
    0x44,0x01,0x8E,0x5A,0x19,0x91,0x6B,0x0D,0x9F,0xA4,0x28,0xDC,0x67,0x19,0x28,0x24,
    0xBA,0x38,0x4B,0x9A,0x6E,0xFB,0x21,0x54,0x6B,0x6A,0x45,0x11,0x47,0xA9,0xF1,0xB7,
    0xAE,0xC8,0xE8,0x89,0x5E,0x4F,0x9D,0xD2,0xD0,0x4C,0x76,0xB5,0x57,0x54,0x09,0xB1,
    0x69,0x01,0x44,0x7E,0x7C,0xA1,0x61,0x6C,0x73,0xFE,0x0A,0xBB,0xEC,0x41,0x66,0x3D,
    0x69,0xFD,0xCB,0xC1,0x41,0x49,0x7E,0x7E,0x93,0xBE,0xCB,0xF8,0x3B,0xE4,0xB7,0x15,
    0xBF,0xB4,0xCE,0x3E,0xA5,0x31,0x51,0x84,0xBC,0xBF,0x02,0xC1,0x82,0xA2,0x7B,0x17,
    0x1D,0x15,0x89,0x8D,0x70,0xFE,0xE7,0xB5,0xD0,0x28,0x1A,0x89,0x0B,0x8F,0x36,0xDA,
    0xBA,0x4C,0xF9,0x9B,0xFF,0x0A,0xE9,0x34,0xF8,0x24,0x35,0x67,0x2B,0xE0,0x0D,0xB8,
    0xE6,0x8C,0x99,0xD6,0xE1,0x22,0xEA,0xF0,0x27,0x42,0x3D,0x25,0x94,0xE6,0x74,0x74,
    0x5B,0x6A,0xD1,0x9E,0x3E,0xED,0x7E,0xA0,0x31,0x33,0x7D,0xBC,0xCB,0xE9,0x7B,0xBF,
    0x38,0x70,0x44,0xD1,0x90,0xF1,0xC8,0xAB,0x3A,0x8A,0x3A,0x08,0x62,0x7F,0xD9,0x70,
    0x63,0x53,0x4D,0x8D,0xEE,0x82,0x6D,0xA5,0x05,0x10,0xC1,0x71,0x06,0x6A,0x10,0xB4,
    0x1D,0x55,0x33,0x58,0xB3,0xA1,0x70,0x66,0xF2,0xA1,0x82,0x03,0x4D,0x30,0x82,0x02,
    0x35,0x02,0x01,0x01,0x30,0x81,0xF9,0xA1,0x81,0xD1,0xA4,0x81,0xCE,0x30,0x81,0xCB,
    0x31,0x0B,0x30,0x09,0x06,0x03,0x55,0x04,0x06,0x13,0x02,0x55,0x53,0x31,0x13,0x30,
    0x11,0x06,0x03,0x55,0x04,0x08,0x13,0x0A,0x57,0x61,0x73,0x68,0x69,0x6E,0x67,0x74,
    0x6F,0x6E,0x31,0x10,0x30,0x0E,0x06,0x03,0x55,0x04,0x07,0x13,0x07,0x52,0x65,0x64,
    0x6D,0x6F,0x6E,0x64,0x31,0x1E,0x30,0x1C,0x06,0x03,0x55,0x04,0x0A,0x13,0x15,0x4D,
    0x69,0x63,0x72,0x6F,0x73,0x6F,0x66,0x74,0x20,0x43,0x6F,0x72,0x70,0x6F,0x72,0x61,
    0x74,0x69,0x6F,0x6E,0x31,0x25,0x30,0x23,0x06,0x03,0x55,0x04,0x0B,0x13,0x1C,0x4D,
    0x69,0x63,0x72,0x6F,0x73,0x6F,0x66,0x74,0x20,0x41,0x6D,0x65,0x72,0x69,0x63,0x61,
    0x20,0x4F,0x70,0x65,0x72,0x61,0x74,0x69,0x6F,0x6E,0x73,0x31,0x27,0x30,0x25,0x06,
    0x03,0x55,0x04,0x0B,0x13,0x1E,0x6E,0x53,0x68,0x69,0x65,0x6C,0x64,0x20,0x54,0x53,
    0x53,0x20,0x45,0x53,0x4E,0x3A,0x38,0x36,0x30,0x33,0x2D,0x30,0x35,0x45,0x30,0x2D,
    0x44,0x39,0x34,0x37,0x31,0x25,0x30,0x23,0x06,0x03,0x55,0x04,0x03,0x13,0x1C,0x4D,
    0x69,0x63,0x72,0x6F,0x73,0x6F,0x66,0x74,0x20,0x54,0x69,0x6D,0x65,0x2D,0x53,0x74,
    0x61,0x6D,0x70,0x20,0x53,0x65,0x72,0x76,0x69,0x63,0x65,0xA2,0x23,0x0A,0x01,0x01,
    0x30,0x07,0x06,0x05,0x2B,0x0E,0x03,0x02,0x1A,0x03,0x15,0x00,0xFB,0x9F,0xB0,0x64,
    0xE2,0x0B,0x0C,0xDA,0xD6,0xD4,0xFE,0x2F,0x8C,0xDC,0x1B,0x51,0x9C,0xB8,0xF4,0xF7,
    0xA0,0x81,0x83,0x30,0x81,0x80,0xA4,0x7E,0x30,0x7C,0x31,0x0B,0x30,0x09,0x06,0x03,
    0x55,0x04,0x06,0x13,0x02,0x55,0x53,0x31,0x13,0x30,0x11,0x06,0x03,0x55,0x04,0x08,
    0x13,0x0A,0x57,0x61,0x73,0x68,0x69,0x6E,0x67,0x74,0x6F,0x6E,0x31,0x10,0x30,0x0E,
    0x06,0x03,0x55,0x04,0x07,0x13,0x07,0x52,0x65,0x64,0x6D,0x6F,0x6E,0x64,0x31,0x1E,
    0x30,0x1C,0x06,0x03,0x55,0x04,0x0A,0x13,0x15,0x4D,0x69,0x63,0x72,0x6F,0x73,0x6F,
    0x66,0x74,0x20,0x43,0x6F,0x72,0x70,0x6F,0x72,0x61,0x74,0x69,0x6F,0x6E,0x31,0x26,
    0x30,0x24,0x06,0x03,0x55,0x04,0x03,0x13,0x1D,0x4D,0x69,0x63,0x72,0x6F,0x73,0x6F,
    0x66,0x74,0x20,0x54,0x69,0x6D,0x65,0x2D,0x53,0x74,0x61,0x6D,0x70,0x20,0x50,0x43,
    0x41,0x20,0x32,0x30,0x31,0x30,0x30,0x0D,0x06,0x09,0x2A,0x86,0x48,0x86,0xF7,0x0D,
    0x01,0x01,0x0B,0x05,0x00,0x02,0x05,0x00,0xEA,0xF8,0xD2,0xEF,0x30,0x22,0x18,0x0F,
    0x32,0x30,0x32,0x34,0x31,0x32,0x30,0x33,0x30,0x30,0x34,0x34,0x33,0x31,0x5A,0x18,
    0x0F,0x32,0x30,0x32,0x34,0x31,0x32,0x30,0x34,0x30,0x30,0x34,0x34,0x33,0x31,0x5A,
    0x30,0x74,0x30,0x3A,0x06,0x0A,0x2B,0x06,0x01,0x04,0x01,0x84,0x59,0x0A,0x04,0x01,
    0x31,0x2C,0x30,0x2A,0x30,0x0A,0x02,0x05,0x00,0xEA,0xF8,0xD2,0xEF,0x02,0x01,0x00,
    0x30,0x07,0x02,0x01,0x00,0x02,0x02,0x11,0xE3,0x30,0x07,0x02,0x01,0x00,0x02,0x02,
    0x12,0xEA,0x30,0x0A,0x02,0x05,0x00,0xEA,0xFA,0x24,0x6F,0x02,0x01,0x00,0x30,0x36,
    0x06,0x0A,0x2B,0x06,0x01,0x04,0x01,0x84,0x59,0x0A,0x04,0x02,0x31,0x28,0x30,0x26,
    0x30,0x0C,0x06,0x0A,0x2B,0x06,0x01,0x04,0x01,0x84,0x59,0x0A,0x03,0x02,0xA0,0x0A,
    0x30,0x08,0x02,0x01,0x00,0x02,0x03,0x07,0xA1,0x20,0xA1,0x0A,0x30,0x08,0x02,0x01,
    0x00,0x02,0x03,0x01,0x86,0xA0,0x30,0x0D,0x06,0x09,0x2A,0x86,0x48,0x86,0xF7,0x0D,
    0x01,0x01,0x0B,0x05,0x00,0x03,0x82,0x01,0x01,0x00,0xAB,0xB2,0xA1,0x6D,0x3C,0x20,
    0x2A,0x50,0x81,0x3A,0x96,0x00,0xD6,0xB1,0x37,0xA8,0x04,0xDF,0xDF,0x58,0xF6,0xA4,
    0x9F,0x4D,0x9A,0xBC,0xA6,0x39,0x1F,0xC5,0x0D,0xA8,0x78,0x58,0xFB,0x0A,0x2B,0xE6,
    0x82,0xDE,0x47,0xE7,0x93,0xB9,0xC3,0xED,0x16,0x1B,0x93,0xE9,0xAE,0x9C,0x61,0x39,
    0xD6,0xCE,0xF3,0x77,0x23,0x89,0xF1,0xC7,0x5C,0x38,0xAD,0x47,0x49,0x74,0x3C,0x9E,
    0x52,0x23,0x97,0x81,0xA9,0x26,0x3A,0x70,0x70,0xC6,0xBD,0x55,0xB9,0x6F,0x2E,0x0C,
    0xED,0x34,0x20,0x51,0x12,0x81,0x05,0xB4,0x4D,0x86,0xBD,0x8F,0x23,0x5F,0xAA,0x3D,
    0x6F,0xD4,0xE7,0x9A,0x6B,0x96,0x0E,0xEC,0xC7,0xE5,0x25,0x1E,0x75,0xEF,0x4E,0x5D,
    0xB4,0x0C,0x91,0x03,0x9C,0x1E,0xAB,0x8B,0xAE,0x32,0xD9,0xF4,0xED,0x0D,0x52,0xD9,
    0x80,0x68,0xEC,0x15,0xB0,0x76,0x89,0x28,0x72,0x66,0x01,0xD0,0x9E,0x64,0xEE,0xE4,
    0x36,0x0B,0xF9,0x29,0xA3,0xAA,0x35,0x15,0x9E,0x43,0xE4,0x00,0x3E,0xD3,0xC5,0xEF,
    0xEB,0xAA,0xFE,0x2D,0x75,0x75,0xED,0x38,0xBA,0x55,0x4C,0x9D,0x2B,0x17,0xBB,0x2B,
    0x6A,0x2F,0x39,0x0F,0x4D,0xB8,0x2A,0xE8,0xBE,0xCE,0x34,0x85,0x78,0x18,0x02,0xEE,
    0x02,0x4C,0xF8,0x35,0x56,0x74,0x92,0x27,0xA5,0xEA,0xCA,0x46,0x5C,0xD8,0x6F,0x41,
    0x66,0x5E,0x90,0x93,0x3C,0xCF,0x82,0x08,0x47,0x43,0x2A,0xBF,0x89,0x2A,0xDA,0x05,
    0x49,0xB9,0x32,0x9E,0xF7,0x9B,0x56,0x73,0x04,0x51,0x1A,0xFE,0x21,0xE7,0x41,0xD8,
    0xA5,0x3D,0xCC,0x19,0xB4,0x5D,0x04,0x7C,0x0E,0x6B,0x31,0x82,0x04,0x0D,0x30,0x82,
    0x04,0x09,0x02,0x01,0x01,0x30,0x81,0x93,0x30,0x7C,0x31,0x0B,0x30,0x09,0x06,0x03,
    0x55,0x04,0x06,0x13,0x02,0x55,0x53,0x31,0x13,0x30,0x11,0x06,0x03,0x55,0x04,0x08,
    0x13,0x0A,0x57,0x61,0x73,0x68,0x69,0x6E,0x67,0x74,0x6F,0x6E,0x31,0x10,0x30,0x0E,
    0x06,0x03,0x55,0x04,0x07,0x13,0x07,0x52,0x65,0x64,0x6D,0x6F,0x6E,0x64,0x31,0x1E,
    0x30,0x1C,0x06,0x03,0x55,0x04,0x0A,0x13,0x15,0x4D,0x69,0x63,0x72,0x6F,0x73,0x6F,
    0x66,0x74,0x20,0x43,0x6F,0x72,0x70,0x6F,0x72,0x61,0x74,0x69,0x6F,0x6E,0x31,0x26,
    0x30,0x24,0x06,0x03,0x55,0x04,0x03,0x13,0x1D,0x4D,0x69,0x63,0x72,0x6F,0x73,0x6F,
    0x66,0x74,0x20,0x54,0x69,0x6D,0x65,0x2D,0x53,0x74,0x61,0x6D,0x70,0x20,0x50,0x43,
    0x41,0x20,0x32,0x30,0x31,0x30,0x02,0x13,0x33,0x00,0x00,0x01,0xF1,0xB3,0x45,0xF5,
    0x27,0xE8,0xC0,0x16,0xD6,0x00,0x01,0x00,0x00,0x01,0xF1,0x30,0x0D,0x06,0x09,0x60,
    0x86,0x48,0x01,0x65,0x03,0x04,0x02,0x01,0x05,0x00,0xA0,0x82,0x01,0x4A,0x30,0x1A,
    0x06,0x09,0x2A,0x86,0x48,0x86,0xF7,0x0D,0x01,0x09,0x03,0x31,0x0D,0x06,0x0B,0x2A,
    0x86,0x48,0x86,0xF7,0x0D,0x01,0x09,0x10,0x01,0x04,0x30,0x2F,0x06,0x09,0x2A,0x86,
    0x48,0x86,0xF7,0x0D,0x01,0x09,0x04,0x31,0x22,0x04,0x20,0x28,0xE9,0x03,0xF8,0x79,
    0x3D,0x44,0x7B,0x5D,0xF2,0x58,0xED,0xBA,0x01,0x3A,0x3A,0xD8,0xCE,0xF0,0x50,0xC4,
    0x25,0xC1,0xBF,0x19,0x90,0xE6,0xB7,0x2E,0x91,0xF5,0xCB,0x30,0x81,0xFA,0x06,0x0B,
    0x2A,0x86,0x48,0x86,0xF7,0x0D,0x01,0x09,0x10,0x02,0x2F,0x31,0x81,0xEA,0x30,0x81,
    0xE7,0x30,0x81,0xE4,0x30,0x81,0xBD,0x04,0x20,0xD5,0x77,0xFD,0x3E,0x61,0x4B,0xB8,
    0xA3,0xC1,0xAA,0x38,0xEB,0xA4,0x68,0xB0,0x1E,0xF0,0xC0,0x48,0x9B,0xB7,0x46,0xB5,
    0x3F,0x91,0x2A,0x23,0x01,0x23,0xF6,0x11,0x78,0x30,0x81,0x98,0x30,0x81,0x80,0xA4,
    0x7E,0x30,0x7C,0x31,0x0B,0x30,0x09,0x06,0x03,0x55,0x04,0x06,0x13,0x02,0x55,0x53,
    0x31,0x13,0x30,0x11,0x06,0x03,0x55,0x04,0x08,0x13,0x0A,0x57,0x61,0x73,0x68,0x69,
    0x6E,0x67,0x74,0x6F,0x6E,0x31,0x10,0x30,0x0E,0x06,0x03,0x55,0x04,0x07,0x13,0x07,
    0x52,0x65,0x64,0x6D,0x6F,0x6E,0x64,0x31,0x1E,0x30,0x1C,0x06,0x03,0x55,0x04,0x0A,
    0x13,0x15,0x4D,0x69,0x63,0x72,0x6F,0x73,0x6F,0x66,0x74,0x20,0x43,0x6F,0x72,0x70,
    0x6F,0x72,0x61,0x74,0x69,0x6F,0x6E,0x31,0x26,0x30,0x24,0x06,0x03,0x55,0x04,0x03,
    0x13,0x1D,0x4D,0x69,0x63,0x72,0x6F,0x73,0x6F,0x66,0x74,0x20,0x54,0x69,0x6D,0x65,
    0x2D,0x53,0x74,0x61,0x6D,0x70,0x20,0x50,0x43,0x41,0x20,0x32,0x30,0x31,0x30,0x02,
    0x13,0x33,0x00,0x00,0x01,0xF1,0xB3,0x45,0xF5,0x27,0xE8,0xC0,0x16,0xD6,0x00,0x01,
    0x00,0x00,0x01,0xF1,0x30,0x22,0x04,0x20,0x27,0x8F,0x56,0x0A,0x3C,0x34,0x45,0xEA,
    0x85,0xC2,0x36,0x2B,0xCA,0xB7,0x73,0x90,0xB8,0xC8,0x24,0x4C,0xF5,0xB8,0xF8,0xE1,
    0x73,0x15,0xDA,0x64,0xD1,0x90,0x65,0x2B,0x30,0x0D,0x06,0x09,0x2A,0x86,0x48,0x86,
    0xF7,0x0D,0x01,0x01,0x0B,0x05,0x00,0x04,0x82,0x02,0x00,0x09,0x25,0xFE,0x96,0x23,
    0x3E,0x6A,0xC7,0x15,0x1E,0x62,0x55,0x24,0x3F,0x6A,0x41,0x8B,0x36,0x88,0xA4,0x95,
    0x13,0x62,0x00,0x82,0x8D,0xCF,0xC6,0x58,0x30,0x01,0xCB,0x06,0xF3,0x31,0x58,0x87,
    0x86,0xAB,0xFA,0x53,0xD4,0xAF,0xD3,0xE7,0x90,0x84,0x7B,0xFD,0x16,0x4D,0xBD,0xB1,
    0x7B,0x88,0x81,0xF9,0xE8,0x0E,0xE2,0x09,0x18,0x23,0x02,0x79,0xAF,0x19,0x3B,0xA9,
    0xCA,0x93,0x16,0x89,0x48,0xDB,0x2F,0x72,0xBF,0x73,0x2D,0x7B,0x65,0x52,0xCB,0x45,
    0x30,0x0D,0xA8,0x81,0xE1,0xF6,0x70,0x11,0x26,0x24,0x50,0xA1,0x00,0xFE,0x89,0x8F,
    0x5E,0x35,0x5D,0x84,0x45,0x1E,0x2E,0x3B,0x68,0x66,0x0E,0x7C,0x35,0xEF,0xB0,0x24,
    0xCE,0xD7,0xC5,0x74,0x79,0x8B,0x17,0x47,0x85,0xE1,0x3A,0xD2,0xA3,0x88,0x6F,0x9B,
    0xDD,0x36,0xBB,0xAB,0xD5,0x60,0xA3,0x85,0xDE,0x68,0x33,0x19,0xF1,0x0F,0x77,0x00,
    0x38,0xD3,0xCF,0x9C,0xE7,0x7E,0xEC,0xAA,0x88,0x65,0x57,0xB6,0x32,0x74,0xF4,0x69,
    0x89,0x27,0xE7,0xD2,0x4D,0xF8,0x78,0xD9,0x55,0xDB,0x5A,0x98,0x3A,0x04,0xDB,0x5C,
    0xED,0xB1,0x87,0x7B,0x61,0xBD,0x81,0xFF,0x2F,0x38,0x97,0x9C,0x03,0x3C,0x8B,0x75,
    0x58,0x54,0x32,0x10,0xCB,0x75,0x2F,0xDB,0x9D,0x39,0xD0,0x46,0xED,0x8F,0xED,0x73,
    0x17,0x07,0x64,0x02,0xD7,0x3C,0xA9,0xF9,0x3F,0xC1,0x56,0x58,0x4F,0x9F,0x5C,0xCC,
    0x3D,0xF2,0x6B,0x35,0x70,0xFB,0x73,0x52,0xA8,0xE9,0xB6,0x5B,0x59,0x60,0x1A,0x2D,
    0xCF,0x1D,0x1D,0x1B,0x9B,0x4E,0xC6,0xE5,0x8C,0x3B,0x36,0x7C,0x2A,0xE8,0x70,0xF0,
    0x26,0x45,0x02,0xFF,0x30,0x80,0x90,0x65,0x00,0x14,0x73,0x43,0x68,0xEA,0x85,0xC4,
    0xE4,0xD6,0xF4,0x8B,0xA7,0x8E,0xB0,0x03,0xA6,0x91,0x02,0x26,0x81,0xEC,0xC9,0xC7,
    0x60,0xB1,0x61,0x13,0x67,0x6C,0x55,0x85,0x8E,0x46,0xF6,0x18,0x94,0xC3,0xAC,0xE8,
    0xE4,0x80,0x77,0x47,0xFC,0x34,0xB0,0x04,0x94,0xBB,0x33,0xBC,0xCE,0xA4,0xD0,0x20,
    0x5C,0x20,0x63,0xB7,0x1C,0xAB,0xDF,0x86,0xE7,0x12,0x64,0x48,0xB0,0xBB,0xA8,0x31,
    0xD0,0xA9,0x9D,0x02,0x11,0x6B,0x0C,0xB3,0x36,0xE0,0x7A,0x7A,0xFB,0xDA,0xCE,0x64,
    0xB4,0x0D,0x56,0xBE,0x68,0xE7,0x16,0xE9,0xE9,0x43,0xF2,0x1D,0x64,0xBC,0xCC,0x99,
    0x20,0xC4,0xAD,0xA2,0x7C,0x32,0x19,0x75,0xB7,0x78,0x48,0xA4,0xE2,0x91,0x6A,0x2D,
    0x2F,0xC7,0x6D,0xCE,0xF7,0x1E,0x40,0x74,0x15,0x3A,0x59,0xDE,0xE6,0xDA,0x0C,0x12,
    0x0A,0x53,0x54,0x0A,0xB0,0x44,0x62,0x9F,0x75,0x83,0xE9,0x91,0x25,0x09,0x3B,0x7D,
    0x35,0xDF,0x43,0xD9,0x7F,0x76,0x6E,0x73,0xE4,0x58,0x4C,0x8B,0x3A,0x5D,0xE2,0x3B,
    0xAA,0x93,0xD6,0xC9,0x82,0xFC,0x1C,0x74,0xE8,0xDE,0x9A,0x0F,0x7F,0x73,0x5A,0xC0,
    0x62,0xCC,0xB4,0xBE,0x11,0xA2,0x36,0x22,0x2B,0x9D,0x36,0x07,0x77,0x00,0x2A,0xB7,
    0x6D,0x22,0x3F,0x5A,0x22,0x36,0x79,0x00,0xA0,0x88,0x5A,0xF8,0x62,0x15,0xF6,0xD2,
    0xE6,0xDD,0xBC,0x72,0x2F,0xCF,0xA7,0x6A,0xF7,0x17,0xF6,0x47,0x61,0xB5,0x14,0x99,
    0x3D,0xA1,0x43,0x56,0x27,0x41,0x02,0xD4,0xB2,0xB5,0xD7,0x00,0x00,0x00,0x00,0x00,
};
#define LNV_SYS_SIZE ((DWORD)sizeof(LNV_SYS_DATA))
